EVENT,LOADED_AT
"{
  ""doc_id"": ""01c43046-974f-8527-7bc6-5fed5b818afb"",
  ""system"": ""teiren_cloud"",
  ""t_event_id"": ""ACCOUNT-S505"",
  ""t_user_id"": ""fe29336cd66e0e20c63728e9d736af8b3edf0f2d0a41f4cf932709c11c50d4a4"",
  ""tag_name"": ""teiren_audit"",
  ""tc_act"": ""IAM_LOGIN_SUCCESS"",
  ""tc_deviceProduct"": ""TEIREN_AUDIT"",
  ""tc_deviceVendor"": ""TEIREN"",
  ""tc_msg"": ""IAM 계정 로그인 성공"",
  ""tc_request"": ""/api/account/login_sub_account"",
  ""tc_requestClientApplication"": ""Mozilla/5.0 (Macintosh; Intel Mac OS X 10_15_7) AppleWebKit/537.36 (KHTML, like Gecko) Chrome/152.0.0.0 Safari/537.36"",
  ""tc_src"": ""10.20.10.11"",
  ""tc_suser"": ""dev01@lab.internal"",
  ""teiren_timestamp"": ""2026-10-01T00:47:19.256Z"",
  ""tenancy"": ""c0ffee12a1b24d6e9f0a1234567890ab""
}",2026-09-27 02:16:30.968
"{
  ""doc_id"": ""0176af13-21af-d2fb-e8b6-3d7ec7e1dede"",
  ""system"": ""teiren_cloud"",
  ""t_event_id"": ""ACCOUNT-S801"",
  ""t_user_id"": ""fe29336cd66e0e20c63728e9d736af8b3edf0f2d0a41f4cf932709c11c50d4a4"",
  ""tag_name"": ""teiren_audit"",
  ""tc_act"": ""SESSION_REFRESH"",
  ""tc_deviceProduct"": ""TEIREN_AUDIT"",
  ""tc_deviceVendor"": ""TEIREN"",
  ""tc_msg"": ""세션 재발급 성공"",
  ""tc_request"": ""/api/account/refresh"",
  ""tc_requestClientApplication"": ""Mozilla/5.0 (Macintosh; Intel Mac OS X 10_15_7) AppleWebKit/537.36 (KHTML, like Gecko) Chrome/152.0.0.0 Safari/537.36"",
  ""tc_src"": ""10.20.10.11"",
  ""tc_suser"": ""dev01@lab.internal"",
  ""teiren_timestamp"": ""2026-10-01T00:47:57.256Z"",
  ""tenancy"": ""c0ffee12a1b24d6e9f0a1234567890ab""
}",2026-09-27 02:16:30.968
"{
  ""doc_id"": ""01fe6677-d012-01c2-792a-4003623ab54d"",
  ""system"": ""teiren_cloud"",
  ""t_event_id"": ""DASHBOARD-S301"",
  ""t_user_id"": ""fe29336cd66e0e20c63728e9d736af8b3edf0f2d0a41f4cf932709c11c50d4a4"",
  ""tag_name"": ""teiren_audit"",
  ""tc_act"": ""DASHBOARD_LAYOUT_VIEW_UPDATE"",
  ""tc_deviceProduct"": ""TEIREN_AUDIT"",
  ""tc_deviceVendor"": ""TEIREN"",
  ""tc_msg"": ""대시보드 레이아웃 수정 성공"",
  ""tc_request"": ""/api/dashboard_info/layout"",
  ""tc_requestClientApplication"": ""Mozilla/5.0 (Macintosh; Intel Mac OS X 10_15_7) AppleWebKit/537.36 (KHTML, like Gecko) Chrome/152.0.0.0 Safari/537.36"",
  ""tc_src"": ""10.20.10.11"",
  ""tc_suser"": ""dev01@lab.internal"",
  ""teiren_timestamp"": ""2026-10-01T00:48:47.256Z"",
  ""tenancy"": ""c0ffee12a1b24d6e9f0a1234567890ab""
}",2026-09-27 02:16:30.968
"{
  ""doc_id"": ""017ac93b-0dd1-785f-f723-d1f6e1ead8da"",
  ""system"": ""teiren_cloud"",
  ""t_event_id"": ""ACCOUNT-S505"",
  ""t_user_id"": ""317f64abaa2282480082cb73a793fe857ccb3c4b3e1f0e5df2afb748e05ae9dd"",
  ""tag_name"": ""teiren_audit"",
  ""tc_act"": ""IAM_LOGIN_SUCCESS"",
  ""tc_deviceProduct"": ""TEIREN_AUDIT"",
  ""tc_deviceVendor"": ""TEIREN"",
  ""tc_msg"": ""IAM 계정 로그인 성공"",
  ""tc_request"": ""/api/account/login_sub_account"",
  ""tc_requestClientApplication"": ""Mozilla/5.0 (Macintosh; Intel Mac OS X 10_15_7) AppleWebKit/537.36 (KHTML, like Gecko) Chrome/152.0.0.0 Safari/537.36"",
  ""tc_src"": ""10.20.10.21"",
  ""tc_suser"": ""ops01@lab.internal"",
  ""teiren_timestamp"": ""2026-10-01T01:04:35.590Z"",
  ""tenancy"": ""c0ffee12a1b24d6e9f0a1234567890ab""
}",2026-09-27 02:16:30.968
"{
  ""doc_id"": ""01ee9b8e-75cc-d270-fc36-6d8f75247e60"",
  ""system"": ""teiren_cloud"",
  ""t_event_id"": ""ACCOUNT-S801"",
  ""t_user_id"": ""317f64abaa2282480082cb73a793fe857ccb3c4b3e1f0e5df2afb748e05ae9dd"",
  ""tag_name"": ""teiren_audit"",
  ""tc_act"": ""SESSION_REFRESH"",
  ""tc_deviceProduct"": ""TEIREN_AUDIT"",
  ""tc_deviceVendor"": ""TEIREN"",
  ""tc_msg"": ""세션 재발급 성공"",
  ""tc_request"": ""/api/account/refresh"",
  ""tc_requestClientApplication"": ""Mozilla/5.0 (Macintosh; Intel Mac OS X 10_15_7) AppleWebKit/537.36 (KHTML, like Gecko) Chrome/152.0.0.0 Safari/537.36"",
  ""tc_src"": ""10.20.10.21"",
  ""tc_suser"": ""ops01@lab.internal"",
  ""teiren_timestamp"": ""2026-10-01T01:05:13.590Z"",
  ""tenancy"": ""c0ffee12a1b24d6e9f0a1234567890ab""
}",2026-09-27 02:16:30.968
"{
  ""doc_id"": ""01c683e9-0ee9-068c-e621-b918403c4dd7"",
  ""system"": ""teiren_cloud"",
  ""t_event_id"": ""RESOURCE-S302"",
  ""t_user_id"": ""317f64abaa2282480082cb73a793fe857ccb3c4b3e1f0e5df2afb748e05ae9dd"",
  ""tag_name"": ""teiren_audit"",
  ""tc_act"": ""INTEGRATION_STATUS_UPDATE"",
  ""tc_deviceProduct"": ""TEIREN_AUDIT"",
  ""tc_deviceVendor"": ""TEIREN"",
  ""tc_msg"": ""연동 상태 수정 성공"",
  ""tc_request"": ""/api/resource/collect"",
  ""tc_requestClientApplication"": ""Mozilla/5.0 (Macintosh; Intel Mac OS X 10_15_7) AppleWebKit/537.36 (KHTML, like Gecko) Chrome/152.0.0.0 Safari/537.36"",
  ""tc_src"": ""10.20.10.21"",
  ""tc_suser"": ""ops01@lab.internal"",
  ""teiren_timestamp"": ""2026-10-01T01:06:03.590Z"",
  ""tenancy"": ""c0ffee12a1b24d6e9f0a1234567890ab""
}",2026-09-27 02:16:30.968
"{
  ""doc_id"": ""01e823d1-2100-1b96-eeba-eb1c4187e54d"",
  ""system"": ""teiren_cloud"",
  ""t_event_id"": ""ACCOUNT-S505"",
  ""t_user_id"": ""317f64abaa2282480082cb73a793fe857ccb3c4b3e1f0e5df2afb748e05ae9dd"",
  ""tag_name"": ""teiren_audit"",
  ""tc_act"": ""IAM_LOGIN_SUCCESS"",
  ""tc_deviceProduct"": ""TEIREN_AUDIT"",
  ""tc_deviceVendor"": ""TEIREN"",
  ""tc_msg"": ""IAM 계정 로그인 성공"",
  ""tc_request"": ""/api/account/login_sub_account"",
  ""tc_requestClientApplication"": ""Mozilla/5.0 (Macintosh; Intel Mac OS X 10_15_7) AppleWebKit/537.36 (KHTML, like Gecko) Chrome/152.0.0.0 Safari/537.36"",
  ""tc_src"": ""10.20.10.21"",
  ""tc_suser"": ""ops01@lab.internal"",
  ""teiren_timestamp"": ""2026-10-01T03:41:10.735Z"",
  ""tenancy"": ""c0ffee12a1b24d6e9f0a1234567890ab""
}",2026-09-27 02:16:30.968
"{
  ""doc_id"": ""016e0522-38fd-d9a8-c009-223a34945183"",
  ""system"": ""teiren_cloud"",
  ""t_event_id"": ""ACCOUNT-S801"",
  ""t_user_id"": ""317f64abaa2282480082cb73a793fe857ccb3c4b3e1f0e5df2afb748e05ae9dd"",
  ""tag_name"": ""teiren_audit"",
  ""tc_act"": ""SESSION_REFRESH"",
  ""tc_deviceProduct"": ""TEIREN_AUDIT"",
  ""tc_deviceVendor"": ""TEIREN"",
  ""tc_msg"": ""세션 재발급 성공"",
  ""tc_request"": ""/api/account/refresh"",
  ""tc_requestClientApplication"": ""Mozilla/5.0 (Macintosh; Intel Mac OS X 10_15_7) AppleWebKit/537.36 (KHTML, like Gecko) Chrome/152.0.0.0 Safari/537.36"",
  ""tc_src"": ""10.20.10.21"",
  ""tc_suser"": ""ops01@lab.internal"",
  ""teiren_timestamp"": ""2026-10-01T03:41:48.735Z"",
  ""tenancy"": ""c0ffee12a1b24d6e9f0a1234567890ab""
}",2026-09-27 02:16:30.968
"{
  ""doc_id"": ""01d660ac-d3ac-b94b-9854-e6860dbf8ddd"",
  ""system"": ""teiren_cloud"",
  ""t_event_id"": ""RESOURCE-S302"",
  ""t_user_id"": ""317f64abaa2282480082cb73a793fe857ccb3c4b3e1f0e5df2afb748e05ae9dd"",
  ""tag_name"": ""teiren_audit"",
  ""tc_act"": ""INTEGRATION_STATUS_UPDATE"",
  ""tc_deviceProduct"": ""TEIREN_AUDIT"",
  ""tc_deviceVendor"": ""TEIREN"",
  ""tc_msg"": ""연동 상태 수정 성공"",
  ""tc_request"": ""/api/resource/collect"",
  ""tc_requestClientApplication"": ""Mozilla/5.0 (Macintosh; Intel Mac OS X 10_15_7) AppleWebKit/537.36 (KHTML, like Gecko) Chrome/152.0.0.0 Safari/537.36"",
  ""tc_src"": ""10.20.10.21"",
  ""tc_suser"": ""ops01@lab.internal"",
  ""teiren_timestamp"": ""2026-10-01T03:42:38.735Z"",
  ""tenancy"": ""c0ffee12a1b24d6e9f0a1234567890ab""
}",2026-09-27 02:16:30.968
"{
  ""doc_id"": ""0139fb9a-802c-dcb5-862a-d4e4d37ba5a4"",
  ""system"": ""teiren_cloud"",
  ""t_event_id"": ""ACCOUNT-S505"",
  ""t_user_id"": ""56a0f04a707318bc9f9edb47119ad8f4d863143a8a26e0cf4f692d612eb9817a"",
  ""tag_name"": ""teiren_audit"",
  ""tc_act"": ""IAM_LOGIN_SUCCESS"",
  ""tc_deviceProduct"": ""TEIREN_AUDIT"",
  ""tc_deviceVendor"": ""TEIREN"",
  ""tc_msg"": ""IAM 계정 로그인 성공"",
  ""tc_request"": ""/api/account/login_sub_account"",
  ""tc_requestClientApplication"": ""Mozilla/5.0 (Macintosh; Intel Mac OS X 10_15_7) AppleWebKit/537.36 (KHTML, like Gecko) Chrome/152.0.0.0 Safari/537.36"",
  ""tc_src"": ""10.20.10.12"",
  ""tc_suser"": ""dev02@lab.internal"",
  ""teiren_timestamp"": ""2026-10-01T05:01:13.286Z"",
  ""tenancy"": ""c0ffee12a1b24d6e9f0a1234567890ab""
}",2026-09-27 02:16:30.968
"{
  ""doc_id"": ""017daa85-8b59-88fe-f1ef-4957ec526161"",
  ""system"": ""teiren_cloud"",
  ""t_event_id"": ""ACCOUNT-S801"",
  ""t_user_id"": ""56a0f04a707318bc9f9edb47119ad8f4d863143a8a26e0cf4f692d612eb9817a"",
  ""tag_name"": ""teiren_audit"",
  ""tc_act"": ""SESSION_REFRESH"",
  ""tc_deviceProduct"": ""TEIREN_AUDIT"",
  ""tc_deviceVendor"": ""TEIREN"",
  ""tc_msg"": ""세션 재발급 성공"",
  ""tc_request"": ""/api/account/refresh"",
  ""tc_requestClientApplication"": ""Mozilla/5.0 (Macintosh; Intel Mac OS X 10_15_7) AppleWebKit/537.36 (KHTML, like Gecko) Chrome/152.0.0.0 Safari/537.36"",
  ""tc_src"": ""10.20.10.12"",
  ""tc_suser"": ""dev02@lab.internal"",
  ""teiren_timestamp"": ""2026-10-01T05:01:51.286Z"",
  ""tenancy"": ""c0ffee12a1b24d6e9f0a1234567890ab""
}",2026-09-27 02:16:30.968
"{
  ""doc_id"": ""01bffc08-75e2-b6d0-89d2-3803561b17e9"",
  ""system"": ""teiren_cloud"",
  ""t_event_id"": ""DASHBOARD-S301"",
  ""t_user_id"": ""56a0f04a707318bc9f9edb47119ad8f4d863143a8a26e0cf4f692d612eb9817a"",
  ""tag_name"": ""teiren_audit"",
  ""tc_act"": ""DASHBOARD_LAYOUT_VIEW_UPDATE"",
  ""tc_deviceProduct"": ""TEIREN_AUDIT"",
  ""tc_deviceVendor"": ""TEIREN"",
  ""tc_msg"": ""대시보드 레이아웃 수정 성공"",
  ""tc_request"": ""/api/dashboard_info/layout"",
  ""tc_requestClientApplication"": ""Mozilla/5.0 (Macintosh; Intel Mac OS X 10_15_7) AppleWebKit/537.36 (KHTML, like Gecko) Chrome/152.0.0.0 Safari/537.36"",
  ""tc_src"": ""10.20.10.12"",
  ""tc_suser"": ""dev02@lab.internal"",
  ""teiren_timestamp"": ""2026-10-01T05:02:41.286Z"",
  ""tenancy"": ""c0ffee12a1b24d6e9f0a1234567890ab""
}",2026-09-27 02:16:30.968
"{
  ""doc_id"": ""017a22fd-bf29-c924-2461-fc175d0a71aa"",
  ""system"": ""teiren_cloud"",
  ""t_event_id"": ""ACCOUNT-S505"",
  ""t_user_id"": ""cf8ee8443091707b132a3d3be976b80f68a97126916762537a335e5a0bd02a4b"",
  ""tag_name"": ""teiren_audit"",
  ""tc_act"": ""IAM_LOGIN_SUCCESS"",
  ""tc_deviceProduct"": ""TEIREN_AUDIT"",
  ""tc_deviceVendor"": ""TEIREN"",
  ""tc_msg"": ""IAM 계정 로그인 성공"",
  ""tc_request"": ""/api/account/login_sub_account"",
  ""tc_requestClientApplication"": ""Mozilla/5.0 (Macintosh; Intel Mac OS X 10_15_7) AppleWebKit/537.36 (KHTML, like Gecko) Chrome/152.0.0.0 Safari/537.36"",
  ""tc_src"": ""10.20.10.22"",
  ""tc_suser"": ""ops02@lab.internal"",
  ""teiren_timestamp"": ""2026-10-01T05:42:19.695Z"",
  ""tenancy"": ""c0ffee12a1b24d6e9f0a1234567890ab""
}",2026-09-27 02:16:30.968
"{
  ""doc_id"": ""01ec9fd1-101b-2661-2e52-28bb22e485d9"",
  ""system"": ""teiren_cloud"",
  ""t_event_id"": ""ACCOUNT-S801"",
  ""t_user_id"": ""cf8ee8443091707b132a3d3be976b80f68a97126916762537a335e5a0bd02a4b"",
  ""tag_name"": ""teiren_audit"",
  ""tc_act"": ""SESSION_REFRESH"",
  ""tc_deviceProduct"": ""TEIREN_AUDIT"",
  ""tc_deviceVendor"": ""TEIREN"",
  ""tc_msg"": ""세션 재발급 성공"",
  ""tc_request"": ""/api/account/refresh"",
  ""tc_requestClientApplication"": ""Mozilla/5.0 (Macintosh; Intel Mac OS X 10_15_7) AppleWebKit/537.36 (KHTML, like Gecko) Chrome/152.0.0.0 Safari/537.36"",
  ""tc_src"": ""10.20.10.22"",
  ""tc_suser"": ""ops02@lab.internal"",
  ""teiren_timestamp"": ""2026-10-01T05:42:57.695Z"",
  ""tenancy"": ""c0ffee12a1b24d6e9f0a1234567890ab""
}",2026-09-27 02:16:30.968
"{
  ""doc_id"": ""01eb44d3-2a74-a951-6fde-4ea68c12985c"",
  ""system"": ""teiren_cloud"",
  ""t_event_id"": ""RESOURCE-S302"",
  ""t_user_id"": ""cf8ee8443091707b132a3d3be976b80f68a97126916762537a335e5a0bd02a4b"",
  ""tag_name"": ""teiren_audit"",
  ""tc_act"": ""INTEGRATION_STATUS_UPDATE"",
  ""tc_deviceProduct"": ""TEIREN_AUDIT"",
  ""tc_deviceVendor"": ""TEIREN"",
  ""tc_msg"": ""연동 상태 수정 성공"",
  ""tc_request"": ""/api/resource/collect"",
  ""tc_requestClientApplication"": ""Mozilla/5.0 (Macintosh; Intel Mac OS X 10_15_7) AppleWebKit/537.36 (KHTML, like Gecko) Chrome/152.0.0.0 Safari/537.36"",
  ""tc_src"": ""10.20.10.22"",
  ""tc_suser"": ""ops02@lab.internal"",
  ""teiren_timestamp"": ""2026-10-01T05:43:47.695Z"",
  ""tenancy"": ""c0ffee12a1b24d6e9f0a1234567890ab""
}",2026-09-27 02:16:30.968
"{
  ""doc_id"": ""012f450a-6744-1f98-c881-28249daab647"",
  ""system"": ""teiren_cloud"",
  ""t_event_id"": ""ACCOUNT-S505"",
  ""t_user_id"": ""e4afab0fb14e16dc0d365415df887786ddc2a78cfa31e91ecd965540042f03ad"",
  ""tag_name"": ""teiren_audit"",
  ""tc_act"": ""IAM_LOGIN_SUCCESS"",
  ""tc_deviceProduct"": ""TEIREN_AUDIT"",
  ""tc_deviceVendor"": ""TEIREN"",
  ""tc_msg"": ""IAM 계정 로그인 성공"",
  ""tc_request"": ""/api/account/login_sub_account"",
  ""tc_requestClientApplication"": ""Mozilla/5.0 (Macintosh; Intel Mac OS X 10_15_7) AppleWebKit/537.36 (KHTML, like Gecko) Chrome/152.0.0.0 Safari/537.36"",
  ""tc_src"": ""10.20.10.61"",
  ""tc_suser"": ""intern01@lab.internal"",
  ""teiren_timestamp"": ""2026-10-01T06:47:00.835Z"",
  ""tenancy"": ""c0ffee12a1b24d6e9f0a1234567890ab""
}",2026-09-27 02:16:30.968
"{
  ""doc_id"": ""01750332-7655-57b2-bf80-00b35edd4c3f"",
  ""system"": ""teiren_cloud"",
  ""t_event_id"": ""ACCOUNT-S801"",
  ""t_user_id"": ""e4afab0fb14e16dc0d365415df887786ddc2a78cfa31e91ecd965540042f03ad"",
  ""tag_name"": ""teiren_audit"",
  ""tc_act"": ""SESSION_REFRESH"",
  ""tc_deviceProduct"": ""TEIREN_AUDIT"",
  ""tc_deviceVendor"": ""TEIREN"",
  ""tc_msg"": ""세션 재발급 성공"",
  ""tc_request"": ""/api/account/refresh"",
  ""tc_requestClientApplication"": ""Mozilla/5.0 (Macintosh; Intel Mac OS X 10_15_7) AppleWebKit/537.36 (KHTML, like Gecko) Chrome/152.0.0.0 Safari/537.36"",
  ""tc_src"": ""10.20.10.61"",
  ""tc_suser"": ""intern01@lab.internal"",
  ""teiren_timestamp"": ""2026-10-01T06:47:38.835Z"",
  ""tenancy"": ""c0ffee12a1b24d6e9f0a1234567890ab""
}",2026-09-27 02:16:30.968
"{
  ""doc_id"": ""01ab1684-13eb-b7af-df44-0394333f4339"",
  ""system"": ""teiren_cloud"",
  ""t_event_id"": ""LOG-S301"",
  ""t_user_id"": ""e4afab0fb14e16dc0d365415df887786ddc2a78cfa31e91ecd965540042f03ad"",
  ""tag_name"": ""teiren_audit"",
  ""tc_act"": ""LOG_COLUMN_VIEW_UPDATE"",
  ""tc_deviceProduct"": ""TEIREN_AUDIT"",
  ""tc_deviceVendor"": ""TEIREN"",
  ""tc_msg"": ""로그 컬럼 보기 수정 성공"",
  ""tc_request"": ""/api/logs/column"",
  ""tc_requestClientApplication"": ""Mozilla/5.0 (Macintosh; Intel Mac OS X 10_15_7) AppleWebKit/537.36 (KHTML, like Gecko) Chrome/152.0.0.0 Safari/537.36"",
  ""tc_src"": ""10.20.10.61"",
  ""tc_suser"": ""intern01@lab.internal"",
  ""teiren_timestamp"": ""2026-10-01T06:48:28.835Z"",
  ""tenancy"": ""c0ffee12a1b24d6e9f0a1234567890ab""
}",2026-09-27 02:16:30.968
"{
  ""doc_id"": ""015d501d-98b0-b5f2-0d66-52eec1810fa0"",
  ""system"": ""teiren_cloud"",
  ""t_event_id"": ""ACCOUNT-S501"",
  ""t_user_id"": ""3fddc8f2cea3f9ec4c966cc6b114d23338e20b90ef0b0c2e2373049ff18193d9"",
  ""tag_name"": ""teiren_audit"",
  ""tc_act"": ""ROOT_LOGIN_NO_MFA"",
  ""tc_deviceProduct"": ""TEIREN_AUDIT"",
  ""tc_deviceVendor"": ""TEIREN"",
  ""tc_msg"": ""Root 계정 로그인 성공"",
  ""tc_request"": ""/api/account/login_root"",
  ""tc_requestClientApplication"": ""Mozilla/5.0 (Macintosh; Intel Mac OS X 10_15_7) AppleWebKit/537.36 (KHTML, like Gecko) Chrome/152.0.0.0 Safari/537.36"",
  ""tc_src"": ""10.20.10.71"",
  ""tc_suser"": ""admin01@lab.internal"",
  ""teiren_timestamp"": ""2026-10-01T07:14:35.615Z"",
  ""tenancy"": ""c0ffee12a1b24d6e9f0a1234567890ab""
}",2026-09-27 02:16:30.968
"{
  ""doc_id"": ""011fb2c6-84cd-898f-4199-d2023120008e"",
  ""system"": ""teiren_cloud"",
  ""t_event_id"": ""ACCOUNT-S801"",
  ""t_user_id"": ""3fddc8f2cea3f9ec4c966cc6b114d23338e20b90ef0b0c2e2373049ff18193d9"",
  ""tag_name"": ""teiren_audit"",
  ""tc_act"": ""SESSION_REFRESH"",
  ""tc_deviceProduct"": ""TEIREN_AUDIT"",
  ""tc_deviceVendor"": ""TEIREN"",
  ""tc_msg"": ""세션 재발급 성공"",
  ""tc_request"": ""/api/account/refresh"",
  ""tc_requestClientApplication"": ""Mozilla/5.0 (Macintosh; Intel Mac OS X 10_15_7) AppleWebKit/537.36 (KHTML, like Gecko) Chrome/152.0.0.0 Safari/537.36"",
  ""tc_src"": ""10.20.10.71"",
  ""tc_suser"": ""admin01@lab.internal"",
  ""teiren_timestamp"": ""2026-10-01T07:15:13.615Z"",
  ""tenancy"": ""c0ffee12a1b24d6e9f0a1234567890ab""
}",2026-09-27 02:16:30.968
"{
  ""doc_id"": ""01bd2699-d465-fbad-4de7-0e7cad3769a1"",
  ""system"": ""teiren_cloud"",
  ""t_event_id"": ""DASHBOARD-S301"",
  ""t_user_id"": ""3fddc8f2cea3f9ec4c966cc6b114d23338e20b90ef0b0c2e2373049ff18193d9"",
  ""tag_name"": ""teiren_audit"",
  ""tc_act"": ""DASHBOARD_LAYOUT_VIEW_UPDATE"",
  ""tc_deviceProduct"": ""TEIREN_AUDIT"",
  ""tc_deviceVendor"": ""TEIREN"",
  ""tc_msg"": ""대시보드 레이아웃 수정 성공"",
  ""tc_request"": ""/api/dashboard_info/layout"",
  ""tc_requestClientApplication"": ""Mozilla/5.0 (Macintosh; Intel Mac OS X 10_15_7) AppleWebKit/537.36 (KHTML, like Gecko) Chrome/152.0.0.0 Safari/537.36"",
  ""tc_src"": ""10.20.10.71"",
  ""tc_suser"": ""admin01@lab.internal"",
  ""teiren_timestamp"": ""2026-10-01T07:16:03.615Z"",
  ""tenancy"": ""c0ffee12a1b24d6e9f0a1234567890ab""
}",2026-09-27 02:16:30.968
"{
  ""doc_id"": ""0139b77f-6396-2f4d-4c0e-8a3772aecd5f"",
  ""system"": ""teiren_cloud"",
  ""t_event_id"": ""ACCOUNT-S505"",
  ""t_user_id"": ""98fdf34aeba0149327f7715ae84d8f2c464efdcafdf00d4dccc8fbaed8748ee1"",
  ""tag_name"": ""teiren_audit"",
  ""tc_act"": ""IAM_LOGIN_SUCCESS"",
  ""tc_deviceProduct"": ""TEIREN_AUDIT"",
  ""tc_deviceVendor"": ""TEIREN"",
  ""tc_msg"": ""IAM 계정 로그인 성공"",
  ""tc_request"": ""/api/account/login_sub_account"",
  ""tc_requestClientApplication"": ""Mozilla/5.0 (Macintosh; Intel Mac OS X 10_15_7) AppleWebKit/537.36 (KHTML, like Gecko) Chrome/152.0.0.0 Safari/537.36"",
  ""tc_src"": ""10.20.10.51"",
  ""tc_suser"": ""analyst01@lab.internal"",
  ""teiren_timestamp"": ""2026-10-01T07:21:46.117Z"",
  ""tenancy"": ""c0ffee12a1b24d6e9f0a1234567890ab""
}",2026-09-27 02:16:30.968
"{
  ""doc_id"": ""01f020c5-7e8a-e503-4f1d-5f73cb1b0147"",
  ""system"": ""teiren_cloud"",
  ""t_event_id"": ""ACCOUNT-S801"",
  ""t_user_id"": ""98fdf34aeba0149327f7715ae84d8f2c464efdcafdf00d4dccc8fbaed8748ee1"",
  ""tag_name"": ""teiren_audit"",
  ""tc_act"": ""SESSION_REFRESH"",
  ""tc_deviceProduct"": ""TEIREN_AUDIT"",
  ""tc_deviceVendor"": ""TEIREN"",
  ""tc_msg"": ""세션 재발급 성공"",
  ""tc_request"": ""/api/account/refresh"",
  ""tc_requestClientApplication"": ""Mozilla/5.0 (Macintosh; Intel Mac OS X 10_15_7) AppleWebKit/537.36 (KHTML, like Gecko) Chrome/152.0.0.0 Safari/537.36"",
  ""tc_src"": ""10.20.10.51"",
  ""tc_suser"": ""analyst01@lab.internal"",
  ""teiren_timestamp"": ""2026-10-01T07:22:24.117Z"",
  ""tenancy"": ""c0ffee12a1b24d6e9f0a1234567890ab""
}",2026-09-27 02:16:30.968
"{
  ""doc_id"": ""011b44c1-9ec1-6752-fc2a-186daec0a949"",
  ""system"": ""teiren_cloud"",
  ""t_event_id"": ""LOG-S301"",
  ""t_user_id"": ""98fdf34aeba0149327f7715ae84d8f2c464efdcafdf00d4dccc8fbaed8748ee1"",
  ""tag_name"": ""teiren_audit"",
  ""tc_act"": ""LOG_COLUMN_VIEW_UPDATE"",
  ""tc_deviceProduct"": ""TEIREN_AUDIT"",
  ""tc_deviceVendor"": ""TEIREN"",
  ""tc_msg"": ""로그 컬럼 보기 수정 성공"",
  ""tc_request"": ""/api/logs/column"",
  ""tc_requestClientApplication"": ""Mozilla/5.0 (Macintosh; Intel Mac OS X 10_15_7) AppleWebKit/537.36 (KHTML, like Gecko) Chrome/152.0.0.0 Safari/537.36"",
  ""tc_src"": ""10.20.10.51"",
  ""tc_suser"": ""analyst01@lab.internal"",
  ""teiren_timestamp"": ""2026-10-01T07:23:14.117Z"",
  ""tenancy"": ""c0ffee12a1b24d6e9f0a1234567890ab""
}",2026-09-27 02:16:30.968
"{
  ""doc_id"": ""011ac286-d514-219a-86d0-edb358f02c9c"",
  ""system"": ""teiren_cloud"",
  ""t_event_id"": ""ACCOUNT-S505"",
  ""t_user_id"": ""fb850da41982d343a8e8587be9997a2a3b7997720fd50bd9bb01e5ff8930cc79"",
  ""tag_name"": ""teiren_audit"",
  ""tc_act"": ""IAM_LOGIN_SUCCESS"",
  ""tc_deviceProduct"": ""TEIREN_AUDIT"",
  ""tc_deviceVendor"": ""TEIREN"",
  ""tc_msg"": ""IAM 계정 로그인 성공"",
  ""tc_request"": ""/api/account/login_sub_account"",
  ""tc_requestClientApplication"": ""Mozilla/5.0 (Macintosh; Intel Mac OS X 10_15_7) AppleWebKit/537.36 (KHTML, like Gecko) Chrome/152.0.0.0 Safari/537.36"",
  ""tc_src"": ""10.20.10.81"",
  ""tc_suser"": ""web01@lab.internal"",
  ""teiren_timestamp"": ""2026-10-01T07:48:20.417Z"",
  ""tenancy"": ""c0ffee12a1b24d6e9f0a1234567890ab""
}",2026-09-27 02:16:30.968
"{
  ""doc_id"": ""012aac8d-a5f8-9709-e3e6-ac57f57c905f"",
  ""system"": ""teiren_cloud"",
  ""t_event_id"": ""ACCOUNT-S801"",
  ""t_user_id"": ""fb850da41982d343a8e8587be9997a2a3b7997720fd50bd9bb01e5ff8930cc79"",
  ""tag_name"": ""teiren_audit"",
  ""tc_act"": ""SESSION_REFRESH"",
  ""tc_deviceProduct"": ""TEIREN_AUDIT"",
  ""tc_deviceVendor"": ""TEIREN"",
  ""tc_msg"": ""세션 재발급 성공"",
  ""tc_request"": ""/api/account/refresh"",
  ""tc_requestClientApplication"": ""Mozilla/5.0 (Macintosh; Intel Mac OS X 10_15_7) AppleWebKit/537.36 (KHTML, like Gecko) Chrome/152.0.0.0 Safari/537.36"",
  ""tc_src"": ""10.20.10.81"",
  ""tc_suser"": ""web01@lab.internal"",
  ""teiren_timestamp"": ""2026-10-01T07:48:58.417Z"",
  ""tenancy"": ""c0ffee12a1b24d6e9f0a1234567890ab""
}",2026-09-27 02:16:30.968
"{
  ""doc_id"": ""0110dc64-d90b-0fea-7154-e75b24e94c22"",
  ""system"": ""teiren_cloud"",
  ""t_event_id"": ""DASHBOARD-S301"",
  ""t_user_id"": ""fb850da41982d343a8e8587be9997a2a3b7997720fd50bd9bb01e5ff8930cc79"",
  ""tag_name"": ""teiren_audit"",
  ""tc_act"": ""DASHBOARD_LAYOUT_VIEW_UPDATE"",
  ""tc_deviceProduct"": ""TEIREN_AUDIT"",
  ""tc_deviceVendor"": ""TEIREN"",
  ""tc_msg"": ""대시보드 레이아웃 수정 성공"",
  ""tc_request"": ""/api/dashboard_info/layout"",
  ""tc_requestClientApplication"": ""Mozilla/5.0 (Macintosh; Intel Mac OS X 10_15_7) AppleWebKit/537.36 (KHTML, like Gecko) Chrome/152.0.0.0 Safari/537.36"",
  ""tc_src"": ""10.20.10.81"",
  ""tc_suser"": ""web01@lab.internal"",
  ""teiren_timestamp"": ""2026-10-01T07:49:48.417Z"",
  ""tenancy"": ""c0ffee12a1b24d6e9f0a1234567890ab""
}",2026-09-27 02:16:30.968
"{
  ""doc_id"": ""01b83091-351f-2f2b-46d8-74ad48b03ca3"",
  ""system"": ""teiren_cloud"",
  ""t_event_id"": ""ACCOUNT-S501"",
  ""t_user_id"": ""3fddc8f2cea3f9ec4c966cc6b114d23338e20b90ef0b0c2e2373049ff18193d9"",
  ""tag_name"": ""teiren_audit"",
  ""tc_act"": ""ROOT_LOGIN_NO_MFA"",
  ""tc_deviceProduct"": ""TEIREN_AUDIT"",
  ""tc_deviceVendor"": ""TEIREN"",
  ""tc_msg"": ""Root 계정 로그인 성공"",
  ""tc_request"": ""/api/account/login_root"",
  ""tc_requestClientApplication"": ""Mozilla/5.0 (Macintosh; Intel Mac OS X 10_15_7) AppleWebKit/537.36 (KHTML, like Gecko) Chrome/152.0.0.0 Safari/537.36"",
  ""tc_src"": ""10.20.10.71"",
  ""tc_suser"": ""admin01@lab.internal"",
  ""teiren_timestamp"": ""2026-10-01T08:23:33.544Z"",
  ""tenancy"": ""c0ffee12a1b24d6e9f0a1234567890ab""
}",2026-09-27 02:16:30.968
"{
  ""doc_id"": ""01a01038-75a1-8fd6-6fc4-c8520884e8b2"",
  ""system"": ""teiren_cloud"",
  ""t_event_id"": ""ACCOUNT-S801"",
  ""t_user_id"": ""3fddc8f2cea3f9ec4c966cc6b114d23338e20b90ef0b0c2e2373049ff18193d9"",
  ""tag_name"": ""teiren_audit"",
  ""tc_act"": ""SESSION_REFRESH"",
  ""tc_deviceProduct"": ""TEIREN_AUDIT"",
  ""tc_deviceVendor"": ""TEIREN"",
  ""tc_msg"": ""세션 재발급 성공"",
  ""tc_request"": ""/api/account/refresh"",
  ""tc_requestClientApplication"": ""Mozilla/5.0 (Macintosh; Intel Mac OS X 10_15_7) AppleWebKit/537.36 (KHTML, like Gecko) Chrome/152.0.0.0 Safari/537.36"",
  ""tc_src"": ""10.20.10.71"",
  ""tc_suser"": ""admin01@lab.internal"",
  ""teiren_timestamp"": ""2026-10-01T08:24:11.544Z"",
  ""tenancy"": ""c0ffee12a1b24d6e9f0a1234567890ab""
}",2026-09-27 02:16:30.968
"{
  ""doc_id"": ""0146a72f-214b-f3eb-c53c-a60d6df2a13c"",
  ""system"": ""teiren_cloud"",
  ""t_event_id"": ""DASHBOARD-S301"",
  ""t_user_id"": ""3fddc8f2cea3f9ec4c966cc6b114d23338e20b90ef0b0c2e2373049ff18193d9"",
  ""tag_name"": ""teiren_audit"",
  ""tc_act"": ""DASHBOARD_LAYOUT_VIEW_UPDATE"",
  ""tc_deviceProduct"": ""TEIREN_AUDIT"",
  ""tc_deviceVendor"": ""TEIREN"",
  ""tc_msg"": ""대시보드 레이아웃 수정 성공"",
  ""tc_request"": ""/api/dashboard_info/layout"",
  ""tc_requestClientApplication"": ""Mozilla/5.0 (Macintosh; Intel Mac OS X 10_15_7) AppleWebKit/537.36 (KHTML, like Gecko) Chrome/152.0.0.0 Safari/537.36"",
  ""tc_src"": ""10.20.10.71"",
  ""tc_suser"": ""admin01@lab.internal"",
  ""teiren_timestamp"": ""2026-10-01T08:25:01.544Z"",
  ""tenancy"": ""c0ffee12a1b24d6e9f0a1234567890ab""
}",2026-09-27 02:16:30.968
"{
  ""doc_id"": ""01f33ac9-37be-6c60-bb07-2c3c90d94bd3"",
  ""system"": ""teiren_cloud"",
  ""t_event_id"": ""ACCOUNT-S505"",
  ""t_user_id"": ""317f64abaa2282480082cb73a793fe857ccb3c4b3e1f0e5df2afb748e05ae9dd"",
  ""tag_name"": ""teiren_audit"",
  ""tc_act"": ""IAM_LOGIN_SUCCESS"",
  ""tc_deviceProduct"": ""TEIREN_AUDIT"",
  ""tc_deviceVendor"": ""TEIREN"",
  ""tc_msg"": ""IAM 계정 로그인 성공"",
  ""tc_request"": ""/api/account/login_sub_account"",
  ""tc_requestClientApplication"": ""Mozilla/5.0 (Macintosh; Intel Mac OS X 10_15_7) AppleWebKit/537.36 (KHTML, like Gecko) Chrome/152.0.0.0 Safari/537.36"",
  ""tc_src"": ""10.20.10.21"",
  ""tc_suser"": ""ops01@lab.internal"",
  ""teiren_timestamp"": ""2026-10-02T00:00:18.226Z"",
  ""tenancy"": ""c0ffee12a1b24d6e9f0a1234567890ab""
}",2026-09-27 02:16:30.968
"{
  ""doc_id"": ""01475a8f-9cf0-d65e-8242-8fbc0721f478"",
  ""system"": ""teiren_cloud"",
  ""t_event_id"": ""ACCOUNT-S801"",
  ""t_user_id"": ""317f64abaa2282480082cb73a793fe857ccb3c4b3e1f0e5df2afb748e05ae9dd"",
  ""tag_name"": ""teiren_audit"",
  ""tc_act"": ""SESSION_REFRESH"",
  ""tc_deviceProduct"": ""TEIREN_AUDIT"",
  ""tc_deviceVendor"": ""TEIREN"",
  ""tc_msg"": ""세션 재발급 성공"",
  ""tc_request"": ""/api/account/refresh"",
  ""tc_requestClientApplication"": ""Mozilla/5.0 (Macintosh; Intel Mac OS X 10_15_7) AppleWebKit/537.36 (KHTML, like Gecko) Chrome/152.0.0.0 Safari/537.36"",
  ""tc_src"": ""10.20.10.21"",
  ""tc_suser"": ""ops01@lab.internal"",
  ""teiren_timestamp"": ""2026-10-02T00:00:56.226Z"",
  ""tenancy"": ""c0ffee12a1b24d6e9f0a1234567890ab""
}",2026-09-27 02:16:30.968
"{
  ""doc_id"": ""017ff212-2a52-8d08-26da-fe2da286fc31"",
  ""system"": ""teiren_cloud"",
  ""t_event_id"": ""RESOURCE-S302"",
  ""t_user_id"": ""317f64abaa2282480082cb73a793fe857ccb3c4b3e1f0e5df2afb748e05ae9dd"",
  ""tag_name"": ""teiren_audit"",
  ""tc_act"": ""INTEGRATION_STATUS_UPDATE"",
  ""tc_deviceProduct"": ""TEIREN_AUDIT"",
  ""tc_deviceVendor"": ""TEIREN"",
  ""tc_msg"": ""연동 상태 수정 성공"",
  ""tc_request"": ""/api/resource/collect"",
  ""tc_requestClientApplication"": ""Mozilla/5.0 (Macintosh; Intel Mac OS X 10_15_7) AppleWebKit/537.36 (KHTML, like Gecko) Chrome/152.0.0.0 Safari/537.36"",
  ""tc_src"": ""10.20.10.21"",
  ""tc_suser"": ""ops01@lab.internal"",
  ""teiren_timestamp"": ""2026-10-02T00:01:46.226Z"",
  ""tenancy"": ""c0ffee12a1b24d6e9f0a1234567890ab""
}",2026-09-27 02:16:30.968
"{
  ""doc_id"": ""0102f3f0-5eb6-bdb2-c416-4d55302e0595"",
  ""system"": ""teiren_cloud"",
  ""t_event_id"": ""ACCOUNT-S505"",
  ""t_user_id"": ""e4afab0fb14e16dc0d365415df887786ddc2a78cfa31e91ecd965540042f03ad"",
  ""tag_name"": ""teiren_audit"",
  ""tc_act"": ""IAM_LOGIN_SUCCESS"",
  ""tc_deviceProduct"": ""TEIREN_AUDIT"",
  ""tc_deviceVendor"": ""TEIREN"",
  ""tc_msg"": ""IAM 계정 로그인 성공"",
  ""tc_request"": ""/api/account/login_sub_account"",
  ""tc_requestClientApplication"": ""Mozilla/5.0 (Macintosh; Intel Mac OS X 10_15_7) AppleWebKit/537.36 (KHTML, like Gecko) Chrome/152.0.0.0 Safari/537.36"",
  ""tc_src"": ""10.20.10.61"",
  ""tc_suser"": ""intern01@lab.internal"",
  ""teiren_timestamp"": ""2026-10-02T01:26:58.738Z"",
  ""tenancy"": ""c0ffee12a1b24d6e9f0a1234567890ab""
}",2026-09-27 02:16:30.968
"{
  ""doc_id"": ""0165f030-f8a7-56fd-9d44-98e73874003b"",
  ""system"": ""teiren_cloud"",
  ""t_event_id"": ""ACCOUNT-S801"",
  ""t_user_id"": ""e4afab0fb14e16dc0d365415df887786ddc2a78cfa31e91ecd965540042f03ad"",
  ""tag_name"": ""teiren_audit"",
  ""tc_act"": ""SESSION_REFRESH"",
  ""tc_deviceProduct"": ""TEIREN_AUDIT"",
  ""tc_deviceVendor"": ""TEIREN"",
  ""tc_msg"": ""세션 재발급 성공"",
  ""tc_request"": ""/api/account/refresh"",
  ""tc_requestClientApplication"": ""Mozilla/5.0 (Macintosh; Intel Mac OS X 10_15_7) AppleWebKit/537.36 (KHTML, like Gecko) Chrome/152.0.0.0 Safari/537.36"",
  ""tc_src"": ""10.20.10.61"",
  ""tc_suser"": ""intern01@lab.internal"",
  ""teiren_timestamp"": ""2026-10-02T01:27:36.738Z"",
  ""tenancy"": ""c0ffee12a1b24d6e9f0a1234567890ab""
}",2026-09-27 02:16:30.968
"{
  ""doc_id"": ""012d8b26-495e-53dc-5cff-7c7d32dcafef"",
  ""system"": ""teiren_cloud"",
  ""t_event_id"": ""LOG-S301"",
  ""t_user_id"": ""e4afab0fb14e16dc0d365415df887786ddc2a78cfa31e91ecd965540042f03ad"",
  ""tag_name"": ""teiren_audit"",
  ""tc_act"": ""LOG_COLUMN_VIEW_UPDATE"",
  ""tc_deviceProduct"": ""TEIREN_AUDIT"",
  ""tc_deviceVendor"": ""TEIREN"",
  ""tc_msg"": ""로그 컬럼 보기 수정 성공"",
  ""tc_request"": ""/api/logs/column"",
  ""tc_requestClientApplication"": ""Mozilla/5.0 (Macintosh; Intel Mac OS X 10_15_7) AppleWebKit/537.36 (KHTML, like Gecko) Chrome/152.0.0.0 Safari/537.36"",
  ""tc_src"": ""10.20.10.61"",
  ""tc_suser"": ""intern01@lab.internal"",
  ""teiren_timestamp"": ""2026-10-02T01:28:26.738Z"",
  ""tenancy"": ""c0ffee12a1b24d6e9f0a1234567890ab""
}",2026-09-27 02:16:30.968
"{
  ""doc_id"": ""018effa5-f715-d4a2-7964-49b0d125263c"",
  ""system"": ""teiren_cloud"",
  ""t_event_id"": ""ACCOUNT-S505"",
  ""t_user_id"": ""fe29336cd66e0e20c63728e9d736af8b3edf0f2d0a41f4cf932709c11c50d4a4"",
  ""tag_name"": ""teiren_audit"",
  ""tc_act"": ""IAM_LOGIN_SUCCESS"",
  ""tc_deviceProduct"": ""TEIREN_AUDIT"",
  ""tc_deviceVendor"": ""TEIREN"",
  ""tc_msg"": ""IAM 계정 로그인 성공"",
  ""tc_request"": ""/api/account/login_sub_account"",
  ""tc_requestClientApplication"": ""Mozilla/5.0 (Macintosh; Intel Mac OS X 10_15_7) AppleWebKit/537.36 (KHTML, like Gecko) Chrome/152.0.0.0 Safari/537.36"",
  ""tc_src"": ""10.20.10.11"",
  ""tc_suser"": ""dev01@lab.internal"",
  ""teiren_timestamp"": ""2026-10-02T03:04:59.032Z"",
  ""tenancy"": ""c0ffee12a1b24d6e9f0a1234567890ab""
}",2026-09-27 02:16:30.968
"{
  ""doc_id"": ""014e648c-9071-a90d-b364-1e365447844a"",
  ""system"": ""teiren_cloud"",
  ""t_event_id"": ""ACCOUNT-S801"",
  ""t_user_id"": ""fe29336cd66e0e20c63728e9d736af8b3edf0f2d0a41f4cf932709c11c50d4a4"",
  ""tag_name"": ""teiren_audit"",
  ""tc_act"": ""SESSION_REFRESH"",
  ""tc_deviceProduct"": ""TEIREN_AUDIT"",
  ""tc_deviceVendor"": ""TEIREN"",
  ""tc_msg"": ""세션 재발급 성공"",
  ""tc_request"": ""/api/account/refresh"",
  ""tc_requestClientApplication"": ""Mozilla/5.0 (Macintosh; Intel Mac OS X 10_15_7) AppleWebKit/537.36 (KHTML, like Gecko) Chrome/152.0.0.0 Safari/537.36"",
  ""tc_src"": ""10.20.10.11"",
  ""tc_suser"": ""dev01@lab.internal"",
  ""teiren_timestamp"": ""2026-10-02T03:05:37.032Z"",
  ""tenancy"": ""c0ffee12a1b24d6e9f0a1234567890ab""
}",2026-09-27 02:16:30.968
"{
  ""doc_id"": ""01c91d7a-604d-e340-e4f9-829c28595177"",
  ""system"": ""teiren_cloud"",
  ""t_event_id"": ""DASHBOARD-S301"",
  ""t_user_id"": ""fe29336cd66e0e20c63728e9d736af8b3edf0f2d0a41f4cf932709c11c50d4a4"",
  ""tag_name"": ""teiren_audit"",
  ""tc_act"": ""DASHBOARD_LAYOUT_VIEW_UPDATE"",
  ""tc_deviceProduct"": ""TEIREN_AUDIT"",
  ""tc_deviceVendor"": ""TEIREN"",
  ""tc_msg"": ""대시보드 레이아웃 수정 성공"",
  ""tc_request"": ""/api/dashboard_info/layout"",
  ""tc_requestClientApplication"": ""Mozilla/5.0 (Macintosh; Intel Mac OS X 10_15_7) AppleWebKit/537.36 (KHTML, like Gecko) Chrome/152.0.0.0 Safari/537.36"",
  ""tc_src"": ""10.20.10.11"",
  ""tc_suser"": ""dev01@lab.internal"",
  ""teiren_timestamp"": ""2026-10-02T03:06:27.032Z"",
  ""tenancy"": ""c0ffee12a1b24d6e9f0a1234567890ab""
}",2026-09-27 02:16:30.968
"{
  ""doc_id"": ""01534187-90f6-ede3-36bb-132881184b67"",
  ""system"": ""teiren_cloud"",
  ""t_event_id"": ""ACCOUNT-S501"",
  ""t_user_id"": ""3fddc8f2cea3f9ec4c966cc6b114d23338e20b90ef0b0c2e2373049ff18193d9"",
  ""tag_name"": ""teiren_audit"",
  ""tc_act"": ""ROOT_LOGIN_NO_MFA"",
  ""tc_deviceProduct"": ""TEIREN_AUDIT"",
  ""tc_deviceVendor"": ""TEIREN"",
  ""tc_msg"": ""Root 계정 로그인 성공"",
  ""tc_request"": ""/api/account/login_root"",
  ""tc_requestClientApplication"": ""Mozilla/5.0 (Macintosh; Intel Mac OS X 10_15_7) AppleWebKit/537.36 (KHTML, like Gecko) Chrome/152.0.0.0 Safari/537.36"",
  ""tc_src"": ""10.20.10.71"",
  ""tc_suser"": ""admin01@lab.internal"",
  ""teiren_timestamp"": ""2026-10-02T03:45:30.147Z"",
  ""tenancy"": ""c0ffee12a1b24d6e9f0a1234567890ab""
}",2026-09-27 02:16:30.968
"{
  ""doc_id"": ""01a9d128-59da-219c-f320-4d3539ae44ee"",
  ""system"": ""teiren_cloud"",
  ""t_event_id"": ""ACCOUNT-S801"",
  ""t_user_id"": ""3fddc8f2cea3f9ec4c966cc6b114d23338e20b90ef0b0c2e2373049ff18193d9"",
  ""tag_name"": ""teiren_audit"",
  ""tc_act"": ""SESSION_REFRESH"",
  ""tc_deviceProduct"": ""TEIREN_AUDIT"",
  ""tc_deviceVendor"": ""TEIREN"",
  ""tc_msg"": ""세션 재발급 성공"",
  ""tc_request"": ""/api/account/refresh"",
  ""tc_requestClientApplication"": ""Mozilla/5.0 (Macintosh; Intel Mac OS X 10_15_7) AppleWebKit/537.36 (KHTML, like Gecko) Chrome/152.0.0.0 Safari/537.36"",
  ""tc_src"": ""10.20.10.71"",
  ""tc_suser"": ""admin01@lab.internal"",
  ""teiren_timestamp"": ""2026-10-02T03:46:08.147Z"",
  ""tenancy"": ""c0ffee12a1b24d6e9f0a1234567890ab""
}",2026-09-27 02:16:30.968
"{
  ""doc_id"": ""01e35c67-ccfd-5d7c-b74c-f814d8baafef"",
  ""system"": ""teiren_cloud"",
  ""t_event_id"": ""DASHBOARD-S301"",
  ""t_user_id"": ""3fddc8f2cea3f9ec4c966cc6b114d23338e20b90ef0b0c2e2373049ff18193d9"",
  ""tag_name"": ""teiren_audit"",
  ""tc_act"": ""DASHBOARD_LAYOUT_VIEW_UPDATE"",
  ""tc_deviceProduct"": ""TEIREN_AUDIT"",
  ""tc_deviceVendor"": ""TEIREN"",
  ""tc_msg"": ""대시보드 레이아웃 수정 성공"",
  ""tc_request"": ""/api/dashboard_info/layout"",
  ""tc_requestClientApplication"": ""Mozilla/5.0 (Macintosh; Intel Mac OS X 10_15_7) AppleWebKit/537.36 (KHTML, like Gecko) Chrome/152.0.0.0 Safari/537.36"",
  ""tc_src"": ""10.20.10.71"",
  ""tc_suser"": ""admin01@lab.internal"",
  ""teiren_timestamp"": ""2026-10-02T03:46:58.147Z"",
  ""tenancy"": ""c0ffee12a1b24d6e9f0a1234567890ab""
}",2026-09-27 02:16:30.968
"{
  ""doc_id"": ""01e344a4-5c6c-2f78-4cb7-ed4432293017"",
  ""system"": ""teiren_cloud"",
  ""t_event_id"": ""ACCOUNT-S505"",
  ""t_user_id"": ""56a0f04a707318bc9f9edb47119ad8f4d863143a8a26e0cf4f692d612eb9817a"",
  ""tag_name"": ""teiren_audit"",
  ""tc_act"": ""IAM_LOGIN_SUCCESS"",
  ""tc_deviceProduct"": ""TEIREN_AUDIT"",
  ""tc_deviceVendor"": ""TEIREN"",
  ""tc_msg"": ""IAM 계정 로그인 성공"",
  ""tc_request"": ""/api/account/login_sub_account"",
  ""tc_requestClientApplication"": ""Mozilla/5.0 (Macintosh; Intel Mac OS X 10_15_7) AppleWebKit/537.36 (KHTML, like Gecko) Chrome/152.0.0.0 Safari/537.36"",
  ""tc_src"": ""10.20.10.12"",
  ""tc_suser"": ""dev02@lab.internal"",
  ""teiren_timestamp"": ""2026-10-02T04:06:11.268Z"",
  ""tenancy"": ""c0ffee12a1b24d6e9f0a1234567890ab""
}",2026-09-27 02:16:30.968
"{
  ""doc_id"": ""01cd3b42-b49d-040c-5ed5-148b5fb63efc"",
  ""system"": ""teiren_cloud"",
  ""t_event_id"": ""ACCOUNT-S801"",
  ""t_user_id"": ""56a0f04a707318bc9f9edb47119ad8f4d863143a8a26e0cf4f692d612eb9817a"",
  ""tag_name"": ""teiren_audit"",
  ""tc_act"": ""SESSION_REFRESH"",
  ""tc_deviceProduct"": ""TEIREN_AUDIT"",
  ""tc_deviceVendor"": ""TEIREN"",
  ""tc_msg"": ""세션 재발급 성공"",
  ""tc_request"": ""/api/account/refresh"",
  ""tc_requestClientApplication"": ""Mozilla/5.0 (Macintosh; Intel Mac OS X 10_15_7) AppleWebKit/537.36 (KHTML, like Gecko) Chrome/152.0.0.0 Safari/537.36"",
  ""tc_src"": ""10.20.10.12"",
  ""tc_suser"": ""dev02@lab.internal"",
  ""teiren_timestamp"": ""2026-10-02T04:06:49.268Z"",
  ""tenancy"": ""c0ffee12a1b24d6e9f0a1234567890ab""
}",2026-09-27 02:16:30.968
"{
  ""doc_id"": ""01607d65-1cb4-b202-4123-35988d1407e3"",
  ""system"": ""teiren_cloud"",
  ""t_event_id"": ""DASHBOARD-S301"",
  ""t_user_id"": ""56a0f04a707318bc9f9edb47119ad8f4d863143a8a26e0cf4f692d612eb9817a"",
  ""tag_name"": ""teiren_audit"",
  ""tc_act"": ""DASHBOARD_LAYOUT_VIEW_UPDATE"",
  ""tc_deviceProduct"": ""TEIREN_AUDIT"",
  ""tc_deviceVendor"": ""TEIREN"",
  ""tc_msg"": ""대시보드 레이아웃 수정 성공"",
  ""tc_request"": ""/api/dashboard_info/layout"",
  ""tc_requestClientApplication"": ""Mozilla/5.0 (Macintosh; Intel Mac OS X 10_15_7) AppleWebKit/537.36 (KHTML, like Gecko) Chrome/152.0.0.0 Safari/537.36"",
  ""tc_src"": ""10.20.10.12"",
  ""tc_suser"": ""dev02@lab.internal"",
  ""teiren_timestamp"": ""2026-10-02T04:07:39.268Z"",
  ""tenancy"": ""c0ffee12a1b24d6e9f0a1234567890ab""
}",2026-09-27 02:16:30.968
"{
  ""doc_id"": ""01bdb81e-8075-bc85-69d9-a81042370a1a"",
  ""system"": ""teiren_cloud"",
  ""t_event_id"": ""ACCOUNT-S505"",
  ""t_user_id"": ""98fdf34aeba0149327f7715ae84d8f2c464efdcafdf00d4dccc8fbaed8748ee1"",
  ""tag_name"": ""teiren_audit"",
  ""tc_act"": ""IAM_LOGIN_SUCCESS"",
  ""tc_deviceProduct"": ""TEIREN_AUDIT"",
  ""tc_deviceVendor"": ""TEIREN"",
  ""tc_msg"": ""IAM 계정 로그인 성공"",
  ""tc_request"": ""/api/account/login_sub_account"",
  ""tc_requestClientApplication"": ""Mozilla/5.0 (Macintosh; Intel Mac OS X 10_15_7) AppleWebKit/537.36 (KHTML, like Gecko) Chrome/152.0.0.0 Safari/537.36"",
  ""tc_src"": ""10.20.10.51"",
  ""tc_suser"": ""analyst01@lab.internal"",
  ""teiren_timestamp"": ""2026-10-02T04:26:13.515Z"",
  ""tenancy"": ""c0ffee12a1b24d6e9f0a1234567890ab""
}",2026-09-27 02:16:30.968
"{
  ""doc_id"": ""017ca00f-298d-7d0f-47ab-203fee5ffda4"",
  ""system"": ""teiren_cloud"",
  ""t_event_id"": ""ACCOUNT-S801"",
  ""t_user_id"": ""98fdf34aeba0149327f7715ae84d8f2c464efdcafdf00d4dccc8fbaed8748ee1"",
  ""tag_name"": ""teiren_audit"",
  ""tc_act"": ""SESSION_REFRESH"",
  ""tc_deviceProduct"": ""TEIREN_AUDIT"",
  ""tc_deviceVendor"": ""TEIREN"",
  ""tc_msg"": ""세션 재발급 성공"",
  ""tc_request"": ""/api/account/refresh"",
  ""tc_requestClientApplication"": ""Mozilla/5.0 (Macintosh; Intel Mac OS X 10_15_7) AppleWebKit/537.36 (KHTML, like Gecko) Chrome/152.0.0.0 Safari/537.36"",
  ""tc_src"": ""10.20.10.51"",
  ""tc_suser"": ""analyst01@lab.internal"",
  ""teiren_timestamp"": ""2026-10-02T04:26:51.515Z"",
  ""tenancy"": ""c0ffee12a1b24d6e9f0a1234567890ab""
}",2026-09-27 02:16:30.968
"{
  ""doc_id"": ""01266607-f4c8-0136-0682-5e9272f44351"",
  ""system"": ""teiren_cloud"",
  ""t_event_id"": ""LOG-S301"",
  ""t_user_id"": ""98fdf34aeba0149327f7715ae84d8f2c464efdcafdf00d4dccc8fbaed8748ee1"",
  ""tag_name"": ""teiren_audit"",
  ""tc_act"": ""LOG_COLUMN_VIEW_UPDATE"",
  ""tc_deviceProduct"": ""TEIREN_AUDIT"",
  ""tc_deviceVendor"": ""TEIREN"",
  ""tc_msg"": ""로그 컬럼 보기 수정 성공"",
  ""tc_request"": ""/api/logs/column"",
  ""tc_requestClientApplication"": ""Mozilla/5.0 (Macintosh; Intel Mac OS X 10_15_7) AppleWebKit/537.36 (KHTML, like Gecko) Chrome/152.0.0.0 Safari/537.36"",
  ""tc_src"": ""10.20.10.51"",
  ""tc_suser"": ""analyst01@lab.internal"",
  ""teiren_timestamp"": ""2026-10-02T04:27:41.515Z"",
  ""tenancy"": ""c0ffee12a1b24d6e9f0a1234567890ab""
}",2026-09-27 02:16:30.968
"{
  ""doc_id"": ""01ea807c-535f-b747-f3d4-d4c50f7f55fb"",
  ""system"": ""teiren_cloud"",
  ""t_event_id"": ""ACCOUNT-S505"",
  ""t_user_id"": ""cf8ee8443091707b132a3d3be976b80f68a97126916762537a335e5a0bd02a4b"",
  ""tag_name"": ""teiren_audit"",
  ""tc_act"": ""IAM_LOGIN_SUCCESS"",
  ""tc_deviceProduct"": ""TEIREN_AUDIT"",
  ""tc_deviceVendor"": ""TEIREN"",
  ""tc_msg"": ""IAM 계정 로그인 성공"",
  ""tc_request"": ""/api/account/login_sub_account"",
  ""tc_requestClientApplication"": ""Mozilla/5.0 (Macintosh; Intel Mac OS X 10_15_7) AppleWebKit/537.36 (KHTML, like Gecko) Chrome/152.0.0.0 Safari/537.36"",
  ""tc_src"": ""10.20.10.22"",
  ""tc_suser"": ""ops02@lab.internal"",
  ""teiren_timestamp"": ""2026-10-02T05:15:38.160Z"",
  ""tenancy"": ""c0ffee12a1b24d6e9f0a1234567890ab""
}",2026-09-27 02:16:30.968
"{
  ""doc_id"": ""01cb76b4-8f38-9e7b-5815-d936de373c95"",
  ""system"": ""teiren_cloud"",
  ""t_event_id"": ""ACCOUNT-S801"",
  ""t_user_id"": ""cf8ee8443091707b132a3d3be976b80f68a97126916762537a335e5a0bd02a4b"",
  ""tag_name"": ""teiren_audit"",
  ""tc_act"": ""SESSION_REFRESH"",
  ""tc_deviceProduct"": ""TEIREN_AUDIT"",
  ""tc_deviceVendor"": ""TEIREN"",
  ""tc_msg"": ""세션 재발급 성공"",
  ""tc_request"": ""/api/account/refresh"",
  ""tc_requestClientApplication"": ""Mozilla/5.0 (Macintosh; Intel Mac OS X 10_15_7) AppleWebKit/537.36 (KHTML, like Gecko) Chrome/152.0.0.0 Safari/537.36"",
  ""tc_src"": ""10.20.10.22"",
  ""tc_suser"": ""ops02@lab.internal"",
  ""teiren_timestamp"": ""2026-10-02T05:16:16.160Z"",
  ""tenancy"": ""c0ffee12a1b24d6e9f0a1234567890ab""
}",2026-09-27 02:16:30.968
"{
  ""doc_id"": ""0155f067-0ac5-4d17-136e-1f10ac7ed9a7"",
  ""system"": ""teiren_cloud"",
  ""t_event_id"": ""RESOURCE-S302"",
  ""t_user_id"": ""cf8ee8443091707b132a3d3be976b80f68a97126916762537a335e5a0bd02a4b"",
  ""tag_name"": ""teiren_audit"",
  ""tc_act"": ""INTEGRATION_STATUS_UPDATE"",
  ""tc_deviceProduct"": ""TEIREN_AUDIT"",
  ""tc_deviceVendor"": ""TEIREN"",
  ""tc_msg"": ""연동 상태 수정 성공"",
  ""tc_request"": ""/api/resource/collect"",
  ""tc_requestClientApplication"": ""Mozilla/5.0 (Macintosh; Intel Mac OS X 10_15_7) AppleWebKit/537.36 (KHTML, like Gecko) Chrome/152.0.0.0 Safari/537.36"",
  ""tc_src"": ""10.20.10.22"",
  ""tc_suser"": ""ops02@lab.internal"",
  ""teiren_timestamp"": ""2026-10-02T05:17:06.160Z"",
  ""tenancy"": ""c0ffee12a1b24d6e9f0a1234567890ab""
}",2026-09-27 02:16:30.968
"{
  ""doc_id"": ""01bef1ec-beb3-1fce-7669-30c752bb0987"",
  ""system"": ""teiren_cloud"",
  ""t_event_id"": ""ACCOUNT-S505"",
  ""t_user_id"": ""317f64abaa2282480082cb73a793fe857ccb3c4b3e1f0e5df2afb748e05ae9dd"",
  ""tag_name"": ""teiren_audit"",
  ""tc_act"": ""IAM_LOGIN_SUCCESS"",
  ""tc_deviceProduct"": ""TEIREN_AUDIT"",
  ""tc_deviceVendor"": ""TEIREN"",
  ""tc_msg"": ""IAM 계정 로그인 성공"",
  ""tc_request"": ""/api/account/login_sub_account"",
  ""tc_requestClientApplication"": ""Mozilla/5.0 (Macintosh; Intel Mac OS X 10_15_7) AppleWebKit/537.36 (KHTML, like Gecko) Chrome/152.0.0.0 Safari/537.36"",
  ""tc_src"": ""10.20.10.21"",
  ""tc_suser"": ""ops01@lab.internal"",
  ""teiren_timestamp"": ""2026-10-02T06:36:12.385Z"",
  ""tenancy"": ""c0ffee12a1b24d6e9f0a1234567890ab""
}",2026-09-27 02:16:30.968
"{
  ""doc_id"": ""015fefed-11b5-11b9-61c4-88600b612233"",
  ""system"": ""teiren_cloud"",
  ""t_event_id"": ""ACCOUNT-S801"",
  ""t_user_id"": ""317f64abaa2282480082cb73a793fe857ccb3c4b3e1f0e5df2afb748e05ae9dd"",
  ""tag_name"": ""teiren_audit"",
  ""tc_act"": ""SESSION_REFRESH"",
  ""tc_deviceProduct"": ""TEIREN_AUDIT"",
  ""tc_deviceVendor"": ""TEIREN"",
  ""tc_msg"": ""세션 재발급 성공"",
  ""tc_request"": ""/api/account/refresh"",
  ""tc_requestClientApplication"": ""Mozilla/5.0 (Macintosh; Intel Mac OS X 10_15_7) AppleWebKit/537.36 (KHTML, like Gecko) Chrome/152.0.0.0 Safari/537.36"",
  ""tc_src"": ""10.20.10.21"",
  ""tc_suser"": ""ops01@lab.internal"",
  ""teiren_timestamp"": ""2026-10-02T06:36:50.385Z"",
  ""tenancy"": ""c0ffee12a1b24d6e9f0a1234567890ab""
}",2026-09-27 02:16:30.968
"{
  ""doc_id"": ""019aa3b0-91f3-7b38-c40c-5773c16fdb36"",
  ""system"": ""teiren_cloud"",
  ""t_event_id"": ""ACCOUNT-S505"",
  ""t_user_id"": ""fe29336cd66e0e20c63728e9d736af8b3edf0f2d0a41f4cf932709c11c50d4a4"",
  ""tag_name"": ""teiren_audit"",
  ""tc_act"": ""IAM_LOGIN_SUCCESS"",
  ""tc_deviceProduct"": ""TEIREN_AUDIT"",
  ""tc_deviceVendor"": ""TEIREN"",
  ""tc_msg"": ""IAM 계정 로그인 성공"",
  ""tc_request"": ""/api/account/login_sub_account"",
  ""tc_requestClientApplication"": ""Mozilla/5.0 (Macintosh; Intel Mac OS X 10_15_7) AppleWebKit/537.36 (KHTML, like Gecko) Chrome/152.0.0.0 Safari/537.36"",
  ""tc_src"": ""10.20.10.11"",
  ""tc_suser"": ""dev01@lab.internal"",
  ""teiren_timestamp"": ""2026-10-02T06:37:27.379Z"",
  ""tenancy"": ""c0ffee12a1b24d6e9f0a1234567890ab""
}",2026-09-27 02:16:30.968
"{
  ""doc_id"": ""012b8c62-9e19-9ba4-f83b-972c97bcb6e9"",
  ""system"": ""teiren_cloud"",
  ""t_event_id"": ""RESOURCE-S302"",
  ""t_user_id"": ""317f64abaa2282480082cb73a793fe857ccb3c4b3e1f0e5df2afb748e05ae9dd"",
  ""tag_name"": ""teiren_audit"",
  ""tc_act"": ""INTEGRATION_STATUS_UPDATE"",
  ""tc_deviceProduct"": ""TEIREN_AUDIT"",
  ""tc_deviceVendor"": ""TEIREN"",
  ""tc_msg"": ""연동 상태 수정 성공"",
  ""tc_request"": ""/api/resource/collect"",
  ""tc_requestClientApplication"": ""Mozilla/5.0 (Macintosh; Intel Mac OS X 10_15_7) AppleWebKit/537.36 (KHTML, like Gecko) Chrome/152.0.0.0 Safari/537.36"",
  ""tc_src"": ""10.20.10.21"",
  ""tc_suser"": ""ops01@lab.internal"",
  ""teiren_timestamp"": ""2026-10-02T06:37:40.385Z"",
  ""tenancy"": ""c0ffee12a1b24d6e9f0a1234567890ab""
}",2026-09-27 02:16:30.968
"{
  ""doc_id"": ""0119f3b3-c84d-47da-4e25-f47720d58081"",
  ""system"": ""teiren_cloud"",
  ""t_event_id"": ""ACCOUNT-S801"",
  ""t_user_id"": ""fe29336cd66e0e20c63728e9d736af8b3edf0f2d0a41f4cf932709c11c50d4a4"",
  ""tag_name"": ""teiren_audit"",
  ""tc_act"": ""SESSION_REFRESH"",
  ""tc_deviceProduct"": ""TEIREN_AUDIT"",
  ""tc_deviceVendor"": ""TEIREN"",
  ""tc_msg"": ""세션 재발급 성공"",
  ""tc_request"": ""/api/account/refresh"",
  ""tc_requestClientApplication"": ""Mozilla/5.0 (Macintosh; Intel Mac OS X 10_15_7) AppleWebKit/537.36 (KHTML, like Gecko) Chrome/152.0.0.0 Safari/537.36"",
  ""tc_src"": ""10.20.10.11"",
  ""tc_suser"": ""dev01@lab.internal"",
  ""teiren_timestamp"": ""2026-10-02T06:38:05.379Z"",
  ""tenancy"": ""c0ffee12a1b24d6e9f0a1234567890ab""
}",2026-09-27 02:16:30.968
"{
  ""doc_id"": ""01b61f2d-f64b-e34b-1028-bf6b99faeafb"",
  ""system"": ""teiren_cloud"",
  ""t_event_id"": ""DASHBOARD-S301"",
  ""t_user_id"": ""fe29336cd66e0e20c63728e9d736af8b3edf0f2d0a41f4cf932709c11c50d4a4"",
  ""tag_name"": ""teiren_audit"",
  ""tc_act"": ""DASHBOARD_LAYOUT_VIEW_UPDATE"",
  ""tc_deviceProduct"": ""TEIREN_AUDIT"",
  ""tc_deviceVendor"": ""TEIREN"",
  ""tc_msg"": ""대시보드 레이아웃 수정 성공"",
  ""tc_request"": ""/api/dashboard_info/layout"",
  ""tc_requestClientApplication"": ""Mozilla/5.0 (Macintosh; Intel Mac OS X 10_15_7) AppleWebKit/537.36 (KHTML, like Gecko) Chrome/152.0.0.0 Safari/537.36"",
  ""tc_src"": ""10.20.10.11"",
  ""tc_suser"": ""dev01@lab.internal"",
  ""teiren_timestamp"": ""2026-10-02T06:38:55.379Z"",
  ""tenancy"": ""c0ffee12a1b24d6e9f0a1234567890ab""
}",2026-09-27 02:16:30.968
"{
  ""doc_id"": ""01568159-779a-16a3-3e98-3c2aac1c49b7"",
  ""system"": ""teiren_cloud"",
  ""t_event_id"": ""ACCOUNT-S501"",
  ""t_user_id"": ""3fddc8f2cea3f9ec4c966cc6b114d23338e20b90ef0b0c2e2373049ff18193d9"",
  ""tag_name"": ""teiren_audit"",
  ""tc_act"": ""ROOT_LOGIN_NO_MFA"",
  ""tc_deviceProduct"": ""TEIREN_AUDIT"",
  ""tc_deviceVendor"": ""TEIREN"",
  ""tc_msg"": ""Root 계정 로그인 성공"",
  ""tc_request"": ""/api/account/login_root"",
  ""tc_requestClientApplication"": ""Mozilla/5.0 (Macintosh; Intel Mac OS X 10_15_7) AppleWebKit/537.36 (KHTML, like Gecko) Chrome/152.0.0.0 Safari/537.36"",
  ""tc_src"": ""10.20.10.71"",
  ""tc_suser"": ""admin01@lab.internal"",
  ""teiren_timestamp"": ""2026-10-02T07:29:31.604Z"",
  ""tenancy"": ""c0ffee12a1b24d6e9f0a1234567890ab""
}",2026-09-27 02:16:30.968
"{
  ""doc_id"": ""01b2e640-a35d-79cc-441e-d3578f39d8b5"",
  ""system"": ""teiren_cloud"",
  ""t_event_id"": ""ACCOUNT-S801"",
  ""t_user_id"": ""3fddc8f2cea3f9ec4c966cc6b114d23338e20b90ef0b0c2e2373049ff18193d9"",
  ""tag_name"": ""teiren_audit"",
  ""tc_act"": ""SESSION_REFRESH"",
  ""tc_deviceProduct"": ""TEIREN_AUDIT"",
  ""tc_deviceVendor"": ""TEIREN"",
  ""tc_msg"": ""세션 재발급 성공"",
  ""tc_request"": ""/api/account/refresh"",
  ""tc_requestClientApplication"": ""Mozilla/5.0 (Macintosh; Intel Mac OS X 10_15_7) AppleWebKit/537.36 (KHTML, like Gecko) Chrome/152.0.0.0 Safari/537.36"",
  ""tc_src"": ""10.20.10.71"",
  ""tc_suser"": ""admin01@lab.internal"",
  ""teiren_timestamp"": ""2026-10-02T07:30:09.604Z"",
  ""tenancy"": ""c0ffee12a1b24d6e9f0a1234567890ab""
}",2026-09-27 02:16:30.968
"{
  ""doc_id"": ""01141fdf-8f2e-0d52-dc5e-0521e2480d3a"",
  ""system"": ""teiren_cloud"",
  ""t_event_id"": ""DASHBOARD-S301"",
  ""t_user_id"": ""3fddc8f2cea3f9ec4c966cc6b114d23338e20b90ef0b0c2e2373049ff18193d9"",
  ""tag_name"": ""teiren_audit"",
  ""tc_act"": ""DASHBOARD_LAYOUT_VIEW_UPDATE"",
  ""tc_deviceProduct"": ""TEIREN_AUDIT"",
  ""tc_deviceVendor"": ""TEIREN"",
  ""tc_msg"": ""대시보드 레이아웃 수정 성공"",
  ""tc_request"": ""/api/dashboard_info/layout"",
  ""tc_requestClientApplication"": ""Mozilla/5.0 (Macintosh; Intel Mac OS X 10_15_7) AppleWebKit/537.36 (KHTML, like Gecko) Chrome/152.0.0.0 Safari/537.36"",
  ""tc_src"": ""10.20.10.71"",
  ""tc_suser"": ""admin01@lab.internal"",
  ""teiren_timestamp"": ""2026-10-02T07:30:59.604Z"",
  ""tenancy"": ""c0ffee12a1b24d6e9f0a1234567890ab""
}",2026-09-27 02:16:30.968
"{
  ""doc_id"": ""01ff6135-9779-3e2c-2981-67badd2bb2b1"",
  ""system"": ""teiren_cloud"",
  ""t_event_id"": ""ACCOUNT-S505"",
  ""t_user_id"": ""fb850da41982d343a8e8587be9997a2a3b7997720fd50bd9bb01e5ff8930cc79"",
  ""tag_name"": ""teiren_audit"",
  ""tc_act"": ""IAM_LOGIN_SUCCESS"",
  ""tc_deviceProduct"": ""TEIREN_AUDIT"",
  ""tc_deviceVendor"": ""TEIREN"",
  ""tc_msg"": ""IAM 계정 로그인 성공"",
  ""tc_request"": ""/api/account/login_sub_account"",
  ""tc_requestClientApplication"": ""Mozilla/5.0 (Macintosh; Intel Mac OS X 10_15_7) AppleWebKit/537.36 (KHTML, like Gecko) Chrome/152.0.0.0 Safari/537.36"",
  ""tc_src"": ""10.20.10.81"",
  ""tc_suser"": ""web01@lab.internal"",
  ""teiren_timestamp"": ""2026-10-02T09:06:53.015Z"",
  ""tenancy"": ""c0ffee12a1b24d6e9f0a1234567890ab""
}",2026-09-27 02:16:30.968
"{
  ""doc_id"": ""01608144-c95f-7fc6-20c6-acc5fcc68c62"",
  ""system"": ""teiren_cloud"",
  ""t_event_id"": ""ACCOUNT-S801"",
  ""t_user_id"": ""fb850da41982d343a8e8587be9997a2a3b7997720fd50bd9bb01e5ff8930cc79"",
  ""tag_name"": ""teiren_audit"",
  ""tc_act"": ""SESSION_REFRESH"",
  ""tc_deviceProduct"": ""TEIREN_AUDIT"",
  ""tc_deviceVendor"": ""TEIREN"",
  ""tc_msg"": ""세션 재발급 성공"",
  ""tc_request"": ""/api/account/refresh"",
  ""tc_requestClientApplication"": ""Mozilla/5.0 (Macintosh; Intel Mac OS X 10_15_7) AppleWebKit/537.36 (KHTML, like Gecko) Chrome/152.0.0.0 Safari/537.36"",
  ""tc_src"": ""10.20.10.81"",
  ""tc_suser"": ""web01@lab.internal"",
  ""teiren_timestamp"": ""2026-10-02T09:07:31.015Z"",
  ""tenancy"": ""c0ffee12a1b24d6e9f0a1234567890ab""
}",2026-09-27 02:16:30.968
"{
  ""doc_id"": ""016ded58-0d01-e169-ad74-b7bde3da22a1"",
  ""system"": ""teiren_cloud"",
  ""t_event_id"": ""DASHBOARD-S301"",
  ""t_user_id"": ""fb850da41982d343a8e8587be9997a2a3b7997720fd50bd9bb01e5ff8930cc79"",
  ""tag_name"": ""teiren_audit"",
  ""tc_act"": ""DASHBOARD_LAYOUT_VIEW_UPDATE"",
  ""tc_deviceProduct"": ""TEIREN_AUDIT"",
  ""tc_deviceVendor"": ""TEIREN"",
  ""tc_msg"": ""대시보드 레이아웃 수정 성공"",
  ""tc_request"": ""/api/dashboard_info/layout"",
  ""tc_requestClientApplication"": ""Mozilla/5.0 (Macintosh; Intel Mac OS X 10_15_7) AppleWebKit/537.36 (KHTML, like Gecko) Chrome/152.0.0.0 Safari/537.36"",
  ""tc_src"": ""10.20.10.81"",
  ""tc_suser"": ""web01@lab.internal"",
  ""teiren_timestamp"": ""2026-10-02T09:08:21.015Z"",
  ""tenancy"": ""c0ffee12a1b24d6e9f0a1234567890ab""
}",2026-09-27 02:16:30.968
"{
  ""doc_id"": ""0183ba98-d461-a129-972b-735c6b74a16f"",
  ""system"": ""teiren_cloud"",
  ""t_event_id"": ""ACCOUNT-S505"",
  ""t_user_id"": ""317f64abaa2282480082cb73a793fe857ccb3c4b3e1f0e5df2afb748e05ae9dd"",
  ""tag_name"": ""teiren_audit"",
  ""tc_act"": ""IAM_LOGIN_SUCCESS"",
  ""tc_deviceProduct"": ""TEIREN_AUDIT"",
  ""tc_deviceVendor"": ""TEIREN"",
  ""tc_msg"": ""IAM 계정 로그인 성공"",
  ""tc_request"": ""/api/account/login_sub_account"",
  ""tc_requestClientApplication"": ""Mozilla/5.0 (Macintosh; Intel Mac OS X 10_15_7) AppleWebKit/537.36 (KHTML, like Gecko) Chrome/152.0.0.0 Safari/537.36"",
  ""tc_src"": ""10.20.10.21"",
  ""tc_suser"": ""ops01@lab.internal"",
  ""teiren_timestamp"": ""2026-10-03T01:01:01.429Z"",
  ""tenancy"": ""c0ffee12a1b24d6e9f0a1234567890ab""
}",2026-09-27 02:16:30.968
"{
  ""doc_id"": ""01b86861-4da5-a68d-26d8-14c33cb9003d"",
  ""system"": ""teiren_cloud"",
  ""t_event_id"": ""ACCOUNT-S801"",
  ""t_user_id"": ""317f64abaa2282480082cb73a793fe857ccb3c4b3e1f0e5df2afb748e05ae9dd"",
  ""tag_name"": ""teiren_audit"",
  ""tc_act"": ""SESSION_REFRESH"",
  ""tc_deviceProduct"": ""TEIREN_AUDIT"",
  ""tc_deviceVendor"": ""TEIREN"",
  ""tc_msg"": ""세션 재발급 성공"",
  ""tc_request"": ""/api/account/refresh"",
  ""tc_requestClientApplication"": ""Mozilla/5.0 (Macintosh; Intel Mac OS X 10_15_7) AppleWebKit/537.36 (KHTML, like Gecko) Chrome/152.0.0.0 Safari/537.36"",
  ""tc_src"": ""10.20.10.21"",
  ""tc_suser"": ""ops01@lab.internal"",
  ""teiren_timestamp"": ""2026-10-03T01:01:39.429Z"",
  ""tenancy"": ""c0ffee12a1b24d6e9f0a1234567890ab""
}",2026-09-27 02:16:30.968
"{
  ""doc_id"": ""01b5a0fd-2c1b-0402-2d22-af0cade78eb4"",
  ""system"": ""teiren_cloud"",
  ""t_event_id"": ""RESOURCE-S302"",
  ""t_user_id"": ""317f64abaa2282480082cb73a793fe857ccb3c4b3e1f0e5df2afb748e05ae9dd"",
  ""tag_name"": ""teiren_audit"",
  ""tc_act"": ""INTEGRATION_STATUS_UPDATE"",
  ""tc_deviceProduct"": ""TEIREN_AUDIT"",
  ""tc_deviceVendor"": ""TEIREN"",
  ""tc_msg"": ""연동 상태 수정 성공"",
  ""tc_request"": ""/api/resource/collect"",
  ""tc_requestClientApplication"": ""Mozilla/5.0 (Macintosh; Intel Mac OS X 10_15_7) AppleWebKit/537.36 (KHTML, like Gecko) Chrome/152.0.0.0 Safari/537.36"",
  ""tc_src"": ""10.20.10.21"",
  ""tc_suser"": ""ops01@lab.internal"",
  ""teiren_timestamp"": ""2026-10-03T01:02:29.429Z"",
  ""tenancy"": ""c0ffee12a1b24d6e9f0a1234567890ab""
}",2026-09-27 02:16:30.968
"{
  ""doc_id"": ""0107c8a3-882e-3792-ace1-7d9b12ddbf47"",
  ""system"": ""teiren_cloud"",
  ""t_event_id"": ""ACCOUNT-S501"",
  ""t_user_id"": ""3fddc8f2cea3f9ec4c966cc6b114d23338e20b90ef0b0c2e2373049ff18193d9"",
  ""tag_name"": ""teiren_audit"",
  ""tc_act"": ""ROOT_LOGIN_NO_MFA"",
  ""tc_deviceProduct"": ""TEIREN_AUDIT"",
  ""tc_deviceVendor"": ""TEIREN"",
  ""tc_msg"": ""Root 계정 로그인 성공"",
  ""tc_request"": ""/api/account/login_root"",
  ""tc_requestClientApplication"": ""Mozilla/5.0 (Macintosh; Intel Mac OS X 10_15_7) AppleWebKit/537.36 (KHTML, like Gecko) Chrome/152.0.0.0 Safari/537.36"",
  ""tc_src"": ""10.20.10.71"",
  ""tc_suser"": ""admin01@lab.internal"",
  ""teiren_timestamp"": ""2026-10-03T06:27:09.243Z"",
  ""tenancy"": ""c0ffee12a1b24d6e9f0a1234567890ab""
}",2026-09-27 02:16:30.968
"{
  ""doc_id"": ""01700bc6-c8f3-822f-710c-ce50b6336110"",
  ""system"": ""teiren_cloud"",
  ""t_event_id"": ""ACCOUNT-S801"",
  ""t_user_id"": ""3fddc8f2cea3f9ec4c966cc6b114d23338e20b90ef0b0c2e2373049ff18193d9"",
  ""tag_name"": ""teiren_audit"",
  ""tc_act"": ""SESSION_REFRESH"",
  ""tc_deviceProduct"": ""TEIREN_AUDIT"",
  ""tc_deviceVendor"": ""TEIREN"",
  ""tc_msg"": ""세션 재발급 성공"",
  ""tc_request"": ""/api/account/refresh"",
  ""tc_requestClientApplication"": ""Mozilla/5.0 (Macintosh; Intel Mac OS X 10_15_7) AppleWebKit/537.36 (KHTML, like Gecko) Chrome/152.0.0.0 Safari/537.36"",
  ""tc_src"": ""10.20.10.71"",
  ""tc_suser"": ""admin01@lab.internal"",
  ""teiren_timestamp"": ""2026-10-03T06:27:47.243Z"",
  ""tenancy"": ""c0ffee12a1b24d6e9f0a1234567890ab""
}",2026-09-27 02:16:30.968
"{
  ""doc_id"": ""01ad5bd9-3657-1476-8412-232fbee2fce0"",
  ""system"": ""teiren_cloud"",
  ""t_event_id"": ""DASHBOARD-S301"",
  ""t_user_id"": ""3fddc8f2cea3f9ec4c966cc6b114d23338e20b90ef0b0c2e2373049ff18193d9"",
  ""tag_name"": ""teiren_audit"",
  ""tc_act"": ""DASHBOARD_LAYOUT_VIEW_UPDATE"",
  ""tc_deviceProduct"": ""TEIREN_AUDIT"",
  ""tc_deviceVendor"": ""TEIREN"",
  ""tc_msg"": ""대시보드 레이아웃 수정 성공"",
  ""tc_request"": ""/api/dashboard_info/layout"",
  ""tc_requestClientApplication"": ""Mozilla/5.0 (Macintosh; Intel Mac OS X 10_15_7) AppleWebKit/537.36 (KHTML, like Gecko) Chrome/152.0.0.0 Safari/537.36"",
  ""tc_src"": ""10.20.10.71"",
  ""tc_suser"": ""admin01@lab.internal"",
  ""teiren_timestamp"": ""2026-10-03T06:28:37.243Z"",
  ""tenancy"": ""c0ffee12a1b24d6e9f0a1234567890ab""
}",2026-09-27 02:16:30.968
"{
  ""doc_id"": ""0136232f-642c-7704-f624-c55840be699f"",
  ""system"": ""teiren_cloud"",
  ""t_event_id"": ""ACCOUNT-S505"",
  ""t_user_id"": ""317f64abaa2282480082cb73a793fe857ccb3c4b3e1f0e5df2afb748e05ae9dd"",
  ""tag_name"": ""teiren_audit"",
  ""tc_act"": ""IAM_LOGIN_SUCCESS"",
  ""tc_deviceProduct"": ""TEIREN_AUDIT"",
  ""tc_deviceVendor"": ""TEIREN"",
  ""tc_msg"": ""IAM 계정 로그인 성공"",
  ""tc_request"": ""/api/account/login_sub_account"",
  ""tc_requestClientApplication"": ""Mozilla/5.0 (Macintosh; Intel Mac OS X 10_15_7) AppleWebKit/537.36 (KHTML, like Gecko) Chrome/152.0.0.0 Safari/537.36"",
  ""tc_src"": ""10.20.10.21"",
  ""tc_suser"": ""ops01@lab.internal"",
  ""teiren_timestamp"": ""2026-10-04T01:45:19.097Z"",
  ""tenancy"": ""c0ffee12a1b24d6e9f0a1234567890ab""
}",2026-09-27 02:16:30.968
"{
  ""doc_id"": ""019d5a30-c9ca-294b-97d8-2fa7ec83591d"",
  ""system"": ""teiren_cloud"",
  ""t_event_id"": ""ACCOUNT-S801"",
  ""t_user_id"": ""317f64abaa2282480082cb73a793fe857ccb3c4b3e1f0e5df2afb748e05ae9dd"",
  ""tag_name"": ""teiren_audit"",
  ""tc_act"": ""SESSION_REFRESH"",
  ""tc_deviceProduct"": ""TEIREN_AUDIT"",
  ""tc_deviceVendor"": ""TEIREN"",
  ""tc_msg"": ""세션 재발급 성공"",
  ""tc_request"": ""/api/account/refresh"",
  ""tc_requestClientApplication"": ""Mozilla/5.0 (Macintosh; Intel Mac OS X 10_15_7) AppleWebKit/537.36 (KHTML, like Gecko) Chrome/152.0.0.0 Safari/537.36"",
  ""tc_src"": ""10.20.10.21"",
  ""tc_suser"": ""ops01@lab.internal"",
  ""teiren_timestamp"": ""2026-10-04T01:45:57.097Z"",
  ""tenancy"": ""c0ffee12a1b24d6e9f0a1234567890ab""
}",2026-09-27 02:16:30.968
"{
  ""doc_id"": ""016457aa-1935-f1e7-84fb-3f86e3ffc81a"",
  ""system"": ""teiren_cloud"",
  ""t_event_id"": ""RESOURCE-S302"",
  ""t_user_id"": ""317f64abaa2282480082cb73a793fe857ccb3c4b3e1f0e5df2afb748e05ae9dd"",
  ""tag_name"": ""teiren_audit"",
  ""tc_act"": ""INTEGRATION_STATUS_UPDATE"",
  ""tc_deviceProduct"": ""TEIREN_AUDIT"",
  ""tc_deviceVendor"": ""TEIREN"",
  ""tc_msg"": ""연동 상태 수정 성공"",
  ""tc_request"": ""/api/resource/collect"",
  ""tc_requestClientApplication"": ""Mozilla/5.0 (Macintosh; Intel Mac OS X 10_15_7) AppleWebKit/537.36 (KHTML, like Gecko) Chrome/152.0.0.0 Safari/537.36"",
  ""tc_src"": ""10.20.10.21"",
  ""tc_suser"": ""ops01@lab.internal"",
  ""teiren_timestamp"": ""2026-10-04T01:46:47.097Z"",
  ""tenancy"": ""c0ffee12a1b24d6e9f0a1234567890ab""
}",2026-09-27 02:16:30.968
"{
  ""doc_id"": ""01c213bc-939e-8952-9006-5305aef67ecc"",
  ""system"": ""teiren_cloud"",
  ""t_event_id"": ""ACCOUNT-S501"",
  ""t_user_id"": ""3fddc8f2cea3f9ec4c966cc6b114d23338e20b90ef0b0c2e2373049ff18193d9"",
  ""tag_name"": ""teiren_audit"",
  ""tc_act"": ""ROOT_LOGIN_NO_MFA"",
  ""tc_deviceProduct"": ""TEIREN_AUDIT"",
  ""tc_deviceVendor"": ""TEIREN"",
  ""tc_msg"": ""Root 계정 로그인 성공"",
  ""tc_request"": ""/api/account/login_root"",
  ""tc_requestClientApplication"": ""Mozilla/5.0 (Macintosh; Intel Mac OS X 10_15_7) AppleWebKit/537.36 (KHTML, like Gecko) Chrome/152.0.0.0 Safari/537.36"",
  ""tc_src"": ""10.20.10.71"",
  ""tc_suser"": ""admin01@lab.internal"",
  ""teiren_timestamp"": ""2026-10-04T07:24:34.671Z"",
  ""tenancy"": ""c0ffee12a1b24d6e9f0a1234567890ab""
}",2026-09-27 02:16:30.968
"{
  ""doc_id"": ""015af283-b980-7b4e-e5ab-9346f18e7981"",
  ""system"": ""teiren_cloud"",
  ""t_event_id"": ""ACCOUNT-S801"",
  ""t_user_id"": ""3fddc8f2cea3f9ec4c966cc6b114d23338e20b90ef0b0c2e2373049ff18193d9"",
  ""tag_name"": ""teiren_audit"",
  ""tc_act"": ""SESSION_REFRESH"",
  ""tc_deviceProduct"": ""TEIREN_AUDIT"",
  ""tc_deviceVendor"": ""TEIREN"",
  ""tc_msg"": ""세션 재발급 성공"",
  ""tc_request"": ""/api/account/refresh"",
  ""tc_requestClientApplication"": ""Mozilla/5.0 (Macintosh; Intel Mac OS X 10_15_7) AppleWebKit/537.36 (KHTML, like Gecko) Chrome/152.0.0.0 Safari/537.36"",
  ""tc_src"": ""10.20.10.71"",
  ""tc_suser"": ""admin01@lab.internal"",
  ""teiren_timestamp"": ""2026-10-04T07:25:12.671Z"",
  ""tenancy"": ""c0ffee12a1b24d6e9f0a1234567890ab""
}",2026-09-27 02:16:30.968
"{
  ""doc_id"": ""0198321d-9b43-d13f-b4e0-2dd742c18d23"",
  ""system"": ""teiren_cloud"",
  ""t_event_id"": ""DASHBOARD-S301"",
  ""t_user_id"": ""3fddc8f2cea3f9ec4c966cc6b114d23338e20b90ef0b0c2e2373049ff18193d9"",
  ""tag_name"": ""teiren_audit"",
  ""tc_act"": ""DASHBOARD_LAYOUT_VIEW_UPDATE"",
  ""tc_deviceProduct"": ""TEIREN_AUDIT"",
  ""tc_deviceVendor"": ""TEIREN"",
  ""tc_msg"": ""대시보드 레이아웃 수정 성공"",
  ""tc_request"": ""/api/dashboard_info/layout"",
  ""tc_requestClientApplication"": ""Mozilla/5.0 (Macintosh; Intel Mac OS X 10_15_7) AppleWebKit/537.36 (KHTML, like Gecko) Chrome/152.0.0.0 Safari/537.36"",
  ""tc_src"": ""10.20.10.71"",
  ""tc_suser"": ""admin01@lab.internal"",
  ""teiren_timestamp"": ""2026-10-04T07:26:02.671Z"",
  ""tenancy"": ""c0ffee12a1b24d6e9f0a1234567890ab""
}",2026-09-27 02:16:30.968
"{
  ""doc_id"": ""0146436b-e71f-2319-44e9-2c5a9a9a340b"",
  ""system"": ""teiren_cloud"",
  ""t_event_id"": ""ACCOUNT-S501"",
  ""t_user_id"": ""3fddc8f2cea3f9ec4c966cc6b114d23338e20b90ef0b0c2e2373049ff18193d9"",
  ""tag_name"": ""teiren_audit"",
  ""tc_act"": ""ROOT_LOGIN_NO_MFA"",
  ""tc_deviceProduct"": ""TEIREN_AUDIT"",
  ""tc_deviceVendor"": ""TEIREN"",
  ""tc_msg"": ""Root 계정 로그인 성공"",
  ""tc_request"": ""/api/account/login_root"",
  ""tc_requestClientApplication"": ""Mozilla/5.0 (Macintosh; Intel Mac OS X 10_15_7) AppleWebKit/537.36 (KHTML, like Gecko) Chrome/152.0.0.0 Safari/537.36"",
  ""tc_src"": ""10.20.10.71"",
  ""tc_suser"": ""admin01@lab.internal"",
  ""teiren_timestamp"": ""2026-10-05T00:07:26.593Z"",
  ""tenancy"": ""c0ffee12a1b24d6e9f0a1234567890ab""
}",2026-09-27 02:16:30.968
"{
  ""doc_id"": ""01572c69-8335-1016-968b-b1ae6e192d4f"",
  ""system"": ""teiren_cloud"",
  ""t_event_id"": ""ACCOUNT-S801"",
  ""t_user_id"": ""3fddc8f2cea3f9ec4c966cc6b114d23338e20b90ef0b0c2e2373049ff18193d9"",
  ""tag_name"": ""teiren_audit"",
  ""tc_act"": ""SESSION_REFRESH"",
  ""tc_deviceProduct"": ""TEIREN_AUDIT"",
  ""tc_deviceVendor"": ""TEIREN"",
  ""tc_msg"": ""세션 재발급 성공"",
  ""tc_request"": ""/api/account/refresh"",
  ""tc_requestClientApplication"": ""Mozilla/5.0 (Macintosh; Intel Mac OS X 10_15_7) AppleWebKit/537.36 (KHTML, like Gecko) Chrome/152.0.0.0 Safari/537.36"",
  ""tc_src"": ""10.20.10.71"",
  ""tc_suser"": ""admin01@lab.internal"",
  ""teiren_timestamp"": ""2026-10-05T00:08:04.593Z"",
  ""tenancy"": ""c0ffee12a1b24d6e9f0a1234567890ab""
}",2026-09-27 02:16:30.968
"{
  ""doc_id"": ""01b7ff71-1738-5548-c4b0-4eb2cf6faab5"",
  ""system"": ""teiren_cloud"",
  ""t_event_id"": ""DASHBOARD-S301"",
  ""t_user_id"": ""3fddc8f2cea3f9ec4c966cc6b114d23338e20b90ef0b0c2e2373049ff18193d9"",
  ""tag_name"": ""teiren_audit"",
  ""tc_act"": ""DASHBOARD_LAYOUT_VIEW_UPDATE"",
  ""tc_deviceProduct"": ""TEIREN_AUDIT"",
  ""tc_deviceVendor"": ""TEIREN"",
  ""tc_msg"": ""대시보드 레이아웃 수정 성공"",
  ""tc_request"": ""/api/dashboard_info/layout"",
  ""tc_requestClientApplication"": ""Mozilla/5.0 (Macintosh; Intel Mac OS X 10_15_7) AppleWebKit/537.36 (KHTML, like Gecko) Chrome/152.0.0.0 Safari/537.36"",
  ""tc_src"": ""10.20.10.71"",
  ""tc_suser"": ""admin01@lab.internal"",
  ""teiren_timestamp"": ""2026-10-05T00:08:54.593Z"",
  ""tenancy"": ""c0ffee12a1b24d6e9f0a1234567890ab""
}",2026-09-27 02:16:30.968
"{
  ""doc_id"": ""01b4c0a1-c6fd-bf1c-b16a-19ed69ac2a3e"",
  ""system"": ""teiren_cloud"",
  ""t_event_id"": ""ACCOUNT-S505"",
  ""t_user_id"": ""317f64abaa2282480082cb73a793fe857ccb3c4b3e1f0e5df2afb748e05ae9dd"",
  ""tag_name"": ""teiren_audit"",
  ""tc_act"": ""IAM_LOGIN_SUCCESS"",
  ""tc_deviceProduct"": ""TEIREN_AUDIT"",
  ""tc_deviceVendor"": ""TEIREN"",
  ""tc_msg"": ""IAM 계정 로그인 성공"",
  ""tc_request"": ""/api/account/login_sub_account"",
  ""tc_requestClientApplication"": ""Mozilla/5.0 (Macintosh; Intel Mac OS X 10_15_7) AppleWebKit/537.36 (KHTML, like Gecko) Chrome/152.0.0.0 Safari/537.36"",
  ""tc_src"": ""10.20.10.21"",
  ""tc_suser"": ""ops01@lab.internal"",
  ""teiren_timestamp"": ""2026-10-05T00:10:30.488Z"",
  ""tenancy"": ""c0ffee12a1b24d6e9f0a1234567890ab""
}",2026-09-27 02:16:30.968
"{
  ""doc_id"": ""01478599-bd1f-c579-740a-815ab83fbc4f"",
  ""system"": ""teiren_cloud"",
  ""t_event_id"": ""ACCOUNT-S801"",
  ""t_user_id"": ""317f64abaa2282480082cb73a793fe857ccb3c4b3e1f0e5df2afb748e05ae9dd"",
  ""tag_name"": ""teiren_audit"",
  ""tc_act"": ""SESSION_REFRESH"",
  ""tc_deviceProduct"": ""TEIREN_AUDIT"",
  ""tc_deviceVendor"": ""TEIREN"",
  ""tc_msg"": ""세션 재발급 성공"",
  ""tc_request"": ""/api/account/refresh"",
  ""tc_requestClientApplication"": ""Mozilla/5.0 (Macintosh; Intel Mac OS X 10_15_7) AppleWebKit/537.36 (KHTML, like Gecko) Chrome/152.0.0.0 Safari/537.36"",
  ""tc_src"": ""10.20.10.21"",
  ""tc_suser"": ""ops01@lab.internal"",
  ""teiren_timestamp"": ""2026-10-05T00:11:08.488Z"",
  ""tenancy"": ""c0ffee12a1b24d6e9f0a1234567890ab""
}",2026-09-27 02:16:30.968
"{
  ""doc_id"": ""0181b87c-d6b2-0fe2-a5ed-63f7cc1b25d4"",
  ""system"": ""teiren_cloud"",
  ""t_event_id"": ""RESOURCE-S302"",
  ""t_user_id"": ""317f64abaa2282480082cb73a793fe857ccb3c4b3e1f0e5df2afb748e05ae9dd"",
  ""tag_name"": ""teiren_audit"",
  ""tc_act"": ""INTEGRATION_STATUS_UPDATE"",
  ""tc_deviceProduct"": ""TEIREN_AUDIT"",
  ""tc_deviceVendor"": ""TEIREN"",
  ""tc_msg"": ""연동 상태 수정 성공"",
  ""tc_request"": ""/api/resource/collect"",
  ""tc_requestClientApplication"": ""Mozilla/5.0 (Macintosh; Intel Mac OS X 10_15_7) AppleWebKit/537.36 (KHTML, like Gecko) Chrome/152.0.0.0 Safari/537.36"",
  ""tc_src"": ""10.20.10.21"",
  ""tc_suser"": ""ops01@lab.internal"",
  ""teiren_timestamp"": ""2026-10-05T00:11:58.488Z"",
  ""tenancy"": ""c0ffee12a1b24d6e9f0a1234567890ab""
}",2026-09-27 02:16:30.968
"{
  ""doc_id"": ""01f2bc86-1f9a-73bb-3144-3b0b313e6330"",
  ""system"": ""teiren_cloud"",
  ""t_event_id"": ""ACCOUNT-S505"",
  ""t_user_id"": ""fe29336cd66e0e20c63728e9d736af8b3edf0f2d0a41f4cf932709c11c50d4a4"",
  ""tag_name"": ""teiren_audit"",
  ""tc_act"": ""IAM_LOGIN_SUCCESS"",
  ""tc_deviceProduct"": ""TEIREN_AUDIT"",
  ""tc_deviceVendor"": ""TEIREN"",
  ""tc_msg"": ""IAM 계정 로그인 성공"",
  ""tc_request"": ""/api/account/login_sub_account"",
  ""tc_requestClientApplication"": ""Mozilla/5.0 (Macintosh; Intel Mac OS X 10_15_7) AppleWebKit/537.36 (KHTML, like Gecko) Chrome/152.0.0.0 Safari/537.36"",
  ""tc_src"": ""10.20.10.11"",
  ""tc_suser"": ""dev01@lab.internal"",
  ""teiren_timestamp"": ""2026-10-05T00:32:07.892Z"",
  ""tenancy"": ""c0ffee12a1b24d6e9f0a1234567890ab""
}",2026-09-27 02:16:30.968
"{
  ""doc_id"": ""01b024a3-737c-f5fc-16e6-744688967c69"",
  ""system"": ""teiren_cloud"",
  ""t_event_id"": ""ACCOUNT-S801"",
  ""t_user_id"": ""fe29336cd66e0e20c63728e9d736af8b3edf0f2d0a41f4cf932709c11c50d4a4"",
  ""tag_name"": ""teiren_audit"",
  ""tc_act"": ""SESSION_REFRESH"",
  ""tc_deviceProduct"": ""TEIREN_AUDIT"",
  ""tc_deviceVendor"": ""TEIREN"",
  ""tc_msg"": ""세션 재발급 성공"",
  ""tc_request"": ""/api/account/refresh"",
  ""tc_requestClientApplication"": ""Mozilla/5.0 (Macintosh; Intel Mac OS X 10_15_7) AppleWebKit/537.36 (KHTML, like Gecko) Chrome/152.0.0.0 Safari/537.36"",
  ""tc_src"": ""10.20.10.11"",
  ""tc_suser"": ""dev01@lab.internal"",
  ""teiren_timestamp"": ""2026-10-05T00:32:45.892Z"",
  ""tenancy"": ""c0ffee12a1b24d6e9f0a1234567890ab""
}",2026-09-27 02:16:30.968
"{
  ""doc_id"": ""01714307-7983-b67f-e0cb-a00634cc3daa"",
  ""system"": ""teiren_cloud"",
  ""t_event_id"": ""DASHBOARD-S301"",
  ""t_user_id"": ""fe29336cd66e0e20c63728e9d736af8b3edf0f2d0a41f4cf932709c11c50d4a4"",
  ""tag_name"": ""teiren_audit"",
  ""tc_act"": ""DASHBOARD_LAYOUT_VIEW_UPDATE"",
  ""tc_deviceProduct"": ""TEIREN_AUDIT"",
  ""tc_deviceVendor"": ""TEIREN"",
  ""tc_msg"": ""대시보드 레이아웃 수정 성공"",
  ""tc_request"": ""/api/dashboard_info/layout"",
  ""tc_requestClientApplication"": ""Mozilla/5.0 (Macintosh; Intel Mac OS X 10_15_7) AppleWebKit/537.36 (KHTML, like Gecko) Chrome/152.0.0.0 Safari/537.36"",
  ""tc_src"": ""10.20.10.11"",
  ""tc_suser"": ""dev01@lab.internal"",
  ""teiren_timestamp"": ""2026-10-05T00:33:35.892Z"",
  ""tenancy"": ""c0ffee12a1b24d6e9f0a1234567890ab""
}",2026-09-27 02:16:30.968
"{
  ""doc_id"": ""018686de-8edd-bfbf-be64-6c596ac80e10"",
  ""system"": ""teiren_cloud"",
  ""t_event_id"": ""ACCOUNT-S505"",
  ""t_user_id"": ""56a0f04a707318bc9f9edb47119ad8f4d863143a8a26e0cf4f692d612eb9817a"",
  ""tag_name"": ""teiren_audit"",
  ""tc_act"": ""IAM_LOGIN_SUCCESS"",
  ""tc_deviceProduct"": ""TEIREN_AUDIT"",
  ""tc_deviceVendor"": ""TEIREN"",
  ""tc_msg"": ""IAM 계정 로그인 성공"",
  ""tc_request"": ""/api/account/login_sub_account"",
  ""tc_requestClientApplication"": ""Mozilla/5.0 (Macintosh; Intel Mac OS X 10_15_7) AppleWebKit/537.36 (KHTML, like Gecko) Chrome/152.0.0.0 Safari/537.36"",
  ""tc_src"": ""10.20.10.12"",
  ""tc_suser"": ""dev02@lab.internal"",
  ""teiren_timestamp"": ""2026-10-05T01:16:15.875Z"",
  ""tenancy"": ""c0ffee12a1b24d6e9f0a1234567890ab""
}",2026-09-27 02:16:30.968
"{
  ""doc_id"": ""018522cd-d970-4718-5471-a3242cbd4562"",
  ""system"": ""teiren_cloud"",
  ""t_event_id"": ""ACCOUNT-S801"",
  ""t_user_id"": ""56a0f04a707318bc9f9edb47119ad8f4d863143a8a26e0cf4f692d612eb9817a"",
  ""tag_name"": ""teiren_audit"",
  ""tc_act"": ""SESSION_REFRESH"",
  ""tc_deviceProduct"": ""TEIREN_AUDIT"",
  ""tc_deviceVendor"": ""TEIREN"",
  ""tc_msg"": ""세션 재발급 성공"",
  ""tc_request"": ""/api/account/refresh"",
  ""tc_requestClientApplication"": ""Mozilla/5.0 (Macintosh; Intel Mac OS X 10_15_7) AppleWebKit/537.36 (KHTML, like Gecko) Chrome/152.0.0.0 Safari/537.36"",
  ""tc_src"": ""10.20.10.12"",
  ""tc_suser"": ""dev02@lab.internal"",
  ""teiren_timestamp"": ""2026-10-05T01:16:53.875Z"",
  ""tenancy"": ""c0ffee12a1b24d6e9f0a1234567890ab""
}",2026-09-27 02:16:30.968
"{
  ""doc_id"": ""0185363f-b148-a4a5-cc21-02feffe7a08e"",
  ""system"": ""teiren_cloud"",
  ""t_event_id"": ""DASHBOARD-S301"",
  ""t_user_id"": ""56a0f04a707318bc9f9edb47119ad8f4d863143a8a26e0cf4f692d612eb9817a"",
  ""tag_name"": ""teiren_audit"",
  ""tc_act"": ""DASHBOARD_LAYOUT_VIEW_UPDATE"",
  ""tc_deviceProduct"": ""TEIREN_AUDIT"",
  ""tc_deviceVendor"": ""TEIREN"",
  ""tc_msg"": ""대시보드 레이아웃 수정 성공"",
  ""tc_request"": ""/api/dashboard_info/layout"",
  ""tc_requestClientApplication"": ""Mozilla/5.0 (Macintosh; Intel Mac OS X 10_15_7) AppleWebKit/537.36 (KHTML, like Gecko) Chrome/152.0.0.0 Safari/537.36"",
  ""tc_src"": ""10.20.10.12"",
  ""tc_suser"": ""dev02@lab.internal"",
  ""teiren_timestamp"": ""2026-10-05T01:17:43.875Z"",
  ""tenancy"": ""c0ffee12a1b24d6e9f0a1234567890ab""
}",2026-09-27 02:16:30.968
"{
  ""doc_id"": ""012939d4-56a5-ce0e-26e8-6415b5768197"",
  ""system"": ""teiren_cloud"",
  ""t_event_id"": ""ACCOUNT-S505"",
  ""t_user_id"": ""317f64abaa2282480082cb73a793fe857ccb3c4b3e1f0e5df2afb748e05ae9dd"",
  ""tag_name"": ""teiren_audit"",
  ""tc_act"": ""IAM_LOGIN_SUCCESS"",
  ""tc_deviceProduct"": ""TEIREN_AUDIT"",
  ""tc_deviceVendor"": ""TEIREN"",
  ""tc_msg"": ""IAM 계정 로그인 성공"",
  ""tc_request"": ""/api/account/login_sub_account"",
  ""tc_requestClientApplication"": ""Mozilla/5.0 (Macintosh; Intel Mac OS X 10_15_7) AppleWebKit/537.36 (KHTML, like Gecko) Chrome/152.0.0.0 Safari/537.36"",
  ""tc_src"": ""10.20.10.21"",
  ""tc_suser"": ""ops01@lab.internal"",
  ""teiren_timestamp"": ""2026-10-05T01:26:14.673Z"",
  ""tenancy"": ""c0ffee12a1b24d6e9f0a1234567890ab""
}",2026-09-27 02:16:30.968
"{
  ""doc_id"": ""01f82b4c-6d02-334c-a309-1d49d2ed4773"",
  ""system"": ""teiren_cloud"",
  ""t_event_id"": ""ACCOUNT-S801"",
  ""t_user_id"": ""317f64abaa2282480082cb73a793fe857ccb3c4b3e1f0e5df2afb748e05ae9dd"",
  ""tag_name"": ""teiren_audit"",
  ""tc_act"": ""SESSION_REFRESH"",
  ""tc_deviceProduct"": ""TEIREN_AUDIT"",
  ""tc_deviceVendor"": ""TEIREN"",
  ""tc_msg"": ""세션 재발급 성공"",
  ""tc_request"": ""/api/account/refresh"",
  ""tc_requestClientApplication"": ""Mozilla/5.0 (Macintosh; Intel Mac OS X 10_15_7) AppleWebKit/537.36 (KHTML, like Gecko) Chrome/152.0.0.0 Safari/537.36"",
  ""tc_src"": ""10.20.10.21"",
  ""tc_suser"": ""ops01@lab.internal"",
  ""teiren_timestamp"": ""2026-10-05T01:26:52.673Z"",
  ""tenancy"": ""c0ffee12a1b24d6e9f0a1234567890ab""
}",2026-09-27 02:16:30.968
"{
  ""doc_id"": ""012a3641-9790-14c3-f7f4-f0d7c950b8cd"",
  ""system"": ""teiren_cloud"",
  ""t_event_id"": ""RESOURCE-S302"",
  ""t_user_id"": ""317f64abaa2282480082cb73a793fe857ccb3c4b3e1f0e5df2afb748e05ae9dd"",
  ""tag_name"": ""teiren_audit"",
  ""tc_act"": ""INTEGRATION_STATUS_UPDATE"",
  ""tc_deviceProduct"": ""TEIREN_AUDIT"",
  ""tc_deviceVendor"": ""TEIREN"",
  ""tc_msg"": ""연동 상태 수정 성공"",
  ""tc_request"": ""/api/resource/collect"",
  ""tc_requestClientApplication"": ""Mozilla/5.0 (Macintosh; Intel Mac OS X 10_15_7) AppleWebKit/537.36 (KHTML, like Gecko) Chrome/152.0.0.0 Safari/537.36"",
  ""tc_src"": ""10.20.10.21"",
  ""tc_suser"": ""ops01@lab.internal"",
  ""teiren_timestamp"": ""2026-10-05T01:27:42.673Z"",
  ""tenancy"": ""c0ffee12a1b24d6e9f0a1234567890ab""
}",2026-09-27 02:16:30.968
"{
  ""doc_id"": ""01a18bce-ccdf-8bb5-52e2-627302de792c"",
  ""system"": ""teiren_cloud"",
  ""t_event_id"": ""ACCOUNT-S505"",
  ""t_user_id"": ""56a0f04a707318bc9f9edb47119ad8f4d863143a8a26e0cf4f692d612eb9817a"",
  ""tag_name"": ""teiren_audit"",
  ""tc_act"": ""IAM_LOGIN_SUCCESS"",
  ""tc_deviceProduct"": ""TEIREN_AUDIT"",
  ""tc_deviceVendor"": ""TEIREN"",
  ""tc_msg"": ""IAM 계정 로그인 성공"",
  ""tc_request"": ""/api/account/login_sub_account"",
  ""tc_requestClientApplication"": ""Mozilla/5.0 (Macintosh; Intel Mac OS X 10_15_7) AppleWebKit/537.36 (KHTML, like Gecko) Chrome/152.0.0.0 Safari/537.36"",
  ""tc_src"": ""10.20.10.12"",
  ""tc_suser"": ""dev02@lab.internal"",
  ""teiren_timestamp"": ""2026-10-05T02:37:44.148Z"",
  ""tenancy"": ""c0ffee12a1b24d6e9f0a1234567890ab""
}",2026-09-27 02:16:30.968
"{
  ""doc_id"": ""01a6e84f-2b1b-b106-ca49-f76fe64996d8"",
  ""system"": ""teiren_cloud"",
  ""t_event_id"": ""ACCOUNT-S801"",
  ""t_user_id"": ""56a0f04a707318bc9f9edb47119ad8f4d863143a8a26e0cf4f692d612eb9817a"",
  ""tag_name"": ""teiren_audit"",
  ""tc_act"": ""SESSION_REFRESH"",
  ""tc_deviceProduct"": ""TEIREN_AUDIT"",
  ""tc_deviceVendor"": ""TEIREN"",
  ""tc_msg"": ""세션 재발급 성공"",
  ""tc_request"": ""/api/account/refresh"",
  ""tc_requestClientApplication"": ""Mozilla/5.0 (Macintosh; Intel Mac OS X 10_15_7) AppleWebKit/537.36 (KHTML, like Gecko) Chrome/152.0.0.0 Safari/537.36"",
  ""tc_src"": ""10.20.10.12"",
  ""tc_suser"": ""dev02@lab.internal"",
  ""teiren_timestamp"": ""2026-10-05T02:38:22.148Z"",
  ""tenancy"": ""c0ffee12a1b24d6e9f0a1234567890ab""
}",2026-09-27 02:16:30.968
"{
  ""doc_id"": ""01f906dc-8485-8a83-d217-fb99c98b045e"",
  ""system"": ""teiren_cloud"",
  ""t_event_id"": ""DASHBOARD-S301"",
  ""t_user_id"": ""56a0f04a707318bc9f9edb47119ad8f4d863143a8a26e0cf4f692d612eb9817a"",
  ""tag_name"": ""teiren_audit"",
  ""tc_act"": ""DASHBOARD_LAYOUT_VIEW_UPDATE"",
  ""tc_deviceProduct"": ""TEIREN_AUDIT"",
  ""tc_deviceVendor"": ""TEIREN"",
  ""tc_msg"": ""대시보드 레이아웃 수정 성공"",
  ""tc_request"": ""/api/dashboard_info/layout"",
  ""tc_requestClientApplication"": ""Mozilla/5.0 (Macintosh; Intel Mac OS X 10_15_7) AppleWebKit/537.36 (KHTML, like Gecko) Chrome/152.0.0.0 Safari/537.36"",
  ""tc_src"": ""10.20.10.12"",
  ""tc_suser"": ""dev02@lab.internal"",
  ""teiren_timestamp"": ""2026-10-05T02:39:12.148Z"",
  ""tenancy"": ""c0ffee12a1b24d6e9f0a1234567890ab""
}",2026-09-27 02:16:30.968
"{
  ""doc_id"": ""01fbf255-f877-0c5f-1b2f-494fa83dc53b"",
  ""system"": ""teiren_cloud"",
  ""t_event_id"": ""ACCOUNT-S501"",
  ""t_user_id"": ""3fddc8f2cea3f9ec4c966cc6b114d23338e20b90ef0b0c2e2373049ff18193d9"",
  ""tag_name"": ""teiren_audit"",
  ""tc_act"": ""ROOT_LOGIN_NO_MFA"",
  ""tc_deviceProduct"": ""TEIREN_AUDIT"",
  ""tc_deviceVendor"": ""TEIREN"",
  ""tc_msg"": ""Root 계정 로그인 성공"",
  ""tc_request"": ""/api/account/login_root"",
  ""tc_requestClientApplication"": ""Mozilla/5.0 (Macintosh; Intel Mac OS X 10_15_7) AppleWebKit/537.36 (KHTML, like Gecko) Chrome/152.0.0.0 Safari/537.36"",
  ""tc_src"": ""10.20.10.71"",
  ""tc_suser"": ""admin01@lab.internal"",
  ""teiren_timestamp"": ""2026-10-05T04:48:03.240Z"",
  ""tenancy"": ""c0ffee12a1b24d6e9f0a1234567890ab""
}",2026-09-27 02:16:30.968
"{
  ""doc_id"": ""01a54fd2-c73a-8b7a-b01b-7631d6112391"",
  ""system"": ""teiren_cloud"",
  ""t_event_id"": ""ACCOUNT-S801"",
  ""t_user_id"": ""3fddc8f2cea3f9ec4c966cc6b114d23338e20b90ef0b0c2e2373049ff18193d9"",
  ""tag_name"": ""teiren_audit"",
  ""tc_act"": ""SESSION_REFRESH"",
  ""tc_deviceProduct"": ""TEIREN_AUDIT"",
  ""tc_deviceVendor"": ""TEIREN"",
  ""tc_msg"": ""세션 재발급 성공"",
  ""tc_request"": ""/api/account/refresh"",
  ""tc_requestClientApplication"": ""Mozilla/5.0 (Macintosh; Intel Mac OS X 10_15_7) AppleWebKit/537.36 (KHTML, like Gecko) Chrome/152.0.0.0 Safari/537.36"",
  ""tc_src"": ""10.20.10.71"",
  ""tc_suser"": ""admin01@lab.internal"",
  ""teiren_timestamp"": ""2026-10-05T04:48:41.240Z"",
  ""tenancy"": ""c0ffee12a1b24d6e9f0a1234567890ab""
}",2026-09-27 02:16:30.968
"{
  ""doc_id"": ""0152a3e1-d098-7796-292a-203d00cb54e5"",
  ""system"": ""teiren_cloud"",
  ""t_event_id"": ""DASHBOARD-S301"",
  ""t_user_id"": ""3fddc8f2cea3f9ec4c966cc6b114d23338e20b90ef0b0c2e2373049ff18193d9"",
  ""tag_name"": ""teiren_audit"",
  ""tc_act"": ""DASHBOARD_LAYOUT_VIEW_UPDATE"",
  ""tc_deviceProduct"": ""TEIREN_AUDIT"",
  ""tc_deviceVendor"": ""TEIREN"",
  ""tc_msg"": ""대시보드 레이아웃 수정 성공"",
  ""tc_request"": ""/api/dashboard_info/layout"",
  ""tc_requestClientApplication"": ""Mozilla/5.0 (Macintosh; Intel Mac OS X 10_15_7) AppleWebKit/537.36 (KHTML, like Gecko) Chrome/152.0.0.0 Safari/537.36"",
  ""tc_src"": ""10.20.10.71"",
  ""tc_suser"": ""admin01@lab.internal"",
  ""teiren_timestamp"": ""2026-10-05T04:49:31.240Z"",
  ""tenancy"": ""c0ffee12a1b24d6e9f0a1234567890ab""
}",2026-09-27 02:16:30.968
"{
  ""doc_id"": ""0181874a-ba69-813a-7b76-6b4ae2654660"",
  ""system"": ""teiren_cloud"",
  ""t_event_id"": ""ACCOUNT-S505"",
  ""t_user_id"": ""98fdf34aeba0149327f7715ae84d8f2c464efdcafdf00d4dccc8fbaed8748ee1"",
  ""tag_name"": ""teiren_audit"",
  ""tc_act"": ""IAM_LOGIN_SUCCESS"",
  ""tc_deviceProduct"": ""TEIREN_AUDIT"",
  ""tc_deviceVendor"": ""TEIREN"",
  ""tc_msg"": ""IAM 계정 로그인 성공"",
  ""tc_request"": ""/api/account/login_sub_account"",
  ""tc_requestClientApplication"": ""Mozilla/5.0 (Macintosh; Intel Mac OS X 10_15_7) AppleWebKit/537.36 (KHTML, like Gecko) Chrome/152.0.0.0 Safari/537.36"",
  ""tc_src"": ""10.20.10.51"",
  ""tc_suser"": ""analyst01@lab.internal"",
  ""teiren_timestamp"": ""2026-10-05T05:06:36.608Z"",
  ""tenancy"": ""c0ffee12a1b24d6e9f0a1234567890ab""
}",2026-09-27 02:16:30.968
"{
  ""doc_id"": ""01dc51df-f1c6-af7b-e13d-d1f3f95036d2"",
  ""system"": ""teiren_cloud"",
  ""t_event_id"": ""ACCOUNT-S801"",
  ""t_user_id"": ""98fdf34aeba0149327f7715ae84d8f2c464efdcafdf00d4dccc8fbaed8748ee1"",
  ""tag_name"": ""teiren_audit"",
  ""tc_act"": ""SESSION_REFRESH"",
  ""tc_deviceProduct"": ""TEIREN_AUDIT"",
  ""tc_deviceVendor"": ""TEIREN"",
  ""tc_msg"": ""세션 재발급 성공"",
  ""tc_request"": ""/api/account/refresh"",
  ""tc_requestClientApplication"": ""Mozilla/5.0 (Macintosh; Intel Mac OS X 10_15_7) AppleWebKit/537.36 (KHTML, like Gecko) Chrome/152.0.0.0 Safari/537.36"",
  ""tc_src"": ""10.20.10.51"",
  ""tc_suser"": ""analyst01@lab.internal"",
  ""teiren_timestamp"": ""2026-10-05T05:07:14.608Z"",
  ""tenancy"": ""c0ffee12a1b24d6e9f0a1234567890ab""
}",2026-09-27 02:16:30.968
"{
  ""doc_id"": ""01f9b424-f0a7-4e77-fd6d-e6e2673597e7"",
  ""system"": ""teiren_cloud"",
  ""t_event_id"": ""LOG-S301"",
  ""t_user_id"": ""98fdf34aeba0149327f7715ae84d8f2c464efdcafdf00d4dccc8fbaed8748ee1"",
  ""tag_name"": ""teiren_audit"",
  ""tc_act"": ""LOG_COLUMN_VIEW_UPDATE"",
  ""tc_deviceProduct"": ""TEIREN_AUDIT"",
  ""tc_deviceVendor"": ""TEIREN"",
  ""tc_msg"": ""로그 컬럼 보기 수정 성공"",
  ""tc_request"": ""/api/logs/column"",
  ""tc_requestClientApplication"": ""Mozilla/5.0 (Macintosh; Intel Mac OS X 10_15_7) AppleWebKit/537.36 (KHTML, like Gecko) Chrome/152.0.0.0 Safari/537.36"",
  ""tc_src"": ""10.20.10.51"",
  ""tc_suser"": ""analyst01@lab.internal"",
  ""teiren_timestamp"": ""2026-10-05T05:08:04.608Z"",
  ""tenancy"": ""c0ffee12a1b24d6e9f0a1234567890ab""
}",2026-09-27 02:16:30.968
"{
  ""doc_id"": ""01ea2279-2c68-d428-5d1e-4299e996b415"",
  ""system"": ""teiren_cloud"",
  ""t_event_id"": ""ACCOUNT-S505"",
  ""t_user_id"": ""e4afab0fb14e16dc0d365415df887786ddc2a78cfa31e91ecd965540042f03ad"",
  ""tag_name"": ""teiren_audit"",
  ""tc_act"": ""IAM_LOGIN_SUCCESS"",
  ""tc_deviceProduct"": ""TEIREN_AUDIT"",
  ""tc_deviceVendor"": ""TEIREN"",
  ""tc_msg"": ""IAM 계정 로그인 성공"",
  ""tc_request"": ""/api/account/login_sub_account"",
  ""tc_requestClientApplication"": ""Mozilla/5.0 (Macintosh; Intel Mac OS X 10_15_7) AppleWebKit/537.36 (KHTML, like Gecko) Chrome/152.0.0.0 Safari/537.36"",
  ""tc_src"": ""10.20.10.61"",
  ""tc_suser"": ""intern01@lab.internal"",
  ""teiren_timestamp"": ""2026-10-05T06:27:03.169Z"",
  ""tenancy"": ""c0ffee12a1b24d6e9f0a1234567890ab""
}",2026-09-27 02:16:30.968
"{
  ""doc_id"": ""01c768c8-12de-7553-f34e-92e7807f0266"",
  ""system"": ""teiren_cloud"",
  ""t_event_id"": ""ACCOUNT-S801"",
  ""t_user_id"": ""e4afab0fb14e16dc0d365415df887786ddc2a78cfa31e91ecd965540042f03ad"",
  ""tag_name"": ""teiren_audit"",
  ""tc_act"": ""SESSION_REFRESH"",
  ""tc_deviceProduct"": ""TEIREN_AUDIT"",
  ""tc_deviceVendor"": ""TEIREN"",
  ""tc_msg"": ""세션 재발급 성공"",
  ""tc_request"": ""/api/account/refresh"",
  ""tc_requestClientApplication"": ""Mozilla/5.0 (Macintosh; Intel Mac OS X 10_15_7) AppleWebKit/537.36 (KHTML, like Gecko) Chrome/152.0.0.0 Safari/537.36"",
  ""tc_src"": ""10.20.10.61"",
  ""tc_suser"": ""intern01@lab.internal"",
  ""teiren_timestamp"": ""2026-10-05T06:27:41.169Z"",
  ""tenancy"": ""c0ffee12a1b24d6e9f0a1234567890ab""
}",2026-09-27 02:16:30.968
"{
  ""doc_id"": ""016e92f9-c12b-119b-7641-4753b8223b9d"",
  ""system"": ""teiren_cloud"",
  ""t_event_id"": ""LOG-S301"",
  ""t_user_id"": ""e4afab0fb14e16dc0d365415df887786ddc2a78cfa31e91ecd965540042f03ad"",
  ""tag_name"": ""teiren_audit"",
  ""tc_act"": ""LOG_COLUMN_VIEW_UPDATE"",
  ""tc_deviceProduct"": ""TEIREN_AUDIT"",
  ""tc_deviceVendor"": ""TEIREN"",
  ""tc_msg"": ""로그 컬럼 보기 수정 성공"",
  ""tc_request"": ""/api/logs/column"",
  ""tc_requestClientApplication"": ""Mozilla/5.0 (Macintosh; Intel Mac OS X 10_15_7) AppleWebKit/537.36 (KHTML, like Gecko) Chrome/152.0.0.0 Safari/537.36"",
  ""tc_src"": ""10.20.10.61"",
  ""tc_suser"": ""intern01@lab.internal"",
  ""teiren_timestamp"": ""2026-10-05T06:28:31.169Z"",
  ""tenancy"": ""c0ffee12a1b24d6e9f0a1234567890ab""
}",2026-09-27 02:16:30.968
"{
  ""doc_id"": ""01a68080-2391-ecaa-1053-537a1a0ee11b"",
  ""system"": ""teiren_cloud"",
  ""t_event_id"": ""ACCOUNT-S505"",
  ""t_user_id"": ""cf8ee8443091707b132a3d3be976b80f68a97126916762537a335e5a0bd02a4b"",
  ""tag_name"": ""teiren_audit"",
  ""tc_act"": ""IAM_LOGIN_SUCCESS"",
  ""tc_deviceProduct"": ""TEIREN_AUDIT"",
  ""tc_deviceVendor"": ""TEIREN"",
  ""tc_msg"": ""IAM 계정 로그인 성공"",
  ""tc_request"": ""/api/account/login_sub_account"",
  ""tc_requestClientApplication"": ""Mozilla/5.0 (Macintosh; Intel Mac OS X 10_15_7) AppleWebKit/537.36 (KHTML, like Gecko) Chrome/152.0.0.0 Safari/537.36"",
  ""tc_src"": ""10.20.10.22"",
  ""tc_suser"": ""ops02@lab.internal"",
  ""teiren_timestamp"": ""2026-10-05T06:29:54.044Z"",
  ""tenancy"": ""c0ffee12a1b24d6e9f0a1234567890ab""
}",2026-09-27 02:16:30.968
"{
  ""doc_id"": ""0189e300-1711-ea73-f8fe-d5758c2bbb5d"",
  ""system"": ""teiren_cloud"",
  ""t_event_id"": ""ACCOUNT-S801"",
  ""t_user_id"": ""cf8ee8443091707b132a3d3be976b80f68a97126916762537a335e5a0bd02a4b"",
  ""tag_name"": ""teiren_audit"",
  ""tc_act"": ""SESSION_REFRESH"",
  ""tc_deviceProduct"": ""TEIREN_AUDIT"",
  ""tc_deviceVendor"": ""TEIREN"",
  ""tc_msg"": ""세션 재발급 성공"",
  ""tc_request"": ""/api/account/refresh"",
  ""tc_requestClientApplication"": ""Mozilla/5.0 (Macintosh; Intel Mac OS X 10_15_7) AppleWebKit/537.36 (KHTML, like Gecko) Chrome/152.0.0.0 Safari/537.36"",
  ""tc_src"": ""10.20.10.22"",
  ""tc_suser"": ""ops02@lab.internal"",
  ""teiren_timestamp"": ""2026-10-05T06:30:32.044Z"",
  ""tenancy"": ""c0ffee12a1b24d6e9f0a1234567890ab""
}",2026-09-27 02:16:30.968
"{
  ""doc_id"": ""011dc51b-030c-154c-a5c0-84827a74e34f"",
  ""system"": ""teiren_cloud"",
  ""t_event_id"": ""RESOURCE-S302"",
  ""t_user_id"": ""cf8ee8443091707b132a3d3be976b80f68a97126916762537a335e5a0bd02a4b"",
  ""tag_name"": ""teiren_audit"",
  ""tc_act"": ""INTEGRATION_STATUS_UPDATE"",
  ""tc_deviceProduct"": ""TEIREN_AUDIT"",
  ""tc_deviceVendor"": ""TEIREN"",
  ""tc_msg"": ""연동 상태 수정 성공"",
  ""tc_request"": ""/api/resource/collect"",
  ""tc_requestClientApplication"": ""Mozilla/5.0 (Macintosh; Intel Mac OS X 10_15_7) AppleWebKit/537.36 (KHTML, like Gecko) Chrome/152.0.0.0 Safari/537.36"",
  ""tc_src"": ""10.20.10.22"",
  ""tc_suser"": ""ops02@lab.internal"",
  ""teiren_timestamp"": ""2026-10-05T06:31:22.044Z"",
  ""tenancy"": ""c0ffee12a1b24d6e9f0a1234567890ab""
}",2026-09-27 02:16:30.968
"{
  ""doc_id"": ""01fd73ce-890d-b3fc-b2ec-be8e27d9a87a"",
  ""system"": ""teiren_cloud"",
  ""t_event_id"": ""ACCOUNT-S505"",
  ""t_user_id"": ""fb850da41982d343a8e8587be9997a2a3b7997720fd50bd9bb01e5ff8930cc79"",
  ""tag_name"": ""teiren_audit"",
  ""tc_act"": ""IAM_LOGIN_SUCCESS"",
  ""tc_deviceProduct"": ""TEIREN_AUDIT"",
  ""tc_deviceVendor"": ""TEIREN"",
  ""tc_msg"": ""IAM 계정 로그인 성공"",
  ""tc_request"": ""/api/account/login_sub_account"",
  ""tc_requestClientApplication"": ""Mozilla/5.0 (Macintosh; Intel Mac OS X 10_15_7) AppleWebKit/537.36 (KHTML, like Gecko) Chrome/152.0.0.0 Safari/537.36"",
  ""tc_src"": ""10.20.10.81"",
  ""tc_suser"": ""web01@lab.internal"",
  ""teiren_timestamp"": ""2026-10-05T09:02:36.163Z"",
  ""tenancy"": ""c0ffee12a1b24d6e9f0a1234567890ab""
}",2026-09-27 02:16:30.968
"{
  ""doc_id"": ""018e2a3f-df11-a786-0dee-ed3da6e08215"",
  ""system"": ""teiren_cloud"",
  ""t_event_id"": ""ACCOUNT-S801"",
  ""t_user_id"": ""fb850da41982d343a8e8587be9997a2a3b7997720fd50bd9bb01e5ff8930cc79"",
  ""tag_name"": ""teiren_audit"",
  ""tc_act"": ""SESSION_REFRESH"",
  ""tc_deviceProduct"": ""TEIREN_AUDIT"",
  ""tc_deviceVendor"": ""TEIREN"",
  ""tc_msg"": ""세션 재발급 성공"",
  ""tc_request"": ""/api/account/refresh"",
  ""tc_requestClientApplication"": ""Mozilla/5.0 (Macintosh; Intel Mac OS X 10_15_7) AppleWebKit/537.36 (KHTML, like Gecko) Chrome/152.0.0.0 Safari/537.36"",
  ""tc_src"": ""10.20.10.81"",
  ""tc_suser"": ""web01@lab.internal"",
  ""teiren_timestamp"": ""2026-10-05T09:03:14.163Z"",
  ""tenancy"": ""c0ffee12a1b24d6e9f0a1234567890ab""
}",2026-09-27 02:16:30.968
"{
  ""doc_id"": ""0134e2e2-f556-d5d1-7580-25a3e08aff90"",
  ""system"": ""teiren_cloud"",
  ""t_event_id"": ""DASHBOARD-S301"",
  ""t_user_id"": ""fb850da41982d343a8e8587be9997a2a3b7997720fd50bd9bb01e5ff8930cc79"",
  ""tag_name"": ""teiren_audit"",
  ""tc_act"": ""DASHBOARD_LAYOUT_VIEW_UPDATE"",
  ""tc_deviceProduct"": ""TEIREN_AUDIT"",
  ""tc_deviceVendor"": ""TEIREN"",
  ""tc_msg"": ""대시보드 레이아웃 수정 성공"",
  ""tc_request"": ""/api/dashboard_info/layout"",
  ""tc_requestClientApplication"": ""Mozilla/5.0 (Macintosh; Intel Mac OS X 10_15_7) AppleWebKit/537.36 (KHTML, like Gecko) Chrome/152.0.0.0 Safari/537.36"",
  ""tc_src"": ""10.20.10.81"",
  ""tc_suser"": ""web01@lab.internal"",
  ""teiren_timestamp"": ""2026-10-05T09:04:04.163Z"",
  ""tenancy"": ""c0ffee12a1b24d6e9f0a1234567890ab""
}",2026-09-27 02:16:30.968
"{
  ""doc_id"": ""012714e6-98e4-7e10-aba4-81860ae06116"",
  ""system"": ""teiren_cloud"",
  ""t_event_id"": ""ACCOUNT-S505"",
  ""t_user_id"": ""fb850da41982d343a8e8587be9997a2a3b7997720fd50bd9bb01e5ff8930cc79"",
  ""tag_name"": ""teiren_audit"",
  ""tc_act"": ""IAM_LOGIN_SUCCESS"",
  ""tc_deviceProduct"": ""TEIREN_AUDIT"",
  ""tc_deviceVendor"": ""TEIREN"",
  ""tc_msg"": ""IAM 계정 로그인 성공"",
  ""tc_request"": ""/api/account/login_sub_account"",
  ""tc_requestClientApplication"": ""Mozilla/5.0 (Macintosh; Intel Mac OS X 10_15_7) AppleWebKit/537.36 (KHTML, like Gecko) Chrome/152.0.0.0 Safari/537.36"",
  ""tc_src"": ""10.20.10.81"",
  ""tc_suser"": ""web01@lab.internal"",
  ""teiren_timestamp"": ""2026-10-05T10:38:12.569Z"",
  ""tenancy"": ""c0ffee12a1b24d6e9f0a1234567890ab""
}",2026-09-27 02:16:30.968
"{
  ""doc_id"": ""0152b162-54e0-1b9b-19bd-f8bf13776ade"",
  ""system"": ""teiren_cloud"",
  ""t_event_id"": ""ACCOUNT-S801"",
  ""t_user_id"": ""fb850da41982d343a8e8587be9997a2a3b7997720fd50bd9bb01e5ff8930cc79"",
  ""tag_name"": ""teiren_audit"",
  ""tc_act"": ""SESSION_REFRESH"",
  ""tc_deviceProduct"": ""TEIREN_AUDIT"",
  ""tc_deviceVendor"": ""TEIREN"",
  ""tc_msg"": ""세션 재발급 성공"",
  ""tc_request"": ""/api/account/refresh"",
  ""tc_requestClientApplication"": ""Mozilla/5.0 (Macintosh; Intel Mac OS X 10_15_7) AppleWebKit/537.36 (KHTML, like Gecko) Chrome/152.0.0.0 Safari/537.36"",
  ""tc_src"": ""10.20.10.81"",
  ""tc_suser"": ""web01@lab.internal"",
  ""teiren_timestamp"": ""2026-10-05T10:38:50.569Z"",
  ""tenancy"": ""c0ffee12a1b24d6e9f0a1234567890ab""
}",2026-09-27 02:16:30.968
"{
  ""doc_id"": ""01d373a2-84ed-c665-95a8-3658c83542b1"",
  ""system"": ""teiren_cloud"",
  ""t_event_id"": ""DASHBOARD-S301"",
  ""t_user_id"": ""fb850da41982d343a8e8587be9997a2a3b7997720fd50bd9bb01e5ff8930cc79"",
  ""tag_name"": ""teiren_audit"",
  ""tc_act"": ""DASHBOARD_LAYOUT_VIEW_UPDATE"",
  ""tc_deviceProduct"": ""TEIREN_AUDIT"",
  ""tc_deviceVendor"": ""TEIREN"",
  ""tc_msg"": ""대시보드 레이아웃 수정 성공"",
  ""tc_request"": ""/api/dashboard_info/layout"",
  ""tc_requestClientApplication"": ""Mozilla/5.0 (Macintosh; Intel Mac OS X 10_15_7) AppleWebKit/537.36 (KHTML, like Gecko) Chrome/152.0.0.0 Safari/537.36"",
  ""tc_src"": ""10.20.10.81"",
  ""tc_suser"": ""web01@lab.internal"",
  ""teiren_timestamp"": ""2026-10-05T10:39:40.569Z"",
  ""tenancy"": ""c0ffee12a1b24d6e9f0a1234567890ab""
}",2026-09-27 02:16:30.968
"{
  ""doc_id"": ""015dca0c-0b5e-391c-7b30-44a3df3351b8"",
  ""system"": ""teiren_cloud"",
  ""t_event_id"": ""ACCOUNT-S505"",
  ""t_user_id"": ""e4afab0fb14e16dc0d365415df887786ddc2a78cfa31e91ecd965540042f03ad"",
  ""tag_name"": ""teiren_audit"",
  ""tc_act"": ""IAM_LOGIN_SUCCESS"",
  ""tc_deviceProduct"": ""TEIREN_AUDIT"",
  ""tc_deviceVendor"": ""TEIREN"",
  ""tc_msg"": ""IAM 계정 로그인 성공"",
  ""tc_request"": ""/api/account/login_sub_account"",
  ""tc_requestClientApplication"": ""Mozilla/5.0 (Macintosh; Intel Mac OS X 10_15_7) AppleWebKit/537.36 (KHTML, like Gecko) Chrome/152.0.0.0 Safari/537.36"",
  ""tc_src"": ""10.20.10.61"",
  ""tc_suser"": ""intern01@lab.internal"",
  ""teiren_timestamp"": ""2026-10-06T01:28:11.807Z"",
  ""tenancy"": ""c0ffee12a1b24d6e9f0a1234567890ab""
}",2026-09-27 02:16:30.968
"{
  ""doc_id"": ""01a463c9-5609-6613-0600-02370cbe4854"",
  ""system"": ""teiren_cloud"",
  ""t_event_id"": ""ACCOUNT-S801"",
  ""t_user_id"": ""e4afab0fb14e16dc0d365415df887786ddc2a78cfa31e91ecd965540042f03ad"",
  ""tag_name"": ""teiren_audit"",
  ""tc_act"": ""SESSION_REFRESH"",
  ""tc_deviceProduct"": ""TEIREN_AUDIT"",
  ""tc_deviceVendor"": ""TEIREN"",
  ""tc_msg"": ""세션 재발급 성공"",
  ""tc_request"": ""/api/account/refresh"",
  ""tc_requestClientApplication"": ""Mozilla/5.0 (Macintosh; Intel Mac OS X 10_15_7) AppleWebKit/537.36 (KHTML, like Gecko) Chrome/152.0.0.0 Safari/537.36"",
  ""tc_src"": ""10.20.10.61"",
  ""tc_suser"": ""intern01@lab.internal"",
  ""teiren_timestamp"": ""2026-10-06T01:28:49.807Z"",
  ""tenancy"": ""c0ffee12a1b24d6e9f0a1234567890ab""
}",2026-09-27 02:16:30.968
"{
  ""doc_id"": ""01de5407-d2b5-3543-7a5e-9b7cee3db558"",
  ""system"": ""teiren_cloud"",
  ""t_event_id"": ""LOG-S301"",
  ""t_user_id"": ""e4afab0fb14e16dc0d365415df887786ddc2a78cfa31e91ecd965540042f03ad"",
  ""tag_name"": ""teiren_audit"",
  ""tc_act"": ""LOG_COLUMN_VIEW_UPDATE"",
  ""tc_deviceProduct"": ""TEIREN_AUDIT"",
  ""tc_deviceVendor"": ""TEIREN"",
  ""tc_msg"": ""로그 컬럼 보기 수정 성공"",
  ""tc_request"": ""/api/logs/column"",
  ""tc_requestClientApplication"": ""Mozilla/5.0 (Macintosh; Intel Mac OS X 10_15_7) AppleWebKit/537.36 (KHTML, like Gecko) Chrome/152.0.0.0 Safari/537.36"",
  ""tc_src"": ""10.20.10.61"",
  ""tc_suser"": ""intern01@lab.internal"",
  ""teiren_timestamp"": ""2026-10-06T01:29:39.807Z"",
  ""tenancy"": ""c0ffee12a1b24d6e9f0a1234567890ab""
}",2026-09-27 02:16:30.968
"{
  ""doc_id"": ""01f1fbc4-96b6-eefa-1c63-c506e37ea7cf"",
  ""system"": ""teiren_cloud"",
  ""t_event_id"": ""ACCOUNT-S501"",
  ""t_user_id"": ""3fddc8f2cea3f9ec4c966cc6b114d23338e20b90ef0b0c2e2373049ff18193d9"",
  ""tag_name"": ""teiren_audit"",
  ""tc_act"": ""ROOT_LOGIN_NO_MFA"",
  ""tc_deviceProduct"": ""TEIREN_AUDIT"",
  ""tc_deviceVendor"": ""TEIREN"",
  ""tc_msg"": ""Root 계정 로그인 성공"",
  ""tc_request"": ""/api/account/login_root"",
  ""tc_requestClientApplication"": ""Mozilla/5.0 (Macintosh; Intel Mac OS X 10_15_7) AppleWebKit/537.36 (KHTML, like Gecko) Chrome/152.0.0.0 Safari/537.36"",
  ""tc_src"": ""10.20.10.71"",
  ""tc_suser"": ""admin01@lab.internal"",
  ""teiren_timestamp"": ""2026-10-06T01:46:26.308Z"",
  ""tenancy"": ""c0ffee12a1b24d6e9f0a1234567890ab""
}",2026-09-27 02:16:30.968
"{
  ""doc_id"": ""0189b53f-0f88-f036-f396-7fce10c8645f"",
  ""system"": ""teiren_cloud"",
  ""t_event_id"": ""ACCOUNT-S801"",
  ""t_user_id"": ""3fddc8f2cea3f9ec4c966cc6b114d23338e20b90ef0b0c2e2373049ff18193d9"",
  ""tag_name"": ""teiren_audit"",
  ""tc_act"": ""SESSION_REFRESH"",
  ""tc_deviceProduct"": ""TEIREN_AUDIT"",
  ""tc_deviceVendor"": ""TEIREN"",
  ""tc_msg"": ""세션 재발급 성공"",
  ""tc_request"": ""/api/account/refresh"",
  ""tc_requestClientApplication"": ""Mozilla/5.0 (Macintosh; Intel Mac OS X 10_15_7) AppleWebKit/537.36 (KHTML, like Gecko) Chrome/152.0.0.0 Safari/537.36"",
  ""tc_src"": ""10.20.10.71"",
  ""tc_suser"": ""admin01@lab.internal"",
  ""teiren_timestamp"": ""2026-10-06T01:47:04.308Z"",
  ""tenancy"": ""c0ffee12a1b24d6e9f0a1234567890ab""
}",2026-09-27 02:16:30.968
"{
  ""doc_id"": ""01d9ea7c-5d44-c11a-030f-691cf51b9582"",
  ""system"": ""teiren_cloud"",
  ""t_event_id"": ""DASHBOARD-S301"",
  ""t_user_id"": ""3fddc8f2cea3f9ec4c966cc6b114d23338e20b90ef0b0c2e2373049ff18193d9"",
  ""tag_name"": ""teiren_audit"",
  ""tc_act"": ""DASHBOARD_LAYOUT_VIEW_UPDATE"",
  ""tc_deviceProduct"": ""TEIREN_AUDIT"",
  ""tc_deviceVendor"": ""TEIREN"",
  ""tc_msg"": ""대시보드 레이아웃 수정 성공"",
  ""tc_request"": ""/api/dashboard_info/layout"",
  ""tc_requestClientApplication"": ""Mozilla/5.0 (Macintosh; Intel Mac OS X 10_15_7) AppleWebKit/537.36 (KHTML, like Gecko) Chrome/152.0.0.0 Safari/537.36"",
  ""tc_src"": ""10.20.10.71"",
  ""tc_suser"": ""admin01@lab.internal"",
  ""teiren_timestamp"": ""2026-10-06T01:47:54.308Z"",
  ""tenancy"": ""c0ffee12a1b24d6e9f0a1234567890ab""
}",2026-09-27 02:16:30.968
"{
  ""doc_id"": ""01112071-7ba4-6e2c-cbe3-a13b7bdd911e"",
  ""system"": ""teiren_cloud"",
  ""t_event_id"": ""ACCOUNT-S505"",
  ""t_user_id"": ""fe29336cd66e0e20c63728e9d736af8b3edf0f2d0a41f4cf932709c11c50d4a4"",
  ""tag_name"": ""teiren_audit"",
  ""tc_act"": ""IAM_LOGIN_SUCCESS"",
  ""tc_deviceProduct"": ""TEIREN_AUDIT"",
  ""tc_deviceVendor"": ""TEIREN"",
  ""tc_msg"": ""IAM 계정 로그인 성공"",
  ""tc_request"": ""/api/account/login_sub_account"",
  ""tc_requestClientApplication"": ""Mozilla/5.0 (Macintosh; Intel Mac OS X 10_15_7) AppleWebKit/537.36 (KHTML, like Gecko) Chrome/152.0.0.0 Safari/537.36"",
  ""tc_src"": ""10.20.10.11"",
  ""tc_suser"": ""dev01@lab.internal"",
  ""teiren_timestamp"": ""2026-10-06T02:47:30.578Z"",
  ""tenancy"": ""c0ffee12a1b24d6e9f0a1234567890ab""
}",2026-09-27 02:16:30.968
"{
  ""doc_id"": ""01ee0404-4ba0-bfec-8943-e2ea7fc6eb71"",
  ""system"": ""teiren_cloud"",
  ""t_event_id"": ""ACCOUNT-S801"",
  ""t_user_id"": ""fe29336cd66e0e20c63728e9d736af8b3edf0f2d0a41f4cf932709c11c50d4a4"",
  ""tag_name"": ""teiren_audit"",
  ""tc_act"": ""SESSION_REFRESH"",
  ""tc_deviceProduct"": ""TEIREN_AUDIT"",
  ""tc_deviceVendor"": ""TEIREN"",
  ""tc_msg"": ""세션 재발급 성공"",
  ""tc_request"": ""/api/account/refresh"",
  ""tc_requestClientApplication"": ""Mozilla/5.0 (Macintosh; Intel Mac OS X 10_15_7) AppleWebKit/537.36 (KHTML, like Gecko) Chrome/152.0.0.0 Safari/537.36"",
  ""tc_src"": ""10.20.10.11"",
  ""tc_suser"": ""dev01@lab.internal"",
  ""teiren_timestamp"": ""2026-10-06T02:48:08.578Z"",
  ""tenancy"": ""c0ffee12a1b24d6e9f0a1234567890ab""
}",2026-09-27 02:16:30.968
"{
  ""doc_id"": ""01a31321-cd75-4e08-9ec2-5be5e82c582a"",
  ""system"": ""teiren_cloud"",
  ""t_event_id"": ""DASHBOARD-S301"",
  ""t_user_id"": ""fe29336cd66e0e20c63728e9d736af8b3edf0f2d0a41f4cf932709c11c50d4a4"",
  ""tag_name"": ""teiren_audit"",
  ""tc_act"": ""DASHBOARD_LAYOUT_VIEW_UPDATE"",
  ""tc_deviceProduct"": ""TEIREN_AUDIT"",
  ""tc_deviceVendor"": ""TEIREN"",
  ""tc_msg"": ""대시보드 레이아웃 수정 성공"",
  ""tc_request"": ""/api/dashboard_info/layout"",
  ""tc_requestClientApplication"": ""Mozilla/5.0 (Macintosh; Intel Mac OS X 10_15_7) AppleWebKit/537.36 (KHTML, like Gecko) Chrome/152.0.0.0 Safari/537.36"",
  ""tc_src"": ""10.20.10.11"",
  ""tc_suser"": ""dev01@lab.internal"",
  ""teiren_timestamp"": ""2026-10-06T02:48:58.578Z"",
  ""tenancy"": ""c0ffee12a1b24d6e9f0a1234567890ab""
}",2026-09-27 02:16:30.968
"{
  ""doc_id"": ""016c474b-b7e2-b84b-0ff9-43bbfc2b7c76"",
  ""system"": ""teiren_cloud"",
  ""t_event_id"": ""ACCOUNT-S505"",
  ""t_user_id"": ""fb850da41982d343a8e8587be9997a2a3b7997720fd50bd9bb01e5ff8930cc79"",
  ""tag_name"": ""teiren_audit"",
  ""tc_act"": ""IAM_LOGIN_SUCCESS"",
  ""tc_deviceProduct"": ""TEIREN_AUDIT"",
  ""tc_deviceVendor"": ""TEIREN"",
  ""tc_msg"": ""IAM 계정 로그인 성공"",
  ""tc_request"": ""/api/account/login_sub_account"",
  ""tc_requestClientApplication"": ""Mozilla/5.0 (Macintosh; Intel Mac OS X 10_15_7) AppleWebKit/537.36 (KHTML, like Gecko) Chrome/152.0.0.0 Safari/537.36"",
  ""tc_src"": ""10.20.10.81"",
  ""tc_suser"": ""web01@lab.internal"",
  ""teiren_timestamp"": ""2026-10-06T03:04:33.885Z"",
  ""tenancy"": ""c0ffee12a1b24d6e9f0a1234567890ab""
}",2026-09-27 02:16:30.968
"{
  ""doc_id"": ""01f807a2-0e03-2811-b8dc-153af984b700"",
  ""system"": ""teiren_cloud"",
  ""t_event_id"": ""ACCOUNT-S801"",
  ""t_user_id"": ""fb850da41982d343a8e8587be9997a2a3b7997720fd50bd9bb01e5ff8930cc79"",
  ""tag_name"": ""teiren_audit"",
  ""tc_act"": ""SESSION_REFRESH"",
  ""tc_deviceProduct"": ""TEIREN_AUDIT"",
  ""tc_deviceVendor"": ""TEIREN"",
  ""tc_msg"": ""세션 재발급 성공"",
  ""tc_request"": ""/api/account/refresh"",
  ""tc_requestClientApplication"": ""Mozilla/5.0 (Macintosh; Intel Mac OS X 10_15_7) AppleWebKit/537.36 (KHTML, like Gecko) Chrome/152.0.0.0 Safari/537.36"",
  ""tc_src"": ""10.20.10.81"",
  ""tc_suser"": ""web01@lab.internal"",
  ""teiren_timestamp"": ""2026-10-06T03:05:11.885Z"",
  ""tenancy"": ""c0ffee12a1b24d6e9f0a1234567890ab""
}",2026-09-27 02:16:30.968
"{
  ""doc_id"": ""016db074-41a9-2441-5018-9823d1210834"",
  ""system"": ""teiren_cloud"",
  ""t_event_id"": ""DASHBOARD-S301"",
  ""t_user_id"": ""fb850da41982d343a8e8587be9997a2a3b7997720fd50bd9bb01e5ff8930cc79"",
  ""tag_name"": ""teiren_audit"",
  ""tc_act"": ""DASHBOARD_LAYOUT_VIEW_UPDATE"",
  ""tc_deviceProduct"": ""TEIREN_AUDIT"",
  ""tc_deviceVendor"": ""TEIREN"",
  ""tc_msg"": ""대시보드 레이아웃 수정 성공"",
  ""tc_request"": ""/api/dashboard_info/layout"",
  ""tc_requestClientApplication"": ""Mozilla/5.0 (Macintosh; Intel Mac OS X 10_15_7) AppleWebKit/537.36 (KHTML, like Gecko) Chrome/152.0.0.0 Safari/537.36"",
  ""tc_src"": ""10.20.10.81"",
  ""tc_suser"": ""web01@lab.internal"",
  ""teiren_timestamp"": ""2026-10-06T03:06:01.885Z"",
  ""tenancy"": ""c0ffee12a1b24d6e9f0a1234567890ab""
}",2026-09-27 02:16:30.968
"{
  ""doc_id"": ""010487ec-1513-140d-4e6a-f67653353ee0"",
  ""system"": ""teiren_cloud"",
  ""t_event_id"": ""ACCOUNT-S501"",
  ""t_user_id"": ""3fddc8f2cea3f9ec4c966cc6b114d23338e20b90ef0b0c2e2373049ff18193d9"",
  ""tag_name"": ""teiren_audit"",
  ""tc_act"": ""ROOT_LOGIN_NO_MFA"",
  ""tc_deviceProduct"": ""TEIREN_AUDIT"",
  ""tc_deviceVendor"": ""TEIREN"",
  ""tc_msg"": ""Root 계정 로그인 성공"",
  ""tc_request"": ""/api/account/login_root"",
  ""tc_requestClientApplication"": ""Mozilla/5.0 (Macintosh; Intel Mac OS X 10_15_7) AppleWebKit/537.36 (KHTML, like Gecko) Chrome/152.0.0.0 Safari/537.36"",
  ""tc_src"": ""10.20.10.71"",
  ""tc_suser"": ""admin01@lab.internal"",
  ""teiren_timestamp"": ""2026-10-06T03:11:14.061Z"",
  ""tenancy"": ""c0ffee12a1b24d6e9f0a1234567890ab""
}",2026-09-27 02:16:30.968
"{
  ""doc_id"": ""01906d4e-16d0-8896-b6c0-e764b2225f4b"",
  ""system"": ""teiren_cloud"",
  ""t_event_id"": ""ACCOUNT-S801"",
  ""t_user_id"": ""3fddc8f2cea3f9ec4c966cc6b114d23338e20b90ef0b0c2e2373049ff18193d9"",
  ""tag_name"": ""teiren_audit"",
  ""tc_act"": ""SESSION_REFRESH"",
  ""tc_deviceProduct"": ""TEIREN_AUDIT"",
  ""tc_deviceVendor"": ""TEIREN"",
  ""tc_msg"": ""세션 재발급 성공"",
  ""tc_request"": ""/api/account/refresh"",
  ""tc_requestClientApplication"": ""Mozilla/5.0 (Macintosh; Intel Mac OS X 10_15_7) AppleWebKit/537.36 (KHTML, like Gecko) Chrome/152.0.0.0 Safari/537.36"",
  ""tc_src"": ""10.20.10.71"",
  ""tc_suser"": ""admin01@lab.internal"",
  ""teiren_timestamp"": ""2026-10-06T03:11:52.061Z"",
  ""tenancy"": ""c0ffee12a1b24d6e9f0a1234567890ab""
}",2026-09-27 02:16:30.968
"{
  ""doc_id"": ""01992b04-af8e-cc25-577f-863b3a484793"",
  ""system"": ""teiren_cloud"",
  ""t_event_id"": ""DASHBOARD-S301"",
  ""t_user_id"": ""3fddc8f2cea3f9ec4c966cc6b114d23338e20b90ef0b0c2e2373049ff18193d9"",
  ""tag_name"": ""teiren_audit"",
  ""tc_act"": ""DASHBOARD_LAYOUT_VIEW_UPDATE"",
  ""tc_deviceProduct"": ""TEIREN_AUDIT"",
  ""tc_deviceVendor"": ""TEIREN"",
  ""tc_msg"": ""대시보드 레이아웃 수정 성공"",
  ""tc_request"": ""/api/dashboard_info/layout"",
  ""tc_requestClientApplication"": ""Mozilla/5.0 (Macintosh; Intel Mac OS X 10_15_7) AppleWebKit/537.36 (KHTML, like Gecko) Chrome/152.0.0.0 Safari/537.36"",
  ""tc_src"": ""10.20.10.71"",
  ""tc_suser"": ""admin01@lab.internal"",
  ""teiren_timestamp"": ""2026-10-06T03:12:42.061Z"",
  ""tenancy"": ""c0ffee12a1b24d6e9f0a1234567890ab""
}",2026-09-27 02:16:30.968
"{
  ""doc_id"": ""011e1a0f-2a0c-a8b0-a29f-ee9575d7ef6c"",
  ""system"": ""teiren_cloud"",
  ""t_event_id"": ""ACCOUNT-S505"",
  ""t_user_id"": ""cf8ee8443091707b132a3d3be976b80f68a97126916762537a335e5a0bd02a4b"",
  ""tag_name"": ""teiren_audit"",
  ""tc_act"": ""IAM_LOGIN_SUCCESS"",
  ""tc_deviceProduct"": ""TEIREN_AUDIT"",
  ""tc_deviceVendor"": ""TEIREN"",
  ""tc_msg"": ""IAM 계정 로그인 성공"",
  ""tc_request"": ""/api/account/login_sub_account"",
  ""tc_requestClientApplication"": ""Mozilla/5.0 (Macintosh; Intel Mac OS X 10_15_7) AppleWebKit/537.36 (KHTML, like Gecko) Chrome/152.0.0.0 Safari/537.36"",
  ""tc_src"": ""10.20.10.22"",
  ""tc_suser"": ""ops02@lab.internal"",
  ""teiren_timestamp"": ""2026-10-06T03:16:52.071Z"",
  ""tenancy"": ""c0ffee12a1b24d6e9f0a1234567890ab""
}",2026-09-27 02:16:30.968
"{
  ""doc_id"": ""01a014df-05ec-4a63-e406-f23fe9bbc9c0"",
  ""system"": ""teiren_cloud"",
  ""t_event_id"": ""ACCOUNT-S801"",
  ""t_user_id"": ""cf8ee8443091707b132a3d3be976b80f68a97126916762537a335e5a0bd02a4b"",
  ""tag_name"": ""teiren_audit"",
  ""tc_act"": ""SESSION_REFRESH"",
  ""tc_deviceProduct"": ""TEIREN_AUDIT"",
  ""tc_deviceVendor"": ""TEIREN"",
  ""tc_msg"": ""세션 재발급 성공"",
  ""tc_request"": ""/api/account/refresh"",
  ""tc_requestClientApplication"": ""Mozilla/5.0 (Macintosh; Intel Mac OS X 10_15_7) AppleWebKit/537.36 (KHTML, like Gecko) Chrome/152.0.0.0 Safari/537.36"",
  ""tc_src"": ""10.20.10.22"",
  ""tc_suser"": ""ops02@lab.internal"",
  ""teiren_timestamp"": ""2026-10-06T03:17:30.071Z"",
  ""tenancy"": ""c0ffee12a1b24d6e9f0a1234567890ab""
}",2026-09-27 02:16:30.968
"{
  ""doc_id"": ""014c7004-1e2c-0060-5aee-a74665ee17c4"",
  ""system"": ""teiren_cloud"",
  ""t_event_id"": ""RESOURCE-S302"",
  ""t_user_id"": ""cf8ee8443091707b132a3d3be976b80f68a97126916762537a335e5a0bd02a4b"",
  ""tag_name"": ""teiren_audit"",
  ""tc_act"": ""INTEGRATION_STATUS_UPDATE"",
  ""tc_deviceProduct"": ""TEIREN_AUDIT"",
  ""tc_deviceVendor"": ""TEIREN"",
  ""tc_msg"": ""연동 상태 수정 성공"",
  ""tc_request"": ""/api/resource/collect"",
  ""tc_requestClientApplication"": ""Mozilla/5.0 (Macintosh; Intel Mac OS X 10_15_7) AppleWebKit/537.36 (KHTML, like Gecko) Chrome/152.0.0.0 Safari/537.36"",
  ""tc_src"": ""10.20.10.22"",
  ""tc_suser"": ""ops02@lab.internal"",
  ""teiren_timestamp"": ""2026-10-06T03:18:20.071Z"",
  ""tenancy"": ""c0ffee12a1b24d6e9f0a1234567890ab""
}",2026-09-27 02:16:30.968
"{
  ""doc_id"": ""01edc2e6-afcc-29be-8d99-b128aca7437f"",
  ""system"": ""teiren_cloud"",
  ""t_event_id"": ""ACCOUNT-S505"",
  ""t_user_id"": ""cf8ee8443091707b132a3d3be976b80f68a97126916762537a335e5a0bd02a4b"",
  ""tag_name"": ""teiren_audit"",
  ""tc_act"": ""IAM_LOGIN_SUCCESS"",
  ""tc_deviceProduct"": ""TEIREN_AUDIT"",
  ""tc_deviceVendor"": ""TEIREN"",
  ""tc_msg"": ""IAM 계정 로그인 성공"",
  ""tc_request"": ""/api/account/login_sub_account"",
  ""tc_requestClientApplication"": ""Mozilla/5.0 (Macintosh; Intel Mac OS X 10_15_7) AppleWebKit/537.36 (KHTML, like Gecko) Chrome/152.0.0.0 Safari/537.36"",
  ""tc_src"": ""10.20.10.22"",
  ""tc_suser"": ""ops02@lab.internal"",
  ""teiren_timestamp"": ""2026-10-06T04:05:05.114Z"",
  ""tenancy"": ""c0ffee12a1b24d6e9f0a1234567890ab""
}",2026-09-27 02:16:30.968
"{
  ""doc_id"": ""01791630-0d2a-777e-7d8d-f71d8ca44465"",
  ""system"": ""teiren_cloud"",
  ""t_event_id"": ""ACCOUNT-S801"",
  ""t_user_id"": ""cf8ee8443091707b132a3d3be976b80f68a97126916762537a335e5a0bd02a4b"",
  ""tag_name"": ""teiren_audit"",
  ""tc_act"": ""SESSION_REFRESH"",
  ""tc_deviceProduct"": ""TEIREN_AUDIT"",
  ""tc_deviceVendor"": ""TEIREN"",
  ""tc_msg"": ""세션 재발급 성공"",
  ""tc_request"": ""/api/account/refresh"",
  ""tc_requestClientApplication"": ""Mozilla/5.0 (Macintosh; Intel Mac OS X 10_15_7) AppleWebKit/537.36 (KHTML, like Gecko) Chrome/152.0.0.0 Safari/537.36"",
  ""tc_src"": ""10.20.10.22"",
  ""tc_suser"": ""ops02@lab.internal"",
  ""teiren_timestamp"": ""2026-10-06T04:05:43.114Z"",
  ""tenancy"": ""c0ffee12a1b24d6e9f0a1234567890ab""
}",2026-09-27 02:16:30.968
"{
  ""doc_id"": ""01f4a0d8-732f-252a-67c6-bab59d05a2bb"",
  ""system"": ""teiren_cloud"",
  ""t_event_id"": ""RESOURCE-S302"",
  ""t_user_id"": ""cf8ee8443091707b132a3d3be976b80f68a97126916762537a335e5a0bd02a4b"",
  ""tag_name"": ""teiren_audit"",
  ""tc_act"": ""INTEGRATION_STATUS_UPDATE"",
  ""tc_deviceProduct"": ""TEIREN_AUDIT"",
  ""tc_deviceVendor"": ""TEIREN"",
  ""tc_msg"": ""연동 상태 수정 성공"",
  ""tc_request"": ""/api/resource/collect"",
  ""tc_requestClientApplication"": ""Mozilla/5.0 (Macintosh; Intel Mac OS X 10_15_7) AppleWebKit/537.36 (KHTML, like Gecko) Chrome/152.0.0.0 Safari/537.36"",
  ""tc_src"": ""10.20.10.22"",
  ""tc_suser"": ""ops02@lab.internal"",
  ""teiren_timestamp"": ""2026-10-06T04:06:33.114Z"",
  ""tenancy"": ""c0ffee12a1b24d6e9f0a1234567890ab""
}",2026-09-27 02:16:30.968
"{
  ""doc_id"": ""01fe7a97-9f6e-8f75-26c1-c9464ee9c408"",
  ""system"": ""teiren_cloud"",
  ""t_event_id"": ""ACCOUNT-S505"",
  ""t_user_id"": ""317f64abaa2282480082cb73a793fe857ccb3c4b3e1f0e5df2afb748e05ae9dd"",
  ""tag_name"": ""teiren_audit"",
  ""tc_act"": ""IAM_LOGIN_SUCCESS"",
  ""tc_deviceProduct"": ""TEIREN_AUDIT"",
  ""tc_deviceVendor"": ""TEIREN"",
  ""tc_msg"": ""IAM 계정 로그인 성공"",
  ""tc_request"": ""/api/account/login_sub_account"",
  ""tc_requestClientApplication"": ""Mozilla/5.0 (Macintosh; Intel Mac OS X 10_15_7) AppleWebKit/537.36 (KHTML, like Gecko) Chrome/152.0.0.0 Safari/537.36"",
  ""tc_src"": ""10.20.10.21"",
  ""tc_suser"": ""ops01@lab.internal"",
  ""teiren_timestamp"": ""2026-10-06T04:19:22.143Z"",
  ""tenancy"": ""c0ffee12a1b24d6e9f0a1234567890ab""
}",2026-09-27 02:16:30.968
"{
  ""doc_id"": ""011b316f-383b-9e57-fe08-e35aeebda22c"",
  ""system"": ""teiren_cloud"",
  ""t_event_id"": ""ACCOUNT-S801"",
  ""t_user_id"": ""317f64abaa2282480082cb73a793fe857ccb3c4b3e1f0e5df2afb748e05ae9dd"",
  ""tag_name"": ""teiren_audit"",
  ""tc_act"": ""SESSION_REFRESH"",
  ""tc_deviceProduct"": ""TEIREN_AUDIT"",
  ""tc_deviceVendor"": ""TEIREN"",
  ""tc_msg"": ""세션 재발급 성공"",
  ""tc_request"": ""/api/account/refresh"",
  ""tc_requestClientApplication"": ""Mozilla/5.0 (Macintosh; Intel Mac OS X 10_15_7) AppleWebKit/537.36 (KHTML, like Gecko) Chrome/152.0.0.0 Safari/537.36"",
  ""tc_src"": ""10.20.10.21"",
  ""tc_suser"": ""ops01@lab.internal"",
  ""teiren_timestamp"": ""2026-10-06T04:20:00.143Z"",
  ""tenancy"": ""c0ffee12a1b24d6e9f0a1234567890ab""
}",2026-09-27 02:16:30.968
"{
  ""doc_id"": ""013130ec-447b-684c-94e9-15764abdbbef"",
  ""system"": ""teiren_cloud"",
  ""t_event_id"": ""RESOURCE-S302"",
  ""t_user_id"": ""317f64abaa2282480082cb73a793fe857ccb3c4b3e1f0e5df2afb748e05ae9dd"",
  ""tag_name"": ""teiren_audit"",
  ""tc_act"": ""INTEGRATION_STATUS_UPDATE"",
  ""tc_deviceProduct"": ""TEIREN_AUDIT"",
  ""tc_deviceVendor"": ""TEIREN"",
  ""tc_msg"": ""연동 상태 수정 성공"",
  ""tc_request"": ""/api/resource/collect"",
  ""tc_requestClientApplication"": ""Mozilla/5.0 (Macintosh; Intel Mac OS X 10_15_7) AppleWebKit/537.36 (KHTML, like Gecko) Chrome/152.0.0.0 Safari/537.36"",
  ""tc_src"": ""10.20.10.21"",
  ""tc_suser"": ""ops01@lab.internal"",
  ""teiren_timestamp"": ""2026-10-06T04:20:50.143Z"",
  ""tenancy"": ""c0ffee12a1b24d6e9f0a1234567890ab""
}",2026-09-27 02:16:30.968
"{
  ""doc_id"": ""0156c987-e80b-8c66-4dd7-7787d1138a24"",
  ""system"": ""teiren_cloud"",
  ""t_event_id"": ""ACCOUNT-S505"",
  ""t_user_id"": ""fb850da41982d343a8e8587be9997a2a3b7997720fd50bd9bb01e5ff8930cc79"",
  ""tag_name"": ""teiren_audit"",
  ""tc_act"": ""IAM_LOGIN_SUCCESS"",
  ""tc_deviceProduct"": ""TEIREN_AUDIT"",
  ""tc_deviceVendor"": ""TEIREN"",
  ""tc_msg"": ""IAM 계정 로그인 성공"",
  ""tc_request"": ""/api/account/login_sub_account"",
  ""tc_requestClientApplication"": ""Mozilla/5.0 (Macintosh; Intel Mac OS X 10_15_7) AppleWebKit/537.36 (KHTML, like Gecko) Chrome/152.0.0.0 Safari/537.36"",
  ""tc_src"": ""10.20.10.81"",
  ""tc_suser"": ""web01@lab.internal"",
  ""teiren_timestamp"": ""2026-10-06T04:40:26.763Z"",
  ""tenancy"": ""c0ffee12a1b24d6e9f0a1234567890ab""
}",2026-09-27 02:16:30.968
"{
  ""doc_id"": ""012e2d35-7c4f-9b89-a9cc-a86f57281fed"",
  ""system"": ""teiren_cloud"",
  ""t_event_id"": ""ACCOUNT-S801"",
  ""t_user_id"": ""fb850da41982d343a8e8587be9997a2a3b7997720fd50bd9bb01e5ff8930cc79"",
  ""tag_name"": ""teiren_audit"",
  ""tc_act"": ""SESSION_REFRESH"",
  ""tc_deviceProduct"": ""TEIREN_AUDIT"",
  ""tc_deviceVendor"": ""TEIREN"",
  ""tc_msg"": ""세션 재발급 성공"",
  ""tc_request"": ""/api/account/refresh"",
  ""tc_requestClientApplication"": ""Mozilla/5.0 (Macintosh; Intel Mac OS X 10_15_7) AppleWebKit/537.36 (KHTML, like Gecko) Chrome/152.0.0.0 Safari/537.36"",
  ""tc_src"": ""10.20.10.81"",
  ""tc_suser"": ""web01@lab.internal"",
  ""teiren_timestamp"": ""2026-10-06T04:41:04.763Z"",
  ""tenancy"": ""c0ffee12a1b24d6e9f0a1234567890ab""
}",2026-09-27 02:16:30.968
"{
  ""doc_id"": ""01f20d5c-a8cc-51c9-cbd0-9aebd4eb07a9"",
  ""system"": ""teiren_cloud"",
  ""t_event_id"": ""DASHBOARD-S301"",
  ""t_user_id"": ""fb850da41982d343a8e8587be9997a2a3b7997720fd50bd9bb01e5ff8930cc79"",
  ""tag_name"": ""teiren_audit"",
  ""tc_act"": ""DASHBOARD_LAYOUT_VIEW_UPDATE"",
  ""tc_deviceProduct"": ""TEIREN_AUDIT"",
  ""tc_deviceVendor"": ""TEIREN"",
  ""tc_msg"": ""대시보드 레이아웃 수정 성공"",
  ""tc_request"": ""/api/dashboard_info/layout"",
  ""tc_requestClientApplication"": ""Mozilla/5.0 (Macintosh; Intel Mac OS X 10_15_7) AppleWebKit/537.36 (KHTML, like Gecko) Chrome/152.0.0.0 Safari/537.36"",
  ""tc_src"": ""10.20.10.81"",
  ""tc_suser"": ""web01@lab.internal"",
  ""teiren_timestamp"": ""2026-10-06T04:41:54.763Z"",
  ""tenancy"": ""c0ffee12a1b24d6e9f0a1234567890ab""
}",2026-09-27 02:16:30.968
"{
  ""doc_id"": ""011e5036-86db-0d8b-d56d-99f912dea308"",
  ""system"": ""teiren_cloud"",
  ""t_event_id"": ""ACCOUNT-S505"",
  ""t_user_id"": ""fe29336cd66e0e20c63728e9d736af8b3edf0f2d0a41f4cf932709c11c50d4a4"",
  ""tag_name"": ""teiren_audit"",
  ""tc_act"": ""IAM_LOGIN_SUCCESS"",
  ""tc_deviceProduct"": ""TEIREN_AUDIT"",
  ""tc_deviceVendor"": ""TEIREN"",
  ""tc_msg"": ""IAM 계정 로그인 성공"",
  ""tc_request"": ""/api/account/login_sub_account"",
  ""tc_requestClientApplication"": ""Mozilla/5.0 (Macintosh; Intel Mac OS X 10_15_7) AppleWebKit/537.36 (KHTML, like Gecko) Chrome/152.0.0.0 Safari/537.36"",
  ""tc_src"": ""10.20.10.11"",
  ""tc_suser"": ""dev01@lab.internal"",
  ""teiren_timestamp"": ""2026-10-06T05:19:54.833Z"",
  ""tenancy"": ""c0ffee12a1b24d6e9f0a1234567890ab""
}",2026-09-27 02:16:30.968
"{
  ""doc_id"": ""015955ae-0f65-7f82-f40b-e9d011fe4f0c"",
  ""system"": ""teiren_cloud"",
  ""t_event_id"": ""ACCOUNT-S801"",
  ""t_user_id"": ""fe29336cd66e0e20c63728e9d736af8b3edf0f2d0a41f4cf932709c11c50d4a4"",
  ""tag_name"": ""teiren_audit"",
  ""tc_act"": ""SESSION_REFRESH"",
  ""tc_deviceProduct"": ""TEIREN_AUDIT"",
  ""tc_deviceVendor"": ""TEIREN"",
  ""tc_msg"": ""세션 재발급 성공"",
  ""tc_request"": ""/api/account/refresh"",
  ""tc_requestClientApplication"": ""Mozilla/5.0 (Macintosh; Intel Mac OS X 10_15_7) AppleWebKit/537.36 (KHTML, like Gecko) Chrome/152.0.0.0 Safari/537.36"",
  ""tc_src"": ""10.20.10.11"",
  ""tc_suser"": ""dev01@lab.internal"",
  ""teiren_timestamp"": ""2026-10-06T05:20:32.833Z"",
  ""tenancy"": ""c0ffee12a1b24d6e9f0a1234567890ab""
}",2026-09-27 02:16:30.968
"{
  ""doc_id"": ""011687b8-a845-238f-0a13-728e811cdbf8"",
  ""system"": ""teiren_cloud"",
  ""t_event_id"": ""DASHBOARD-S301"",
  ""t_user_id"": ""fe29336cd66e0e20c63728e9d736af8b3edf0f2d0a41f4cf932709c11c50d4a4"",
  ""tag_name"": ""teiren_audit"",
  ""tc_act"": ""DASHBOARD_LAYOUT_VIEW_UPDATE"",
  ""tc_deviceProduct"": ""TEIREN_AUDIT"",
  ""tc_deviceVendor"": ""TEIREN"",
  ""tc_msg"": ""대시보드 레이아웃 수정 성공"",
  ""tc_request"": ""/api/dashboard_info/layout"",
  ""tc_requestClientApplication"": ""Mozilla/5.0 (Macintosh; Intel Mac OS X 10_15_7) AppleWebKit/537.36 (KHTML, like Gecko) Chrome/152.0.0.0 Safari/537.36"",
  ""tc_src"": ""10.20.10.11"",
  ""tc_suser"": ""dev01@lab.internal"",
  ""teiren_timestamp"": ""2026-10-06T05:21:22.833Z"",
  ""tenancy"": ""c0ffee12a1b24d6e9f0a1234567890ab""
}",2026-09-27 02:16:30.968
"{
  ""doc_id"": ""01f67161-29e8-2cae-8436-b262e7558376"",
  ""system"": ""teiren_cloud"",
  ""t_event_id"": ""ACCOUNT-S505"",
  ""t_user_id"": ""98fdf34aeba0149327f7715ae84d8f2c464efdcafdf00d4dccc8fbaed8748ee1"",
  ""tag_name"": ""teiren_audit"",
  ""tc_act"": ""IAM_LOGIN_SUCCESS"",
  ""tc_deviceProduct"": ""TEIREN_AUDIT"",
  ""tc_deviceVendor"": ""TEIREN"",
  ""tc_msg"": ""IAM 계정 로그인 성공"",
  ""tc_request"": ""/api/account/login_sub_account"",
  ""tc_requestClientApplication"": ""Mozilla/5.0 (Macintosh; Intel Mac OS X 10_15_7) AppleWebKit/537.36 (KHTML, like Gecko) Chrome/152.0.0.0 Safari/537.36"",
  ""tc_src"": ""10.20.10.51"",
  ""tc_suser"": ""analyst01@lab.internal"",
  ""teiren_timestamp"": ""2026-10-06T07:08:00.265Z"",
  ""tenancy"": ""c0ffee12a1b24d6e9f0a1234567890ab""
}",2026-09-27 02:16:30.968
"{
  ""doc_id"": ""0198f8d9-c9c9-fb93-efa8-92598c66428d"",
  ""system"": ""teiren_cloud"",
  ""t_event_id"": ""ACCOUNT-S801"",
  ""t_user_id"": ""98fdf34aeba0149327f7715ae84d8f2c464efdcafdf00d4dccc8fbaed8748ee1"",
  ""tag_name"": ""teiren_audit"",
  ""tc_act"": ""SESSION_REFRESH"",
  ""tc_deviceProduct"": ""TEIREN_AUDIT"",
  ""tc_deviceVendor"": ""TEIREN"",
  ""tc_msg"": ""세션 재발급 성공"",
  ""tc_request"": ""/api/account/refresh"",
  ""tc_requestClientApplication"": ""Mozilla/5.0 (Macintosh; Intel Mac OS X 10_15_7) AppleWebKit/537.36 (KHTML, like Gecko) Chrome/152.0.0.0 Safari/537.36"",
  ""tc_src"": ""10.20.10.51"",
  ""tc_suser"": ""analyst01@lab.internal"",
  ""teiren_timestamp"": ""2026-10-06T07:08:38.265Z"",
  ""tenancy"": ""c0ffee12a1b24d6e9f0a1234567890ab""
}",2026-09-27 02:16:30.968
"{
  ""doc_id"": ""014cd850-cb19-b457-632c-99f8f7cf6988"",
  ""system"": ""teiren_cloud"",
  ""t_event_id"": ""LOG-S301"",
  ""t_user_id"": ""98fdf34aeba0149327f7715ae84d8f2c464efdcafdf00d4dccc8fbaed8748ee1"",
  ""tag_name"": ""teiren_audit"",
  ""tc_act"": ""LOG_COLUMN_VIEW_UPDATE"",
  ""tc_deviceProduct"": ""TEIREN_AUDIT"",
  ""tc_deviceVendor"": ""TEIREN"",
  ""tc_msg"": ""로그 컬럼 보기 수정 성공"",
  ""tc_request"": ""/api/logs/column"",
  ""tc_requestClientApplication"": ""Mozilla/5.0 (Macintosh; Intel Mac OS X 10_15_7) AppleWebKit/537.36 (KHTML, like Gecko) Chrome/152.0.0.0 Safari/537.36"",
  ""tc_src"": ""10.20.10.51"",
  ""tc_suser"": ""analyst01@lab.internal"",
  ""teiren_timestamp"": ""2026-10-06T07:09:28.265Z"",
  ""tenancy"": ""c0ffee12a1b24d6e9f0a1234567890ab""
}",2026-09-27 02:16:30.968
"{
  ""doc_id"": ""01868f6c-ef66-4587-f329-752ddde39d41"",
  ""system"": ""teiren_cloud"",
  ""t_event_id"": ""ACCOUNT-S505"",
  ""t_user_id"": ""317f64abaa2282480082cb73a793fe857ccb3c4b3e1f0e5df2afb748e05ae9dd"",
  ""tag_name"": ""teiren_audit"",
  ""tc_act"": ""IAM_LOGIN_SUCCESS"",
  ""tc_deviceProduct"": ""TEIREN_AUDIT"",
  ""tc_deviceVendor"": ""TEIREN"",
  ""tc_msg"": ""IAM 계정 로그인 성공"",
  ""tc_request"": ""/api/account/login_sub_account"",
  ""tc_requestClientApplication"": ""Mozilla/5.0 (Macintosh; Intel Mac OS X 10_15_7) AppleWebKit/537.36 (KHTML, like Gecko) Chrome/152.0.0.0 Safari/537.36"",
  ""tc_src"": ""10.20.10.21"",
  ""tc_suser"": ""ops01@lab.internal"",
  ""teiren_timestamp"": ""2026-10-06T07:47:01.765Z"",
  ""tenancy"": ""c0ffee12a1b24d6e9f0a1234567890ab""
}",2026-09-27 02:16:30.968
"{
  ""doc_id"": ""015f7a7b-2e13-7e63-5bd8-20f9a7079b6b"",
  ""system"": ""teiren_cloud"",
  ""t_event_id"": ""ACCOUNT-S801"",
  ""t_user_id"": ""317f64abaa2282480082cb73a793fe857ccb3c4b3e1f0e5df2afb748e05ae9dd"",
  ""tag_name"": ""teiren_audit"",
  ""tc_act"": ""SESSION_REFRESH"",
  ""tc_deviceProduct"": ""TEIREN_AUDIT"",
  ""tc_deviceVendor"": ""TEIREN"",
  ""tc_msg"": ""세션 재발급 성공"",
  ""tc_request"": ""/api/account/refresh"",
  ""tc_requestClientApplication"": ""Mozilla/5.0 (Macintosh; Intel Mac OS X 10_15_7) AppleWebKit/537.36 (KHTML, like Gecko) Chrome/152.0.0.0 Safari/537.36"",
  ""tc_src"": ""10.20.10.21"",
  ""tc_suser"": ""ops01@lab.internal"",
  ""teiren_timestamp"": ""2026-10-06T07:47:39.765Z"",
  ""tenancy"": ""c0ffee12a1b24d6e9f0a1234567890ab""
}",2026-09-27 02:16:30.968
"{
  ""doc_id"": ""019c9325-fc91-87fe-dffe-5dc8bf88c9ee"",
  ""system"": ""teiren_cloud"",
  ""t_event_id"": ""RESOURCE-S302"",
  ""t_user_id"": ""317f64abaa2282480082cb73a793fe857ccb3c4b3e1f0e5df2afb748e05ae9dd"",
  ""tag_name"": ""teiren_audit"",
  ""tc_act"": ""INTEGRATION_STATUS_UPDATE"",
  ""tc_deviceProduct"": ""TEIREN_AUDIT"",
  ""tc_deviceVendor"": ""TEIREN"",
  ""tc_msg"": ""연동 상태 수정 성공"",
  ""tc_request"": ""/api/resource/collect"",
  ""tc_requestClientApplication"": ""Mozilla/5.0 (Macintosh; Intel Mac OS X 10_15_7) AppleWebKit/537.36 (KHTML, like Gecko) Chrome/152.0.0.0 Safari/537.36"",
  ""tc_src"": ""10.20.10.21"",
  ""tc_suser"": ""ops01@lab.internal"",
  ""teiren_timestamp"": ""2026-10-06T07:48:29.765Z"",
  ""tenancy"": ""c0ffee12a1b24d6e9f0a1234567890ab""
}",2026-09-27 02:16:30.968
"{
  ""doc_id"": ""015ddfce-efe2-89e1-e6e0-4d454fb7838d"",
  ""system"": ""teiren_cloud"",
  ""t_event_id"": ""ACCOUNT-S505"",
  ""t_user_id"": ""56a0f04a707318bc9f9edb47119ad8f4d863143a8a26e0cf4f692d612eb9817a"",
  ""tag_name"": ""teiren_audit"",
  ""tc_act"": ""IAM_LOGIN_SUCCESS"",
  ""tc_deviceProduct"": ""TEIREN_AUDIT"",
  ""tc_deviceVendor"": ""TEIREN"",
  ""tc_msg"": ""IAM 계정 로그인 성공"",
  ""tc_request"": ""/api/account/login_sub_account"",
  ""tc_requestClientApplication"": ""Mozilla/5.0 (Macintosh; Intel Mac OS X 10_15_7) AppleWebKit/537.36 (KHTML, like Gecko) Chrome/152.0.0.0 Safari/537.36"",
  ""tc_src"": ""10.20.10.12"",
  ""tc_suser"": ""dev02@lab.internal"",
  ""teiren_timestamp"": ""2026-10-06T08:02:20.211Z"",
  ""tenancy"": ""c0ffee12a1b24d6e9f0a1234567890ab""
}",2026-09-27 02:16:30.968
"{
  ""doc_id"": ""01d7190b-7bd1-22e2-1004-7f33063640af"",
  ""system"": ""teiren_cloud"",
  ""t_event_id"": ""ACCOUNT-S801"",
  ""t_user_id"": ""56a0f04a707318bc9f9edb47119ad8f4d863143a8a26e0cf4f692d612eb9817a"",
  ""tag_name"": ""teiren_audit"",
  ""tc_act"": ""SESSION_REFRESH"",
  ""tc_deviceProduct"": ""TEIREN_AUDIT"",
  ""tc_deviceVendor"": ""TEIREN"",
  ""tc_msg"": ""세션 재발급 성공"",
  ""tc_request"": ""/api/account/refresh"",
  ""tc_requestClientApplication"": ""Mozilla/5.0 (Macintosh; Intel Mac OS X 10_15_7) AppleWebKit/537.36 (KHTML, like Gecko) Chrome/152.0.0.0 Safari/537.36"",
  ""tc_src"": ""10.20.10.12"",
  ""tc_suser"": ""dev02@lab.internal"",
  ""teiren_timestamp"": ""2026-10-06T08:02:58.211Z"",
  ""tenancy"": ""c0ffee12a1b24d6e9f0a1234567890ab""
}",2026-09-27 02:16:30.968
"{
  ""doc_id"": ""01949ae7-eb58-d8f5-c95a-f57873f65f6d"",
  ""system"": ""teiren_cloud"",
  ""t_event_id"": ""DASHBOARD-S301"",
  ""t_user_id"": ""56a0f04a707318bc9f9edb47119ad8f4d863143a8a26e0cf4f692d612eb9817a"",
  ""tag_name"": ""teiren_audit"",
  ""tc_act"": ""DASHBOARD_LAYOUT_VIEW_UPDATE"",
  ""tc_deviceProduct"": ""TEIREN_AUDIT"",
  ""tc_deviceVendor"": ""TEIREN"",
  ""tc_msg"": ""대시보드 레이아웃 수정 성공"",
  ""tc_request"": ""/api/dashboard_info/layout"",
  ""tc_requestClientApplication"": ""Mozilla/5.0 (Macintosh; Intel Mac OS X 10_15_7) AppleWebKit/537.36 (KHTML, like Gecko) Chrome/152.0.0.0 Safari/537.36"",
  ""tc_src"": ""10.20.10.12"",
  ""tc_suser"": ""dev02@lab.internal"",
  ""teiren_timestamp"": ""2026-10-06T08:03:48.211Z"",
  ""tenancy"": ""c0ffee12a1b24d6e9f0a1234567890ab""
}",2026-09-27 02:16:30.968
"{
  ""doc_id"": ""0155feab-732d-d914-4206-141d11c026f2"",
  ""system"": ""teiren_cloud"",
  ""t_event_id"": ""ACCOUNT-S505"",
  ""t_user_id"": ""317f64abaa2282480082cb73a793fe857ccb3c4b3e1f0e5df2afb748e05ae9dd"",
  ""tag_name"": ""teiren_audit"",
  ""tc_act"": ""IAM_LOGIN_SUCCESS"",
  ""tc_deviceProduct"": ""TEIREN_AUDIT"",
  ""tc_deviceVendor"": ""TEIREN"",
  ""tc_msg"": ""IAM 계정 로그인 성공"",
  ""tc_request"": ""/api/account/login_sub_account"",
  ""tc_requestClientApplication"": ""Mozilla/5.0 (Macintosh; Intel Mac OS X 10_15_7) AppleWebKit/537.36 (KHTML, like Gecko) Chrome/152.0.0.0 Safari/537.36"",
  ""tc_src"": ""10.20.10.21"",
  ""tc_suser"": ""ops01@lab.internal"",
  ""teiren_timestamp"": ""2026-10-06T23:25:58.347Z"",
  ""tenancy"": ""c0ffee12a1b24d6e9f0a1234567890ab""
}",2026-09-27 02:16:30.968
"{
  ""doc_id"": ""017da919-ae5b-5ad6-ed4d-487a860741ef"",
  ""system"": ""teiren_cloud"",
  ""t_event_id"": ""ACCOUNT-S801"",
  ""t_user_id"": ""317f64abaa2282480082cb73a793fe857ccb3c4b3e1f0e5df2afb748e05ae9dd"",
  ""tag_name"": ""teiren_audit"",
  ""tc_act"": ""SESSION_REFRESH"",
  ""tc_deviceProduct"": ""TEIREN_AUDIT"",
  ""tc_deviceVendor"": ""TEIREN"",
  ""tc_msg"": ""세션 재발급 성공"",
  ""tc_request"": ""/api/account/refresh"",
  ""tc_requestClientApplication"": ""Mozilla/5.0 (Macintosh; Intel Mac OS X 10_15_7) AppleWebKit/537.36 (KHTML, like Gecko) Chrome/152.0.0.0 Safari/537.36"",
  ""tc_src"": ""10.20.10.21"",
  ""tc_suser"": ""ops01@lab.internal"",
  ""teiren_timestamp"": ""2026-10-06T23:26:36.347Z"",
  ""tenancy"": ""c0ffee12a1b24d6e9f0a1234567890ab""
}",2026-09-27 02:16:30.968
"{
  ""doc_id"": ""01d6344c-890f-ee5f-f028-1ea09c18f912"",
  ""system"": ""teiren_cloud"",
  ""t_event_id"": ""RESOURCE-S302"",
  ""t_user_id"": ""317f64abaa2282480082cb73a793fe857ccb3c4b3e1f0e5df2afb748e05ae9dd"",
  ""tag_name"": ""teiren_audit"",
  ""tc_act"": ""INTEGRATION_STATUS_UPDATE"",
  ""tc_deviceProduct"": ""TEIREN_AUDIT"",
  ""tc_deviceVendor"": ""TEIREN"",
  ""tc_msg"": ""연동 상태 수정 성공"",
  ""tc_request"": ""/api/resource/collect"",
  ""tc_requestClientApplication"": ""Mozilla/5.0 (Macintosh; Intel Mac OS X 10_15_7) AppleWebKit/537.36 (KHTML, like Gecko) Chrome/152.0.0.0 Safari/537.36"",
  ""tc_src"": ""10.20.10.21"",
  ""tc_suser"": ""ops01@lab.internal"",
  ""teiren_timestamp"": ""2026-10-06T23:27:26.347Z"",
  ""tenancy"": ""c0ffee12a1b24d6e9f0a1234567890ab""
}",2026-09-27 02:16:30.968
"{
  ""doc_id"": ""01b85005-cf94-77d6-8274-2068c80ef9a9"",
  ""system"": ""teiren_cloud"",
  ""t_event_id"": ""ACCOUNT-S501"",
  ""t_user_id"": ""3fddc8f2cea3f9ec4c966cc6b114d23338e20b90ef0b0c2e2373049ff18193d9"",
  ""tag_name"": ""teiren_audit"",
  ""tc_act"": ""ROOT_LOGIN_NO_MFA"",
  ""tc_deviceProduct"": ""TEIREN_AUDIT"",
  ""tc_deviceVendor"": ""TEIREN"",
  ""tc_msg"": ""Root 계정 로그인 성공"",
  ""tc_request"": ""/api/account/login_root"",
  ""tc_requestClientApplication"": ""Mozilla/5.0 (Macintosh; Intel Mac OS X 10_15_7) AppleWebKit/537.36 (KHTML, like Gecko) Chrome/152.0.0.0 Safari/537.36"",
  ""tc_src"": ""10.20.10.71"",
  ""tc_suser"": ""admin01@lab.internal"",
  ""teiren_timestamp"": ""2026-10-07T00:06:24.496Z"",
  ""tenancy"": ""c0ffee12a1b24d6e9f0a1234567890ab""
}",2026-09-27 02:16:30.968
"{
  ""doc_id"": ""0128fdaf-38fc-c98c-cbd0-cb544fa84ba2"",
  ""system"": ""teiren_cloud"",
  ""t_event_id"": ""ACCOUNT-S801"",
  ""t_user_id"": ""3fddc8f2cea3f9ec4c966cc6b114d23338e20b90ef0b0c2e2373049ff18193d9"",
  ""tag_name"": ""teiren_audit"",
  ""tc_act"": ""SESSION_REFRESH"",
  ""tc_deviceProduct"": ""TEIREN_AUDIT"",
  ""tc_deviceVendor"": ""TEIREN"",
  ""tc_msg"": ""세션 재발급 성공"",
  ""tc_request"": ""/api/account/refresh"",
  ""tc_requestClientApplication"": ""Mozilla/5.0 (Macintosh; Intel Mac OS X 10_15_7) AppleWebKit/537.36 (KHTML, like Gecko) Chrome/152.0.0.0 Safari/537.36"",
  ""tc_src"": ""10.20.10.71"",
  ""tc_suser"": ""admin01@lab.internal"",
  ""teiren_timestamp"": ""2026-10-07T00:07:02.496Z"",
  ""tenancy"": ""c0ffee12a1b24d6e9f0a1234567890ab""
}",2026-09-27 02:16:30.968
"{
  ""doc_id"": ""01eac721-760e-6165-0c49-30b8613ff224"",
  ""system"": ""teiren_cloud"",
  ""t_event_id"": ""DASHBOARD-S301"",
  ""t_user_id"": ""3fddc8f2cea3f9ec4c966cc6b114d23338e20b90ef0b0c2e2373049ff18193d9"",
  ""tag_name"": ""teiren_audit"",
  ""tc_act"": ""DASHBOARD_LAYOUT_VIEW_UPDATE"",
  ""tc_deviceProduct"": ""TEIREN_AUDIT"",
  ""tc_deviceVendor"": ""TEIREN"",
  ""tc_msg"": ""대시보드 레이아웃 수정 성공"",
  ""tc_request"": ""/api/dashboard_info/layout"",
  ""tc_requestClientApplication"": ""Mozilla/5.0 (Macintosh; Intel Mac OS X 10_15_7) AppleWebKit/537.36 (KHTML, like Gecko) Chrome/152.0.0.0 Safari/537.36"",
  ""tc_src"": ""10.20.10.71"",
  ""tc_suser"": ""admin01@lab.internal"",
  ""teiren_timestamp"": ""2026-10-07T00:07:52.496Z"",
  ""tenancy"": ""c0ffee12a1b24d6e9f0a1234567890ab""
}",2026-09-27 02:16:30.968
"{
  ""doc_id"": ""0175cb94-ccec-6cc3-ce74-fc431a8cb3b2"",
  ""system"": ""teiren_cloud"",
  ""t_event_id"": ""ACCOUNT-S505"",
  ""t_user_id"": ""98fdf34aeba0149327f7715ae84d8f2c464efdcafdf00d4dccc8fbaed8748ee1"",
  ""tag_name"": ""teiren_audit"",
  ""tc_act"": ""IAM_LOGIN_SUCCESS"",
  ""tc_deviceProduct"": ""TEIREN_AUDIT"",
  ""tc_deviceVendor"": ""TEIREN"",
  ""tc_msg"": ""IAM 계정 로그인 성공"",
  ""tc_request"": ""/api/account/login_sub_account"",
  ""tc_requestClientApplication"": ""Mozilla/5.0 (Macintosh; Intel Mac OS X 10_15_7) AppleWebKit/537.36 (KHTML, like Gecko) Chrome/152.0.0.0 Safari/537.36"",
  ""tc_src"": ""10.20.10.51"",
  ""tc_suser"": ""analyst01@lab.internal"",
  ""teiren_timestamp"": ""2026-10-07T01:09:27.420Z"",
  ""tenancy"": ""c0ffee12a1b24d6e9f0a1234567890ab""
}",2026-09-27 02:16:30.968
"{
  ""doc_id"": ""0134f6ae-b1e1-bf30-0fb8-b57df8a497aa"",
  ""system"": ""teiren_cloud"",
  ""t_event_id"": ""ACCOUNT-S801"",
  ""t_user_id"": ""98fdf34aeba0149327f7715ae84d8f2c464efdcafdf00d4dccc8fbaed8748ee1"",
  ""tag_name"": ""teiren_audit"",
  ""tc_act"": ""SESSION_REFRESH"",
  ""tc_deviceProduct"": ""TEIREN_AUDIT"",
  ""tc_deviceVendor"": ""TEIREN"",
  ""tc_msg"": ""세션 재발급 성공"",
  ""tc_request"": ""/api/account/refresh"",
  ""tc_requestClientApplication"": ""Mozilla/5.0 (Macintosh; Intel Mac OS X 10_15_7) AppleWebKit/537.36 (KHTML, like Gecko) Chrome/152.0.0.0 Safari/537.36"",
  ""tc_src"": ""10.20.10.51"",
  ""tc_suser"": ""analyst01@lab.internal"",
  ""teiren_timestamp"": ""2026-10-07T01:10:05.420Z"",
  ""tenancy"": ""c0ffee12a1b24d6e9f0a1234567890ab""
}",2026-09-27 02:16:30.968
"{
  ""doc_id"": ""010c714e-227f-6f73-6f37-7262b3358eb8"",
  ""system"": ""teiren_cloud"",
  ""t_event_id"": ""LOG-S301"",
  ""t_user_id"": ""98fdf34aeba0149327f7715ae84d8f2c464efdcafdf00d4dccc8fbaed8748ee1"",
  ""tag_name"": ""teiren_audit"",
  ""tc_act"": ""LOG_COLUMN_VIEW_UPDATE"",
  ""tc_deviceProduct"": ""TEIREN_AUDIT"",
  ""tc_deviceVendor"": ""TEIREN"",
  ""tc_msg"": ""로그 컬럼 보기 수정 성공"",
  ""tc_request"": ""/api/logs/column"",
  ""tc_requestClientApplication"": ""Mozilla/5.0 (Macintosh; Intel Mac OS X 10_15_7) AppleWebKit/537.36 (KHTML, like Gecko) Chrome/152.0.0.0 Safari/537.36"",
  ""tc_src"": ""10.20.10.51"",
  ""tc_suser"": ""analyst01@lab.internal"",
  ""teiren_timestamp"": ""2026-10-07T01:10:55.420Z"",
  ""tenancy"": ""c0ffee12a1b24d6e9f0a1234567890ab""
}",2026-09-27 02:16:30.968
"{
  ""doc_id"": ""0122af45-318b-44c1-ef44-a0745a7a7e24"",
  ""system"": ""teiren_cloud"",
  ""t_event_id"": ""ACCOUNT-S505"",
  ""t_user_id"": ""fe29336cd66e0e20c63728e9d736af8b3edf0f2d0a41f4cf932709c11c50d4a4"",
  ""tag_name"": ""teiren_audit"",
  ""tc_act"": ""IAM_LOGIN_SUCCESS"",
  ""tc_deviceProduct"": ""TEIREN_AUDIT"",
  ""tc_deviceVendor"": ""TEIREN"",
  ""tc_msg"": ""IAM 계정 로그인 성공"",
  ""tc_request"": ""/api/account/login_sub_account"",
  ""tc_requestClientApplication"": ""Mozilla/5.0 (Macintosh; Intel Mac OS X 10_15_7) AppleWebKit/537.36 (KHTML, like Gecko) Chrome/152.0.0.0 Safari/537.36"",
  ""tc_src"": ""10.20.10.11"",
  ""tc_suser"": ""dev01@lab.internal"",
  ""teiren_timestamp"": ""2026-10-07T01:18:34.696Z"",
  ""tenancy"": ""c0ffee12a1b24d6e9f0a1234567890ab""
}",2026-09-27 02:16:30.968
"{
  ""doc_id"": ""017ce576-4ea0-c1d1-62ee-f6090dd7268c"",
  ""system"": ""teiren_cloud"",
  ""t_event_id"": ""ACCOUNT-S801"",
  ""t_user_id"": ""fe29336cd66e0e20c63728e9d736af8b3edf0f2d0a41f4cf932709c11c50d4a4"",
  ""tag_name"": ""teiren_audit"",
  ""tc_act"": ""SESSION_REFRESH"",
  ""tc_deviceProduct"": ""TEIREN_AUDIT"",
  ""tc_deviceVendor"": ""TEIREN"",
  ""tc_msg"": ""세션 재발급 성공"",
  ""tc_request"": ""/api/account/refresh"",
  ""tc_requestClientApplication"": ""Mozilla/5.0 (Macintosh; Intel Mac OS X 10_15_7) AppleWebKit/537.36 (KHTML, like Gecko) Chrome/152.0.0.0 Safari/537.36"",
  ""tc_src"": ""10.20.10.11"",
  ""tc_suser"": ""dev01@lab.internal"",
  ""teiren_timestamp"": ""2026-10-07T01:19:12.696Z"",
  ""tenancy"": ""c0ffee12a1b24d6e9f0a1234567890ab""
}",2026-09-27 02:16:30.968
"{
  ""doc_id"": ""010b9310-a4b1-c9c5-b321-d9276c091b87"",
  ""system"": ""teiren_cloud"",
  ""t_event_id"": ""DASHBOARD-S301"",
  ""t_user_id"": ""fe29336cd66e0e20c63728e9d736af8b3edf0f2d0a41f4cf932709c11c50d4a4"",
  ""tag_name"": ""teiren_audit"",
  ""tc_act"": ""DASHBOARD_LAYOUT_VIEW_UPDATE"",
  ""tc_deviceProduct"": ""TEIREN_AUDIT"",
  ""tc_deviceVendor"": ""TEIREN"",
  ""tc_msg"": ""대시보드 레이아웃 수정 성공"",
  ""tc_request"": ""/api/dashboard_info/layout"",
  ""tc_requestClientApplication"": ""Mozilla/5.0 (Macintosh; Intel Mac OS X 10_15_7) AppleWebKit/537.36 (KHTML, like Gecko) Chrome/152.0.0.0 Safari/537.36"",
  ""tc_src"": ""10.20.10.11"",
  ""tc_suser"": ""dev01@lab.internal"",
  ""teiren_timestamp"": ""2026-10-07T01:20:02.696Z"",
  ""tenancy"": ""c0ffee12a1b24d6e9f0a1234567890ab""
}",2026-09-27 02:16:30.968
"{
  ""doc_id"": ""0106a748-96f5-4333-fb7b-42269b3fef44"",
  ""system"": ""teiren_cloud"",
  ""t_event_id"": ""ACCOUNT-S501"",
  ""t_user_id"": ""3fddc8f2cea3f9ec4c966cc6b114d23338e20b90ef0b0c2e2373049ff18193d9"",
  ""tag_name"": ""teiren_audit"",
  ""tc_act"": ""ROOT_LOGIN_NO_MFA"",
  ""tc_deviceProduct"": ""TEIREN_AUDIT"",
  ""tc_deviceVendor"": ""TEIREN"",
  ""tc_msg"": ""Root 계정 로그인 성공"",
  ""tc_request"": ""/api/account/login_root"",
  ""tc_requestClientApplication"": ""Mozilla/5.0 (Macintosh; Intel Mac OS X 10_15_7) AppleWebKit/537.36 (KHTML, like Gecko) Chrome/152.0.0.0 Safari/537.36"",
  ""tc_src"": ""10.20.10.71"",
  ""tc_suser"": ""admin01@lab.internal"",
  ""teiren_timestamp"": ""2026-10-07T02:47:44.890Z"",
  ""tenancy"": ""c0ffee12a1b24d6e9f0a1234567890ab""
}",2026-09-27 02:16:30.968
"{
  ""doc_id"": ""01c6e51e-e831-fcc7-412b-c705a9b56b75"",
  ""system"": ""teiren_cloud"",
  ""t_event_id"": ""ACCOUNT-S801"",
  ""t_user_id"": ""3fddc8f2cea3f9ec4c966cc6b114d23338e20b90ef0b0c2e2373049ff18193d9"",
  ""tag_name"": ""teiren_audit"",
  ""tc_act"": ""SESSION_REFRESH"",
  ""tc_deviceProduct"": ""TEIREN_AUDIT"",
  ""tc_deviceVendor"": ""TEIREN"",
  ""tc_msg"": ""세션 재발급 성공"",
  ""tc_request"": ""/api/account/refresh"",
  ""tc_requestClientApplication"": ""Mozilla/5.0 (Macintosh; Intel Mac OS X 10_15_7) AppleWebKit/537.36 (KHTML, like Gecko) Chrome/152.0.0.0 Safari/537.36"",
  ""tc_src"": ""10.20.10.71"",
  ""tc_suser"": ""admin01@lab.internal"",
  ""teiren_timestamp"": ""2026-10-07T02:48:22.890Z"",
  ""tenancy"": ""c0ffee12a1b24d6e9f0a1234567890ab""
}",2026-09-27 02:16:30.968
"{
  ""doc_id"": ""0164b951-2491-da82-ee88-30e5c46ca245"",
  ""system"": ""teiren_cloud"",
  ""t_event_id"": ""DASHBOARD-S301"",
  ""t_user_id"": ""3fddc8f2cea3f9ec4c966cc6b114d23338e20b90ef0b0c2e2373049ff18193d9"",
  ""tag_name"": ""teiren_audit"",
  ""tc_act"": ""DASHBOARD_LAYOUT_VIEW_UPDATE"",
  ""tc_deviceProduct"": ""TEIREN_AUDIT"",
  ""tc_deviceVendor"": ""TEIREN"",
  ""tc_msg"": ""대시보드 레이아웃 수정 성공"",
  ""tc_request"": ""/api/dashboard_info/layout"",
  ""tc_requestClientApplication"": ""Mozilla/5.0 (Macintosh; Intel Mac OS X 10_15_7) AppleWebKit/537.36 (KHTML, like Gecko) Chrome/152.0.0.0 Safari/537.36"",
  ""tc_src"": ""10.20.10.71"",
  ""tc_suser"": ""admin01@lab.internal"",
  ""teiren_timestamp"": ""2026-10-07T02:49:12.890Z"",
  ""tenancy"": ""c0ffee12a1b24d6e9f0a1234567890ab""
}",2026-09-27 02:16:30.968
"{
  ""doc_id"": ""01804d04-7875-2635-112a-d1773390c399"",
  ""system"": ""teiren_cloud"",
  ""t_event_id"": ""ACCOUNT-S505"",
  ""t_user_id"": ""fb850da41982d343a8e8587be9997a2a3b7997720fd50bd9bb01e5ff8930cc79"",
  ""tag_name"": ""teiren_audit"",
  ""tc_act"": ""IAM_LOGIN_SUCCESS"",
  ""tc_deviceProduct"": ""TEIREN_AUDIT"",
  ""tc_deviceVendor"": ""TEIREN"",
  ""tc_msg"": ""IAM 계정 로그인 성공"",
  ""tc_request"": ""/api/account/login_sub_account"",
  ""tc_requestClientApplication"": ""Mozilla/5.0 (Macintosh; Intel Mac OS X 10_15_7) AppleWebKit/537.36 (KHTML, like Gecko) Chrome/152.0.0.0 Safari/537.36"",
  ""tc_src"": ""10.20.10.81"",
  ""tc_suser"": ""web01@lab.internal"",
  ""teiren_timestamp"": ""2026-10-07T04:12:45.887Z"",
  ""tenancy"": ""c0ffee12a1b24d6e9f0a1234567890ab""
}",2026-09-27 02:16:30.968
"{
  ""doc_id"": ""015ff2e5-1f99-7d78-4e01-3f579f93d48c"",
  ""system"": ""teiren_cloud"",
  ""t_event_id"": ""ACCOUNT-S801"",
  ""t_user_id"": ""fb850da41982d343a8e8587be9997a2a3b7997720fd50bd9bb01e5ff8930cc79"",
  ""tag_name"": ""teiren_audit"",
  ""tc_act"": ""SESSION_REFRESH"",
  ""tc_deviceProduct"": ""TEIREN_AUDIT"",
  ""tc_deviceVendor"": ""TEIREN"",
  ""tc_msg"": ""세션 재발급 성공"",
  ""tc_request"": ""/api/account/refresh"",
  ""tc_requestClientApplication"": ""Mozilla/5.0 (Macintosh; Intel Mac OS X 10_15_7) AppleWebKit/537.36 (KHTML, like Gecko) Chrome/152.0.0.0 Safari/537.36"",
  ""tc_src"": ""10.20.10.81"",
  ""tc_suser"": ""web01@lab.internal"",
  ""teiren_timestamp"": ""2026-10-07T04:13:23.887Z"",
  ""tenancy"": ""c0ffee12a1b24d6e9f0a1234567890ab""
}",2026-09-27 02:16:30.968
"{
  ""doc_id"": ""01314859-c7f1-a5c8-f15f-996a99ba2632"",
  ""system"": ""teiren_cloud"",
  ""t_event_id"": ""DASHBOARD-S301"",
  ""t_user_id"": ""fb850da41982d343a8e8587be9997a2a3b7997720fd50bd9bb01e5ff8930cc79"",
  ""tag_name"": ""teiren_audit"",
  ""tc_act"": ""DASHBOARD_LAYOUT_VIEW_UPDATE"",
  ""tc_deviceProduct"": ""TEIREN_AUDIT"",
  ""tc_deviceVendor"": ""TEIREN"",
  ""tc_msg"": ""대시보드 레이아웃 수정 성공"",
  ""tc_request"": ""/api/dashboard_info/layout"",
  ""tc_requestClientApplication"": ""Mozilla/5.0 (Macintosh; Intel Mac OS X 10_15_7) AppleWebKit/537.36 (KHTML, like Gecko) Chrome/152.0.0.0 Safari/537.36"",
  ""tc_src"": ""10.20.10.81"",
  ""tc_suser"": ""web01@lab.internal"",
  ""teiren_timestamp"": ""2026-10-07T04:14:13.887Z"",
  ""tenancy"": ""c0ffee12a1b24d6e9f0a1234567890ab""
}",2026-09-27 02:16:30.968
"{
  ""doc_id"": ""01268641-8264-5561-8b44-e0cd90a695d1"",
  ""system"": ""teiren_cloud"",
  ""t_event_id"": ""ACCOUNT-S505"",
  ""t_user_id"": ""e4afab0fb14e16dc0d365415df887786ddc2a78cfa31e91ecd965540042f03ad"",
  ""tag_name"": ""teiren_audit"",
  ""tc_act"": ""IAM_LOGIN_SUCCESS"",
  ""tc_deviceProduct"": ""TEIREN_AUDIT"",
  ""tc_deviceVendor"": ""TEIREN"",
  ""tc_msg"": ""IAM 계정 로그인 성공"",
  ""tc_request"": ""/api/account/login_sub_account"",
  ""tc_requestClientApplication"": ""Mozilla/5.0 (Macintosh; Intel Mac OS X 10_15_7) AppleWebKit/537.36 (KHTML, like Gecko) Chrome/152.0.0.0 Safari/537.36"",
  ""tc_src"": ""10.20.10.61"",
  ""tc_suser"": ""intern01@lab.internal"",
  ""teiren_timestamp"": ""2026-10-07T04:46:48.776Z"",
  ""tenancy"": ""c0ffee12a1b24d6e9f0a1234567890ab""
}",2026-09-27 02:16:30.968
"{
  ""doc_id"": ""016edc7f-53af-c16b-ca45-2cae31b7dd65"",
  ""system"": ""teiren_cloud"",
  ""t_event_id"": ""ACCOUNT-S801"",
  ""t_user_id"": ""e4afab0fb14e16dc0d365415df887786ddc2a78cfa31e91ecd965540042f03ad"",
  ""tag_name"": ""teiren_audit"",
  ""tc_act"": ""SESSION_REFRESH"",
  ""tc_deviceProduct"": ""TEIREN_AUDIT"",
  ""tc_deviceVendor"": ""TEIREN"",
  ""tc_msg"": ""세션 재발급 성공"",
  ""tc_request"": ""/api/account/refresh"",
  ""tc_requestClientApplication"": ""Mozilla/5.0 (Macintosh; Intel Mac OS X 10_15_7) AppleWebKit/537.36 (KHTML, like Gecko) Chrome/152.0.0.0 Safari/537.36"",
  ""tc_src"": ""10.20.10.61"",
  ""tc_suser"": ""intern01@lab.internal"",
  ""teiren_timestamp"": ""2026-10-07T04:47:26.776Z"",
  ""tenancy"": ""c0ffee12a1b24d6e9f0a1234567890ab""
}",2026-09-27 02:16:30.968
"{
  ""doc_id"": ""01621a04-f570-b9ed-06f8-ed2ed996217b"",
  ""system"": ""teiren_cloud"",
  ""t_event_id"": ""LOG-S301"",
  ""t_user_id"": ""e4afab0fb14e16dc0d365415df887786ddc2a78cfa31e91ecd965540042f03ad"",
  ""tag_name"": ""teiren_audit"",
  ""tc_act"": ""LOG_COLUMN_VIEW_UPDATE"",
  ""tc_deviceProduct"": ""TEIREN_AUDIT"",
  ""tc_deviceVendor"": ""TEIREN"",
  ""tc_msg"": ""로그 컬럼 보기 수정 성공"",
  ""tc_request"": ""/api/logs/column"",
  ""tc_requestClientApplication"": ""Mozilla/5.0 (Macintosh; Intel Mac OS X 10_15_7) AppleWebKit/537.36 (KHTML, like Gecko) Chrome/152.0.0.0 Safari/537.36"",
  ""tc_src"": ""10.20.10.61"",
  ""tc_suser"": ""intern01@lab.internal"",
  ""teiren_timestamp"": ""2026-10-07T04:48:16.776Z"",
  ""tenancy"": ""c0ffee12a1b24d6e9f0a1234567890ab""
}",2026-09-27 02:16:30.968
"{
  ""doc_id"": ""0140243d-3c46-ee94-ee1f-7f45064cd1f3"",
  ""system"": ""teiren_cloud"",
  ""t_event_id"": ""ACCOUNT-S505"",
  ""t_user_id"": ""fb850da41982d343a8e8587be9997a2a3b7997720fd50bd9bb01e5ff8930cc79"",
  ""tag_name"": ""teiren_audit"",
  ""tc_act"": ""IAM_LOGIN_SUCCESS"",
  ""tc_deviceProduct"": ""TEIREN_AUDIT"",
  ""tc_deviceVendor"": ""TEIREN"",
  ""tc_msg"": ""IAM 계정 로그인 성공"",
  ""tc_request"": ""/api/account/login_sub_account"",
  ""tc_requestClientApplication"": ""Mozilla/5.0 (Macintosh; Intel Mac OS X 10_15_7) AppleWebKit/537.36 (KHTML, like Gecko) Chrome/152.0.0.0 Safari/537.36"",
  ""tc_src"": ""10.20.10.81"",
  ""tc_suser"": ""web01@lab.internal"",
  ""teiren_timestamp"": ""2026-10-07T05:33:15.107Z"",
  ""tenancy"": ""c0ffee12a1b24d6e9f0a1234567890ab""
}",2026-09-27 02:16:30.968
"{
  ""doc_id"": ""01bc6733-6c69-ffc6-5d82-94898828064a"",
  ""system"": ""teiren_cloud"",
  ""t_event_id"": ""ACCOUNT-S801"",
  ""t_user_id"": ""fb850da41982d343a8e8587be9997a2a3b7997720fd50bd9bb01e5ff8930cc79"",
  ""tag_name"": ""teiren_audit"",
  ""tc_act"": ""SESSION_REFRESH"",
  ""tc_deviceProduct"": ""TEIREN_AUDIT"",
  ""tc_deviceVendor"": ""TEIREN"",
  ""tc_msg"": ""세션 재발급 성공"",
  ""tc_request"": ""/api/account/refresh"",
  ""tc_requestClientApplication"": ""Mozilla/5.0 (Macintosh; Intel Mac OS X 10_15_7) AppleWebKit/537.36 (KHTML, like Gecko) Chrome/152.0.0.0 Safari/537.36"",
  ""tc_src"": ""10.20.10.81"",
  ""tc_suser"": ""web01@lab.internal"",
  ""teiren_timestamp"": ""2026-10-07T05:33:53.107Z"",
  ""tenancy"": ""c0ffee12a1b24d6e9f0a1234567890ab""
}",2026-09-27 02:16:30.968
"{
  ""doc_id"": ""018b9cca-c260-26a7-cbcc-c4cc1800a710"",
  ""system"": ""teiren_cloud"",
  ""t_event_id"": ""DASHBOARD-S301"",
  ""t_user_id"": ""fb850da41982d343a8e8587be9997a2a3b7997720fd50bd9bb01e5ff8930cc79"",
  ""tag_name"": ""teiren_audit"",
  ""tc_act"": ""DASHBOARD_LAYOUT_VIEW_UPDATE"",
  ""tc_deviceProduct"": ""TEIREN_AUDIT"",
  ""tc_deviceVendor"": ""TEIREN"",
  ""tc_msg"": ""대시보드 레이아웃 수정 성공"",
  ""tc_request"": ""/api/dashboard_info/layout"",
  ""tc_requestClientApplication"": ""Mozilla/5.0 (Macintosh; Intel Mac OS X 10_15_7) AppleWebKit/537.36 (KHTML, like Gecko) Chrome/152.0.0.0 Safari/537.36"",
  ""tc_src"": ""10.20.10.81"",
  ""tc_suser"": ""web01@lab.internal"",
  ""teiren_timestamp"": ""2026-10-07T05:34:43.107Z"",
  ""tenancy"": ""c0ffee12a1b24d6e9f0a1234567890ab""
}",2026-09-27 02:16:30.968
"{
  ""doc_id"": ""01b3494a-fe3b-6eed-c8f5-124696efe170"",
  ""system"": ""teiren_cloud"",
  ""t_event_id"": ""ACCOUNT-S505"",
  ""t_user_id"": ""317f64abaa2282480082cb73a793fe857ccb3c4b3e1f0e5df2afb748e05ae9dd"",
  ""tag_name"": ""teiren_audit"",
  ""tc_act"": ""IAM_LOGIN_SUCCESS"",
  ""tc_deviceProduct"": ""TEIREN_AUDIT"",
  ""tc_deviceVendor"": ""TEIREN"",
  ""tc_msg"": ""IAM 계정 로그인 성공"",
  ""tc_request"": ""/api/account/login_sub_account"",
  ""tc_requestClientApplication"": ""Mozilla/5.0 (Macintosh; Intel Mac OS X 10_15_7) AppleWebKit/537.36 (KHTML, like Gecko) Chrome/152.0.0.0 Safari/537.36"",
  ""tc_src"": ""10.20.10.21"",
  ""tc_suser"": ""ops01@lab.internal"",
  ""teiren_timestamp"": ""2026-10-07T05:45:04.526Z"",
  ""tenancy"": ""c0ffee12a1b24d6e9f0a1234567890ab""
}",2026-09-27 02:16:30.968
"{
  ""doc_id"": ""01da47e3-796b-d55a-f448-7013a0743653"",
  ""system"": ""teiren_cloud"",
  ""t_event_id"": ""ACCOUNT-S801"",
  ""t_user_id"": ""317f64abaa2282480082cb73a793fe857ccb3c4b3e1f0e5df2afb748e05ae9dd"",
  ""tag_name"": ""teiren_audit"",
  ""tc_act"": ""SESSION_REFRESH"",
  ""tc_deviceProduct"": ""TEIREN_AUDIT"",
  ""tc_deviceVendor"": ""TEIREN"",
  ""tc_msg"": ""세션 재발급 성공"",
  ""tc_request"": ""/api/account/refresh"",
  ""tc_requestClientApplication"": ""Mozilla/5.0 (Macintosh; Intel Mac OS X 10_15_7) AppleWebKit/537.36 (KHTML, like Gecko) Chrome/152.0.0.0 Safari/537.36"",
  ""tc_src"": ""10.20.10.21"",
  ""tc_suser"": ""ops01@lab.internal"",
  ""teiren_timestamp"": ""2026-10-07T05:45:42.526Z"",
  ""tenancy"": ""c0ffee12a1b24d6e9f0a1234567890ab""
}",2026-09-27 02:16:30.968
"{
  ""doc_id"": ""01565917-8622-84c5-ebd8-b591a0adcf01"",
  ""system"": ""teiren_cloud"",
  ""t_event_id"": ""RESOURCE-S302"",
  ""t_user_id"": ""317f64abaa2282480082cb73a793fe857ccb3c4b3e1f0e5df2afb748e05ae9dd"",
  ""tag_name"": ""teiren_audit"",
  ""tc_act"": ""INTEGRATION_STATUS_UPDATE"",
  ""tc_deviceProduct"": ""TEIREN_AUDIT"",
  ""tc_deviceVendor"": ""TEIREN"",
  ""tc_msg"": ""연동 상태 수정 성공"",
  ""tc_request"": ""/api/resource/collect"",
  ""tc_requestClientApplication"": ""Mozilla/5.0 (Macintosh; Intel Mac OS X 10_15_7) AppleWebKit/537.36 (KHTML, like Gecko) Chrome/152.0.0.0 Safari/537.36"",
  ""tc_src"": ""10.20.10.21"",
  ""tc_suser"": ""ops01@lab.internal"",
  ""teiren_timestamp"": ""2026-10-07T05:46:32.526Z"",
  ""tenancy"": ""c0ffee12a1b24d6e9f0a1234567890ab""
}",2026-09-27 02:16:30.968
"{
  ""doc_id"": ""01e6789e-5111-6329-f580-a94517da6221"",
  ""system"": ""teiren_cloud"",
  ""t_event_id"": ""ACCOUNT-S505"",
  ""t_user_id"": ""56a0f04a707318bc9f9edb47119ad8f4d863143a8a26e0cf4f692d612eb9817a"",
  ""tag_name"": ""teiren_audit"",
  ""tc_act"": ""IAM_LOGIN_SUCCESS"",
  ""tc_deviceProduct"": ""TEIREN_AUDIT"",
  ""tc_deviceVendor"": ""TEIREN"",
  ""tc_msg"": ""IAM 계정 로그인 성공"",
  ""tc_request"": ""/api/account/login_sub_account"",
  ""tc_requestClientApplication"": ""Mozilla/5.0 (Macintosh; Intel Mac OS X 10_15_7) AppleWebKit/537.36 (KHTML, like Gecko) Chrome/152.0.0.0 Safari/537.36"",
  ""tc_src"": ""10.20.10.12"",
  ""tc_suser"": ""dev02@lab.internal"",
  ""teiren_timestamp"": ""2026-10-07T06:45:06.576Z"",
  ""tenancy"": ""c0ffee12a1b24d6e9f0a1234567890ab""
}",2026-09-27 02:16:30.968
"{
  ""doc_id"": ""0109a182-0d31-c7a2-6b01-5f5bb1ae62f3"",
  ""system"": ""teiren_cloud"",
  ""t_event_id"": ""ACCOUNT-S801"",
  ""t_user_id"": ""56a0f04a707318bc9f9edb47119ad8f4d863143a8a26e0cf4f692d612eb9817a"",
  ""tag_name"": ""teiren_audit"",
  ""tc_act"": ""SESSION_REFRESH"",
  ""tc_deviceProduct"": ""TEIREN_AUDIT"",
  ""tc_deviceVendor"": ""TEIREN"",
  ""tc_msg"": ""세션 재발급 성공"",
  ""tc_request"": ""/api/account/refresh"",
  ""tc_requestClientApplication"": ""Mozilla/5.0 (Macintosh; Intel Mac OS X 10_15_7) AppleWebKit/537.36 (KHTML, like Gecko) Chrome/152.0.0.0 Safari/537.36"",
  ""tc_src"": ""10.20.10.12"",
  ""tc_suser"": ""dev02@lab.internal"",
  ""teiren_timestamp"": ""2026-10-07T06:45:44.576Z"",
  ""tenancy"": ""c0ffee12a1b24d6e9f0a1234567890ab""
}",2026-09-27 02:16:30.968
"{
  ""doc_id"": ""019b087a-dcb5-35a4-7ff8-e53d969e1197"",
  ""system"": ""teiren_cloud"",
  ""t_event_id"": ""DASHBOARD-S301"",
  ""t_user_id"": ""56a0f04a707318bc9f9edb47119ad8f4d863143a8a26e0cf4f692d612eb9817a"",
  ""tag_name"": ""teiren_audit"",
  ""tc_act"": ""DASHBOARD_LAYOUT_VIEW_UPDATE"",
  ""tc_deviceProduct"": ""TEIREN_AUDIT"",
  ""tc_deviceVendor"": ""TEIREN"",
  ""tc_msg"": ""대시보드 레이아웃 수정 성공"",
  ""tc_request"": ""/api/dashboard_info/layout"",
  ""tc_requestClientApplication"": ""Mozilla/5.0 (Macintosh; Intel Mac OS X 10_15_7) AppleWebKit/537.36 (KHTML, like Gecko) Chrome/152.0.0.0 Safari/537.36"",
  ""tc_src"": ""10.20.10.12"",
  ""tc_suser"": ""dev02@lab.internal"",
  ""teiren_timestamp"": ""2026-10-07T06:46:34.576Z"",
  ""tenancy"": ""c0ffee12a1b24d6e9f0a1234567890ab""
}",2026-09-27 02:16:30.968
"{
  ""doc_id"": ""015f6f45-75d6-c3b7-8d9b-40085368b036"",
  ""system"": ""teiren_cloud"",
  ""t_event_id"": ""ACCOUNT-S505"",
  ""t_user_id"": ""cf8ee8443091707b132a3d3be976b80f68a97126916762537a335e5a0bd02a4b"",
  ""tag_name"": ""teiren_audit"",
  ""tc_act"": ""IAM_LOGIN_SUCCESS"",
  ""tc_deviceProduct"": ""TEIREN_AUDIT"",
  ""tc_deviceVendor"": ""TEIREN"",
  ""tc_msg"": ""IAM 계정 로그인 성공"",
  ""tc_request"": ""/api/account/login_sub_account"",
  ""tc_requestClientApplication"": ""Mozilla/5.0 (Macintosh; Intel Mac OS X 10_15_7) AppleWebKit/537.36 (KHTML, like Gecko) Chrome/152.0.0.0 Safari/537.36"",
  ""tc_src"": ""10.20.10.22"",
  ""tc_suser"": ""ops02@lab.internal"",
  ""teiren_timestamp"": ""2026-10-07T07:19:13.117Z"",
  ""tenancy"": ""c0ffee12a1b24d6e9f0a1234567890ab""
}",2026-09-27 02:16:30.968
"{
  ""doc_id"": ""01c09534-a7a3-892f-4dc3-0287c1f22914"",
  ""system"": ""teiren_cloud"",
  ""t_event_id"": ""ACCOUNT-S801"",
  ""t_user_id"": ""cf8ee8443091707b132a3d3be976b80f68a97126916762537a335e5a0bd02a4b"",
  ""tag_name"": ""teiren_audit"",
  ""tc_act"": ""SESSION_REFRESH"",
  ""tc_deviceProduct"": ""TEIREN_AUDIT"",
  ""tc_deviceVendor"": ""TEIREN"",
  ""tc_msg"": ""세션 재발급 성공"",
  ""tc_request"": ""/api/account/refresh"",
  ""tc_requestClientApplication"": ""Mozilla/5.0 (Macintosh; Intel Mac OS X 10_15_7) AppleWebKit/537.36 (KHTML, like Gecko) Chrome/152.0.0.0 Safari/537.36"",
  ""tc_src"": ""10.20.10.22"",
  ""tc_suser"": ""ops02@lab.internal"",
  ""teiren_timestamp"": ""2026-10-07T07:19:51.117Z"",
  ""tenancy"": ""c0ffee12a1b24d6e9f0a1234567890ab""
}",2026-09-27 02:16:30.968
"{
  ""doc_id"": ""01899cde-56ae-430d-9418-2b490473cbdd"",
  ""system"": ""teiren_cloud"",
  ""t_event_id"": ""RESOURCE-S302"",
  ""t_user_id"": ""cf8ee8443091707b132a3d3be976b80f68a97126916762537a335e5a0bd02a4b"",
  ""tag_name"": ""teiren_audit"",
  ""tc_act"": ""INTEGRATION_STATUS_UPDATE"",
  ""tc_deviceProduct"": ""TEIREN_AUDIT"",
  ""tc_deviceVendor"": ""TEIREN"",
  ""tc_msg"": ""연동 상태 수정 성공"",
  ""tc_request"": ""/api/resource/collect"",
  ""tc_requestClientApplication"": ""Mozilla/5.0 (Macintosh; Intel Mac OS X 10_15_7) AppleWebKit/537.36 (KHTML, like Gecko) Chrome/152.0.0.0 Safari/537.36"",
  ""tc_src"": ""10.20.10.22"",
  ""tc_suser"": ""ops02@lab.internal"",
  ""teiren_timestamp"": ""2026-10-07T07:20:41.117Z"",
  ""tenancy"": ""c0ffee12a1b24d6e9f0a1234567890ab""
}",2026-09-27 02:16:30.968
"{
  ""doc_id"": ""01db2dd5-4dfc-2d2f-5b6c-17486435607e"",
  ""system"": ""teiren_cloud"",
  ""t_event_id"": ""ACCOUNT-S505"",
  ""t_user_id"": ""56a0f04a707318bc9f9edb47119ad8f4d863143a8a26e0cf4f692d612eb9817a"",
  ""tag_name"": ""teiren_audit"",
  ""tc_act"": ""IAM_LOGIN_SUCCESS"",
  ""tc_deviceProduct"": ""TEIREN_AUDIT"",
  ""tc_deviceVendor"": ""TEIREN"",
  ""tc_msg"": ""IAM 계정 로그인 성공"",
  ""tc_request"": ""/api/account/login_sub_account"",
  ""tc_requestClientApplication"": ""Mozilla/5.0 (Macintosh; Intel Mac OS X 10_15_7) AppleWebKit/537.36 (KHTML, like Gecko) Chrome/152.0.0.0 Safari/537.36"",
  ""tc_src"": ""10.20.10.12"",
  ""tc_suser"": ""dev02@lab.internal"",
  ""teiren_timestamp"": ""2026-10-07T07:46:57.362Z"",
  ""tenancy"": ""c0ffee12a1b24d6e9f0a1234567890ab""
}",2026-09-27 02:16:30.968
"{
  ""doc_id"": ""01415874-e262-7c47-181f-643972003981"",
  ""system"": ""teiren_cloud"",
  ""t_event_id"": ""ACCOUNT-S801"",
  ""t_user_id"": ""56a0f04a707318bc9f9edb47119ad8f4d863143a8a26e0cf4f692d612eb9817a"",
  ""tag_name"": ""teiren_audit"",
  ""tc_act"": ""SESSION_REFRESH"",
  ""tc_deviceProduct"": ""TEIREN_AUDIT"",
  ""tc_deviceVendor"": ""TEIREN"",
  ""tc_msg"": ""세션 재발급 성공"",
  ""tc_request"": ""/api/account/refresh"",
  ""tc_requestClientApplication"": ""Mozilla/5.0 (Macintosh; Intel Mac OS X 10_15_7) AppleWebKit/537.36 (KHTML, like Gecko) Chrome/152.0.0.0 Safari/537.36"",
  ""tc_src"": ""10.20.10.12"",
  ""tc_suser"": ""dev02@lab.internal"",
  ""teiren_timestamp"": ""2026-10-07T07:47:35.362Z"",
  ""tenancy"": ""c0ffee12a1b24d6e9f0a1234567890ab""
}",2026-09-27 02:16:30.968
"{
  ""doc_id"": ""01519ca6-a4c0-b860-f04e-d4dfd165699a"",
  ""system"": ""teiren_cloud"",
  ""t_event_id"": ""DASHBOARD-S301"",
  ""t_user_id"": ""56a0f04a707318bc9f9edb47119ad8f4d863143a8a26e0cf4f692d612eb9817a"",
  ""tag_name"": ""teiren_audit"",
  ""tc_act"": ""DASHBOARD_LAYOUT_VIEW_UPDATE"",
  ""tc_deviceProduct"": ""TEIREN_AUDIT"",
  ""tc_deviceVendor"": ""TEIREN"",
  ""tc_msg"": ""대시보드 레이아웃 수정 성공"",
  ""tc_request"": ""/api/dashboard_info/layout"",
  ""tc_requestClientApplication"": ""Mozilla/5.0 (Macintosh; Intel Mac OS X 10_15_7) AppleWebKit/537.36 (KHTML, like Gecko) Chrome/152.0.0.0 Safari/537.36"",
  ""tc_src"": ""10.20.10.12"",
  ""tc_suser"": ""dev02@lab.internal"",
  ""teiren_timestamp"": ""2026-10-07T07:48:25.362Z"",
  ""tenancy"": ""c0ffee12a1b24d6e9f0a1234567890ab""
}",2026-09-27 02:16:30.968
"{
  ""doc_id"": ""015f555c-b950-d33a-1033-950cfcf421c6"",
  ""system"": ""teiren_cloud"",
  ""t_event_id"": ""ACCOUNT-S505"",
  ""t_user_id"": ""cf8ee8443091707b132a3d3be976b80f68a97126916762537a335e5a0bd02a4b"",
  ""tag_name"": ""teiren_audit"",
  ""tc_act"": ""IAM_LOGIN_SUCCESS"",
  ""tc_deviceProduct"": ""TEIREN_AUDIT"",
  ""tc_deviceVendor"": ""TEIREN"",
  ""tc_msg"": ""IAM 계정 로그인 성공"",
  ""tc_request"": ""/api/account/login_sub_account"",
  ""tc_requestClientApplication"": ""Mozilla/5.0 (Macintosh; Intel Mac OS X 10_15_7) AppleWebKit/537.36 (KHTML, like Gecko) Chrome/152.0.0.0 Safari/537.36"",
  ""tc_src"": ""10.20.10.22"",
  ""tc_suser"": ""ops02@lab.internal"",
  ""teiren_timestamp"": ""2026-10-08T01:45:40.621Z"",
  ""tenancy"": ""c0ffee12a1b24d6e9f0a1234567890ab""
}",2026-09-27 02:16:30.968
"{
  ""doc_id"": ""014fba8f-4ccd-12a9-239d-b08d2d8afc06"",
  ""system"": ""teiren_cloud"",
  ""t_event_id"": ""ACCOUNT-S801"",
  ""t_user_id"": ""cf8ee8443091707b132a3d3be976b80f68a97126916762537a335e5a0bd02a4b"",
  ""tag_name"": ""teiren_audit"",
  ""tc_act"": ""SESSION_REFRESH"",
  ""tc_deviceProduct"": ""TEIREN_AUDIT"",
  ""tc_deviceVendor"": ""TEIREN"",
  ""tc_msg"": ""세션 재발급 성공"",
  ""tc_request"": ""/api/account/refresh"",
  ""tc_requestClientApplication"": ""Mozilla/5.0 (Macintosh; Intel Mac OS X 10_15_7) AppleWebKit/537.36 (KHTML, like Gecko) Chrome/152.0.0.0 Safari/537.36"",
  ""tc_src"": ""10.20.10.22"",
  ""tc_suser"": ""ops02@lab.internal"",
  ""teiren_timestamp"": ""2026-10-08T01:46:18.621Z"",
  ""tenancy"": ""c0ffee12a1b24d6e9f0a1234567890ab""
}",2026-09-27 02:16:30.968
"{
  ""doc_id"": ""011bc926-997a-73d8-0b1b-53a40938ae29"",
  ""system"": ""teiren_cloud"",
  ""t_event_id"": ""RESOURCE-S302"",
  ""t_user_id"": ""cf8ee8443091707b132a3d3be976b80f68a97126916762537a335e5a0bd02a4b"",
  ""tag_name"": ""teiren_audit"",
  ""tc_act"": ""INTEGRATION_STATUS_UPDATE"",
  ""tc_deviceProduct"": ""TEIREN_AUDIT"",
  ""tc_deviceVendor"": ""TEIREN"",
  ""tc_msg"": ""연동 상태 수정 성공"",
  ""tc_request"": ""/api/resource/collect"",
  ""tc_requestClientApplication"": ""Mozilla/5.0 (Macintosh; Intel Mac OS X 10_15_7) AppleWebKit/537.36 (KHTML, like Gecko) Chrome/152.0.0.0 Safari/537.36"",
  ""tc_src"": ""10.20.10.22"",
  ""tc_suser"": ""ops02@lab.internal"",
  ""teiren_timestamp"": ""2026-10-08T01:47:08.621Z"",
  ""tenancy"": ""c0ffee12a1b24d6e9f0a1234567890ab""
}",2026-09-27 02:16:30.968
"{
  ""doc_id"": ""01489eaf-e50a-c4cd-0df5-9678c66e1fbb"",
  ""system"": ""teiren_cloud"",
  ""t_event_id"": ""ACCOUNT-S505"",
  ""t_user_id"": ""fe29336cd66e0e20c63728e9d736af8b3edf0f2d0a41f4cf932709c11c50d4a4"",
  ""tag_name"": ""teiren_audit"",
  ""tc_act"": ""IAM_LOGIN_SUCCESS"",
  ""tc_deviceProduct"": ""TEIREN_AUDIT"",
  ""tc_deviceVendor"": ""TEIREN"",
  ""tc_msg"": ""IAM 계정 로그인 성공"",
  ""tc_request"": ""/api/account/login_sub_account"",
  ""tc_requestClientApplication"": ""Mozilla/5.0 (Macintosh; Intel Mac OS X 10_15_7) AppleWebKit/537.36 (KHTML, like Gecko) Chrome/152.0.0.0 Safari/537.36"",
  ""tc_src"": ""10.20.10.11"",
  ""tc_suser"": ""dev01@lab.internal"",
  ""teiren_timestamp"": ""2026-10-08T02:09:16.401Z"",
  ""tenancy"": ""c0ffee12a1b24d6e9f0a1234567890ab""
}",2026-09-27 02:16:30.968
"{
  ""doc_id"": ""014de280-5077-ce38-7b3a-150ac6ef29ad"",
  ""system"": ""teiren_cloud"",
  ""t_event_id"": ""ACCOUNT-S801"",
  ""t_user_id"": ""fe29336cd66e0e20c63728e9d736af8b3edf0f2d0a41f4cf932709c11c50d4a4"",
  ""tag_name"": ""teiren_audit"",
  ""tc_act"": ""SESSION_REFRESH"",
  ""tc_deviceProduct"": ""TEIREN_AUDIT"",
  ""tc_deviceVendor"": ""TEIREN"",
  ""tc_msg"": ""세션 재발급 성공"",
  ""tc_request"": ""/api/account/refresh"",
  ""tc_requestClientApplication"": ""Mozilla/5.0 (Macintosh; Intel Mac OS X 10_15_7) AppleWebKit/537.36 (KHTML, like Gecko) Chrome/152.0.0.0 Safari/537.36"",
  ""tc_src"": ""10.20.10.11"",
  ""tc_suser"": ""dev01@lab.internal"",
  ""teiren_timestamp"": ""2026-10-08T02:09:54.401Z"",
  ""tenancy"": ""c0ffee12a1b24d6e9f0a1234567890ab""
}",2026-09-27 02:16:30.968
"{
  ""doc_id"": ""01e79e0a-1c6c-1a71-6035-e92d4b49cf98"",
  ""system"": ""teiren_cloud"",
  ""t_event_id"": ""DASHBOARD-S301"",
  ""t_user_id"": ""fe29336cd66e0e20c63728e9d736af8b3edf0f2d0a41f4cf932709c11c50d4a4"",
  ""tag_name"": ""teiren_audit"",
  ""tc_act"": ""DASHBOARD_LAYOUT_VIEW_UPDATE"",
  ""tc_deviceProduct"": ""TEIREN_AUDIT"",
  ""tc_deviceVendor"": ""TEIREN"",
  ""tc_msg"": ""대시보드 레이아웃 수정 성공"",
  ""tc_request"": ""/api/dashboard_info/layout"",
  ""tc_requestClientApplication"": ""Mozilla/5.0 (Macintosh; Intel Mac OS X 10_15_7) AppleWebKit/537.36 (KHTML, like Gecko) Chrome/152.0.0.0 Safari/537.36"",
  ""tc_src"": ""10.20.10.11"",
  ""tc_suser"": ""dev01@lab.internal"",
  ""teiren_timestamp"": ""2026-10-08T02:10:44.401Z"",
  ""tenancy"": ""c0ffee12a1b24d6e9f0a1234567890ab""
}",2026-09-27 02:16:30.968
"{
  ""doc_id"": ""01f9f1a5-7fe5-a465-b338-f048db10a4a0"",
  ""system"": ""teiren_cloud"",
  ""t_event_id"": ""ACCOUNT-S505"",
  ""t_user_id"": ""cf8ee8443091707b132a3d3be976b80f68a97126916762537a335e5a0bd02a4b"",
  ""tag_name"": ""teiren_audit"",
  ""tc_act"": ""IAM_LOGIN_SUCCESS"",
  ""tc_deviceProduct"": ""TEIREN_AUDIT"",
  ""tc_deviceVendor"": ""TEIREN"",
  ""tc_msg"": ""IAM 계정 로그인 성공"",
  ""tc_request"": ""/api/account/login_sub_account"",
  ""tc_requestClientApplication"": ""Mozilla/5.0 (Macintosh; Intel Mac OS X 10_15_7) AppleWebKit/537.36 (KHTML, like Gecko) Chrome/152.0.0.0 Safari/537.36"",
  ""tc_src"": ""10.20.10.22"",
  ""tc_suser"": ""ops02@lab.internal"",
  ""teiren_timestamp"": ""2026-10-08T02:28:36.305Z"",
  ""tenancy"": ""c0ffee12a1b24d6e9f0a1234567890ab""
}",2026-09-27 02:16:30.968
"{
  ""doc_id"": ""011d73e6-f771-4f43-ae1b-11cbf1d8dc4a"",
  ""system"": ""teiren_cloud"",
  ""t_event_id"": ""ACCOUNT-S801"",
  ""t_user_id"": ""cf8ee8443091707b132a3d3be976b80f68a97126916762537a335e5a0bd02a4b"",
  ""tag_name"": ""teiren_audit"",
  ""tc_act"": ""SESSION_REFRESH"",
  ""tc_deviceProduct"": ""TEIREN_AUDIT"",
  ""tc_deviceVendor"": ""TEIREN"",
  ""tc_msg"": ""세션 재발급 성공"",
  ""tc_request"": ""/api/account/refresh"",
  ""tc_requestClientApplication"": ""Mozilla/5.0 (Macintosh; Intel Mac OS X 10_15_7) AppleWebKit/537.36 (KHTML, like Gecko) Chrome/152.0.0.0 Safari/537.36"",
  ""tc_src"": ""10.20.10.22"",
  ""tc_suser"": ""ops02@lab.internal"",
  ""teiren_timestamp"": ""2026-10-08T02:29:14.305Z"",
  ""tenancy"": ""c0ffee12a1b24d6e9f0a1234567890ab""
}",2026-09-27 02:16:30.968
"{
  ""doc_id"": ""016fcb87-d459-5fda-ee61-27f312c9fa1f"",
  ""system"": ""teiren_cloud"",
  ""t_event_id"": ""RESOURCE-S302"",
  ""t_user_id"": ""cf8ee8443091707b132a3d3be976b80f68a97126916762537a335e5a0bd02a4b"",
  ""tag_name"": ""teiren_audit"",
  ""tc_act"": ""INTEGRATION_STATUS_UPDATE"",
  ""tc_deviceProduct"": ""TEIREN_AUDIT"",
  ""tc_deviceVendor"": ""TEIREN"",
  ""tc_msg"": ""연동 상태 수정 성공"",
  ""tc_request"": ""/api/resource/collect"",
  ""tc_requestClientApplication"": ""Mozilla/5.0 (Macintosh; Intel Mac OS X 10_15_7) AppleWebKit/537.36 (KHTML, like Gecko) Chrome/152.0.0.0 Safari/537.36"",
  ""tc_src"": ""10.20.10.22"",
  ""tc_suser"": ""ops02@lab.internal"",
  ""teiren_timestamp"": ""2026-10-08T02:30:04.305Z"",
  ""tenancy"": ""c0ffee12a1b24d6e9f0a1234567890ab""
}",2026-09-27 02:16:30.968
"{
  ""doc_id"": ""014487f8-84e3-7e91-e5f3-236a1423b34d"",
  ""system"": ""teiren_cloud"",
  ""t_event_id"": ""ACCOUNT-S505"",
  ""t_user_id"": ""fb850da41982d343a8e8587be9997a2a3b7997720fd50bd9bb01e5ff8930cc79"",
  ""tag_name"": ""teiren_audit"",
  ""tc_act"": ""IAM_LOGIN_SUCCESS"",
  ""tc_deviceProduct"": ""TEIREN_AUDIT"",
  ""tc_deviceVendor"": ""TEIREN"",
  ""tc_msg"": ""IAM 계정 로그인 성공"",
  ""tc_request"": ""/api/account/login_sub_account"",
  ""tc_requestClientApplication"": ""Mozilla/5.0 (Macintosh; Intel Mac OS X 10_15_7) AppleWebKit/537.36 (KHTML, like Gecko) Chrome/152.0.0.0 Safari/537.36"",
  ""tc_src"": ""10.20.10.81"",
  ""tc_suser"": ""web01@lab.internal"",
  ""teiren_timestamp"": ""2026-10-08T02:41:26.767Z"",
  ""tenancy"": ""c0ffee12a1b24d6e9f0a1234567890ab""
}",2026-09-27 02:16:30.968
"{
  ""doc_id"": ""018082a3-7a26-a0ac-7e5f-579f3d8e4583"",
  ""system"": ""teiren_cloud"",
  ""t_event_id"": ""ACCOUNT-S801"",
  ""t_user_id"": ""fb850da41982d343a8e8587be9997a2a3b7997720fd50bd9bb01e5ff8930cc79"",
  ""tag_name"": ""teiren_audit"",
  ""tc_act"": ""SESSION_REFRESH"",
  ""tc_deviceProduct"": ""TEIREN_AUDIT"",
  ""tc_deviceVendor"": ""TEIREN"",
  ""tc_msg"": ""세션 재발급 성공"",
  ""tc_request"": ""/api/account/refresh"",
  ""tc_requestClientApplication"": ""Mozilla/5.0 (Macintosh; Intel Mac OS X 10_15_7) AppleWebKit/537.36 (KHTML, like Gecko) Chrome/152.0.0.0 Safari/537.36"",
  ""tc_src"": ""10.20.10.81"",
  ""tc_suser"": ""web01@lab.internal"",
  ""teiren_timestamp"": ""2026-10-08T02:42:04.767Z"",
  ""tenancy"": ""c0ffee12a1b24d6e9f0a1234567890ab""
}",2026-09-27 02:16:30.968
"{
  ""doc_id"": ""0169dfb7-2eb7-4af8-3a58-5aa724c77a79"",
  ""system"": ""teiren_cloud"",
  ""t_event_id"": ""DASHBOARD-S301"",
  ""t_user_id"": ""fb850da41982d343a8e8587be9997a2a3b7997720fd50bd9bb01e5ff8930cc79"",
  ""tag_name"": ""teiren_audit"",
  ""tc_act"": ""DASHBOARD_LAYOUT_VIEW_UPDATE"",
  ""tc_deviceProduct"": ""TEIREN_AUDIT"",
  ""tc_deviceVendor"": ""TEIREN"",
  ""tc_msg"": ""대시보드 레이아웃 수정 성공"",
  ""tc_request"": ""/api/dashboard_info/layout"",
  ""tc_requestClientApplication"": ""Mozilla/5.0 (Macintosh; Intel Mac OS X 10_15_7) AppleWebKit/537.36 (KHTML, like Gecko) Chrome/152.0.0.0 Safari/537.36"",
  ""tc_src"": ""10.20.10.81"",
  ""tc_suser"": ""web01@lab.internal"",
  ""teiren_timestamp"": ""2026-10-08T02:42:54.767Z"",
  ""tenancy"": ""c0ffee12a1b24d6e9f0a1234567890ab""
}",2026-09-27 02:16:30.968
"{
  ""doc_id"": ""0180809a-1d66-71cd-a960-d5acb2cee6e3"",
  ""system"": ""teiren_cloud"",
  ""t_event_id"": ""ACCOUNT-S505"",
  ""t_user_id"": ""317f64abaa2282480082cb73a793fe857ccb3c4b3e1f0e5df2afb748e05ae9dd"",
  ""tag_name"": ""teiren_audit"",
  ""tc_act"": ""IAM_LOGIN_SUCCESS"",
  ""tc_deviceProduct"": ""TEIREN_AUDIT"",
  ""tc_deviceVendor"": ""TEIREN"",
  ""tc_msg"": ""IAM 계정 로그인 성공"",
  ""tc_request"": ""/api/account/login_sub_account"",
  ""tc_requestClientApplication"": ""Mozilla/5.0 (Macintosh; Intel Mac OS X 10_15_7) AppleWebKit/537.36 (KHTML, like Gecko) Chrome/152.0.0.0 Safari/537.36"",
  ""tc_src"": ""10.20.10.21"",
  ""tc_suser"": ""ops01@lab.internal"",
  ""teiren_timestamp"": ""2026-10-08T03:13:31.316Z"",
  ""tenancy"": ""c0ffee12a1b24d6e9f0a1234567890ab""
}",2026-09-27 02:16:30.968
"{
  ""doc_id"": ""01b9d5a3-4c86-faf4-a0b9-1ca328296371"",
  ""system"": ""teiren_cloud"",
  ""t_event_id"": ""ACCOUNT-S801"",
  ""t_user_id"": ""317f64abaa2282480082cb73a793fe857ccb3c4b3e1f0e5df2afb748e05ae9dd"",
  ""tag_name"": ""teiren_audit"",
  ""tc_act"": ""SESSION_REFRESH"",
  ""tc_deviceProduct"": ""TEIREN_AUDIT"",
  ""tc_deviceVendor"": ""TEIREN"",
  ""tc_msg"": ""세션 재발급 성공"",
  ""tc_request"": ""/api/account/refresh"",
  ""tc_requestClientApplication"": ""Mozilla/5.0 (Macintosh; Intel Mac OS X 10_15_7) AppleWebKit/537.36 (KHTML, like Gecko) Chrome/152.0.0.0 Safari/537.36"",
  ""tc_src"": ""10.20.10.21"",
  ""tc_suser"": ""ops01@lab.internal"",
  ""teiren_timestamp"": ""2026-10-08T03:14:09.316Z"",
  ""tenancy"": ""c0ffee12a1b24d6e9f0a1234567890ab""
}",2026-09-27 02:16:30.968
"{
  ""doc_id"": ""01994063-8c17-20fd-c59d-e1fb01b3f1fb"",
  ""system"": ""teiren_cloud"",
  ""t_event_id"": ""RESOURCE-S302"",
  ""t_user_id"": ""317f64abaa2282480082cb73a793fe857ccb3c4b3e1f0e5df2afb748e05ae9dd"",
  ""tag_name"": ""teiren_audit"",
  ""tc_act"": ""INTEGRATION_STATUS_UPDATE"",
  ""tc_deviceProduct"": ""TEIREN_AUDIT"",
  ""tc_deviceVendor"": ""TEIREN"",
  ""tc_msg"": ""연동 상태 수정 성공"",
  ""tc_request"": ""/api/resource/collect"",
  ""tc_requestClientApplication"": ""Mozilla/5.0 (Macintosh; Intel Mac OS X 10_15_7) AppleWebKit/537.36 (KHTML, like Gecko) Chrome/152.0.0.0 Safari/537.36"",
  ""tc_src"": ""10.20.10.21"",
  ""tc_suser"": ""ops01@lab.internal"",
  ""teiren_timestamp"": ""2026-10-08T03:14:59.316Z"",
  ""tenancy"": ""c0ffee12a1b24d6e9f0a1234567890ab""
}",2026-09-27 02:16:30.968
"{
  ""doc_id"": ""01f54e0d-49e5-3cae-af2c-8a47e0ccd481"",
  ""system"": ""teiren_cloud"",
  ""t_event_id"": ""ACCOUNT-S501"",
  ""t_user_id"": ""3fddc8f2cea3f9ec4c966cc6b114d23338e20b90ef0b0c2e2373049ff18193d9"",
  ""tag_name"": ""teiren_audit"",
  ""tc_act"": ""ROOT_LOGIN_NO_MFA"",
  ""tc_deviceProduct"": ""TEIREN_AUDIT"",
  ""tc_deviceVendor"": ""TEIREN"",
  ""tc_msg"": ""Root 계정 로그인 성공"",
  ""tc_request"": ""/api/account/login_root"",
  ""tc_requestClientApplication"": ""Mozilla/5.0 (Macintosh; Intel Mac OS X 10_15_7) AppleWebKit/537.36 (KHTML, like Gecko) Chrome/152.0.0.0 Safari/537.36"",
  ""tc_src"": ""10.20.10.71"",
  ""tc_suser"": ""admin01@lab.internal"",
  ""teiren_timestamp"": ""2026-10-08T04:02:35.820Z"",
  ""tenancy"": ""c0ffee12a1b24d6e9f0a1234567890ab""
}",2026-09-27 02:16:30.968
"{
  ""doc_id"": ""01e432ed-f472-2ae0-21e3-1fee83e80687"",
  ""system"": ""teiren_cloud"",
  ""t_event_id"": ""ACCOUNT-S801"",
  ""t_user_id"": ""3fddc8f2cea3f9ec4c966cc6b114d23338e20b90ef0b0c2e2373049ff18193d9"",
  ""tag_name"": ""teiren_audit"",
  ""tc_act"": ""SESSION_REFRESH"",
  ""tc_deviceProduct"": ""TEIREN_AUDIT"",
  ""tc_deviceVendor"": ""TEIREN"",
  ""tc_msg"": ""세션 재발급 성공"",
  ""tc_request"": ""/api/account/refresh"",
  ""tc_requestClientApplication"": ""Mozilla/5.0 (Macintosh; Intel Mac OS X 10_15_7) AppleWebKit/537.36 (KHTML, like Gecko) Chrome/152.0.0.0 Safari/537.36"",
  ""tc_src"": ""10.20.10.71"",
  ""tc_suser"": ""admin01@lab.internal"",
  ""teiren_timestamp"": ""2026-10-08T04:03:13.820Z"",
  ""tenancy"": ""c0ffee12a1b24d6e9f0a1234567890ab""
}",2026-09-27 02:16:30.968
"{
  ""doc_id"": ""014b9081-c4d3-fcb7-f568-3a49252ea37a"",
  ""system"": ""teiren_cloud"",
  ""t_event_id"": ""DASHBOARD-S301"",
  ""t_user_id"": ""3fddc8f2cea3f9ec4c966cc6b114d23338e20b90ef0b0c2e2373049ff18193d9"",
  ""tag_name"": ""teiren_audit"",
  ""tc_act"": ""DASHBOARD_LAYOUT_VIEW_UPDATE"",
  ""tc_deviceProduct"": ""TEIREN_AUDIT"",
  ""tc_deviceVendor"": ""TEIREN"",
  ""tc_msg"": ""대시보드 레이아웃 수정 성공"",
  ""tc_request"": ""/api/dashboard_info/layout"",
  ""tc_requestClientApplication"": ""Mozilla/5.0 (Macintosh; Intel Mac OS X 10_15_7) AppleWebKit/537.36 (KHTML, like Gecko) Chrome/152.0.0.0 Safari/537.36"",
  ""tc_src"": ""10.20.10.71"",
  ""tc_suser"": ""admin01@lab.internal"",
  ""teiren_timestamp"": ""2026-10-08T04:04:03.820Z"",
  ""tenancy"": ""c0ffee12a1b24d6e9f0a1234567890ab""
}",2026-09-27 02:16:30.968
"{
  ""doc_id"": ""017910dd-deeb-fd2e-e570-cff7b374606f"",
  ""system"": ""teiren_cloud"",
  ""t_event_id"": ""ACCOUNT-S505"",
  ""t_user_id"": ""98fdf34aeba0149327f7715ae84d8f2c464efdcafdf00d4dccc8fbaed8748ee1"",
  ""tag_name"": ""teiren_audit"",
  ""tc_act"": ""IAM_LOGIN_SUCCESS"",
  ""tc_deviceProduct"": ""TEIREN_AUDIT"",
  ""tc_deviceVendor"": ""TEIREN"",
  ""tc_msg"": ""IAM 계정 로그인 성공"",
  ""tc_request"": ""/api/account/login_sub_account"",
  ""tc_requestClientApplication"": ""Mozilla/5.0 (Macintosh; Intel Mac OS X 10_15_7) AppleWebKit/537.36 (KHTML, like Gecko) Chrome/152.0.0.0 Safari/537.36"",
  ""tc_src"": ""10.20.10.51"",
  ""tc_suser"": ""analyst01@lab.internal"",
  ""teiren_timestamp"": ""2026-10-08T05:24:30.481Z"",
  ""tenancy"": ""c0ffee12a1b24d6e9f0a1234567890ab""
}",2026-09-27 02:16:30.968
"{
  ""doc_id"": ""01b41869-56e4-e80b-b42f-825282a47241"",
  ""system"": ""teiren_cloud"",
  ""t_event_id"": ""ACCOUNT-S801"",
  ""t_user_id"": ""98fdf34aeba0149327f7715ae84d8f2c464efdcafdf00d4dccc8fbaed8748ee1"",
  ""tag_name"": ""teiren_audit"",
  ""tc_act"": ""SESSION_REFRESH"",
  ""tc_deviceProduct"": ""TEIREN_AUDIT"",
  ""tc_deviceVendor"": ""TEIREN"",
  ""tc_msg"": ""세션 재발급 성공"",
  ""tc_request"": ""/api/account/refresh"",
  ""tc_requestClientApplication"": ""Mozilla/5.0 (Macintosh; Intel Mac OS X 10_15_7) AppleWebKit/537.36 (KHTML, like Gecko) Chrome/152.0.0.0 Safari/537.36"",
  ""tc_src"": ""10.20.10.51"",
  ""tc_suser"": ""analyst01@lab.internal"",
  ""teiren_timestamp"": ""2026-10-08T05:25:08.481Z"",
  ""tenancy"": ""c0ffee12a1b24d6e9f0a1234567890ab""
}",2026-09-27 02:16:30.968
"{
  ""doc_id"": ""018669a0-302f-654c-054a-461ed5ed86a9"",
  ""system"": ""teiren_cloud"",
  ""t_event_id"": ""LOG-S301"",
  ""t_user_id"": ""98fdf34aeba0149327f7715ae84d8f2c464efdcafdf00d4dccc8fbaed8748ee1"",
  ""tag_name"": ""teiren_audit"",
  ""tc_act"": ""LOG_COLUMN_VIEW_UPDATE"",
  ""tc_deviceProduct"": ""TEIREN_AUDIT"",
  ""tc_deviceVendor"": ""TEIREN"",
  ""tc_msg"": ""로그 컬럼 보기 수정 성공"",
  ""tc_request"": ""/api/logs/column"",
  ""tc_requestClientApplication"": ""Mozilla/5.0 (Macintosh; Intel Mac OS X 10_15_7) AppleWebKit/537.36 (KHTML, like Gecko) Chrome/152.0.0.0 Safari/537.36"",
  ""tc_src"": ""10.20.10.51"",
  ""tc_suser"": ""analyst01@lab.internal"",
  ""teiren_timestamp"": ""2026-10-08T05:25:58.481Z"",
  ""tenancy"": ""c0ffee12a1b24d6e9f0a1234567890ab""
}",2026-09-27 02:16:30.968
"{
  ""doc_id"": ""01ac38c2-1ed2-9fbd-9c01-26efe9e22dad"",
  ""system"": ""teiren_cloud"",
  ""t_event_id"": ""ACCOUNT-S505"",
  ""t_user_id"": ""317f64abaa2282480082cb73a793fe857ccb3c4b3e1f0e5df2afb748e05ae9dd"",
  ""tag_name"": ""teiren_audit"",
  ""tc_act"": ""IAM_LOGIN_SUCCESS"",
  ""tc_deviceProduct"": ""TEIREN_AUDIT"",
  ""tc_deviceVendor"": ""TEIREN"",
  ""tc_msg"": ""IAM 계정 로그인 성공"",
  ""tc_request"": ""/api/account/login_sub_account"",
  ""tc_requestClientApplication"": ""Mozilla/5.0 (Macintosh; Intel Mac OS X 10_15_7) AppleWebKit/537.36 (KHTML, like Gecko) Chrome/152.0.0.0 Safari/537.36"",
  ""tc_src"": ""10.20.10.21"",
  ""tc_suser"": ""ops01@lab.internal"",
  ""teiren_timestamp"": ""2026-10-08T06:09:22.750Z"",
  ""tenancy"": ""c0ffee12a1b24d6e9f0a1234567890ab""
}",2026-09-27 02:16:30.968
"{
  ""doc_id"": ""017f6f1b-463e-f5d4-52cd-8be629ab5cb6"",
  ""system"": ""teiren_cloud"",
  ""t_event_id"": ""ACCOUNT-S801"",
  ""t_user_id"": ""317f64abaa2282480082cb73a793fe857ccb3c4b3e1f0e5df2afb748e05ae9dd"",
  ""tag_name"": ""teiren_audit"",
  ""tc_act"": ""SESSION_REFRESH"",
  ""tc_deviceProduct"": ""TEIREN_AUDIT"",
  ""tc_deviceVendor"": ""TEIREN"",
  ""tc_msg"": ""세션 재발급 성공"",
  ""tc_request"": ""/api/account/refresh"",
  ""tc_requestClientApplication"": ""Mozilla/5.0 (Macintosh; Intel Mac OS X 10_15_7) AppleWebKit/537.36 (KHTML, like Gecko) Chrome/152.0.0.0 Safari/537.36"",
  ""tc_src"": ""10.20.10.21"",
  ""tc_suser"": ""ops01@lab.internal"",
  ""teiren_timestamp"": ""2026-10-08T06:10:00.750Z"",
  ""tenancy"": ""c0ffee12a1b24d6e9f0a1234567890ab""
}",2026-09-27 02:16:30.968
"{
  ""doc_id"": ""013246cd-c94d-d295-82b5-c4dc0cc399e8"",
  ""system"": ""teiren_cloud"",
  ""t_event_id"": ""RESOURCE-S302"",
  ""t_user_id"": ""317f64abaa2282480082cb73a793fe857ccb3c4b3e1f0e5df2afb748e05ae9dd"",
  ""tag_name"": ""teiren_audit"",
  ""tc_act"": ""INTEGRATION_STATUS_UPDATE"",
  ""tc_deviceProduct"": ""TEIREN_AUDIT"",
  ""tc_deviceVendor"": ""TEIREN"",
  ""tc_msg"": ""연동 상태 수정 성공"",
  ""tc_request"": ""/api/resource/collect"",
  ""tc_requestClientApplication"": ""Mozilla/5.0 (Macintosh; Intel Mac OS X 10_15_7) AppleWebKit/537.36 (KHTML, like Gecko) Chrome/152.0.0.0 Safari/537.36"",
  ""tc_src"": ""10.20.10.21"",
  ""tc_suser"": ""ops01@lab.internal"",
  ""teiren_timestamp"": ""2026-10-08T06:10:50.750Z"",
  ""tenancy"": ""c0ffee12a1b24d6e9f0a1234567890ab""
}",2026-09-27 02:16:30.968
"{
  ""doc_id"": ""017302d9-cff2-d434-0ec1-a33ffa8122a1"",
  ""system"": ""teiren_cloud"",
  ""t_event_id"": ""ACCOUNT-S505"",
  ""t_user_id"": ""e4afab0fb14e16dc0d365415df887786ddc2a78cfa31e91ecd965540042f03ad"",
  ""tag_name"": ""teiren_audit"",
  ""tc_act"": ""IAM_LOGIN_SUCCESS"",
  ""tc_deviceProduct"": ""TEIREN_AUDIT"",
  ""tc_deviceVendor"": ""TEIREN"",
  ""tc_msg"": ""IAM 계정 로그인 성공"",
  ""tc_request"": ""/api/account/login_sub_account"",
  ""tc_requestClientApplication"": ""Mozilla/5.0 (Macintosh; Intel Mac OS X 10_15_7) AppleWebKit/537.36 (KHTML, like Gecko) Chrome/152.0.0.0 Safari/537.36"",
  ""tc_src"": ""10.20.10.61"",
  ""tc_suser"": ""intern01@lab.internal"",
  ""teiren_timestamp"": ""2026-10-08T06:13:31.496Z"",
  ""tenancy"": ""c0ffee12a1b24d6e9f0a1234567890ab""
}",2026-09-27 02:16:30.968
"{
  ""doc_id"": ""013307be-648a-b18f-d55a-773ce19cc338"",
  ""system"": ""teiren_cloud"",
  ""t_event_id"": ""ACCOUNT-S801"",
  ""t_user_id"": ""e4afab0fb14e16dc0d365415df887786ddc2a78cfa31e91ecd965540042f03ad"",
  ""tag_name"": ""teiren_audit"",
  ""tc_act"": ""SESSION_REFRESH"",
  ""tc_deviceProduct"": ""TEIREN_AUDIT"",
  ""tc_deviceVendor"": ""TEIREN"",
  ""tc_msg"": ""세션 재발급 성공"",
  ""tc_request"": ""/api/account/refresh"",
  ""tc_requestClientApplication"": ""Mozilla/5.0 (Macintosh; Intel Mac OS X 10_15_7) AppleWebKit/537.36 (KHTML, like Gecko) Chrome/152.0.0.0 Safari/537.36"",
  ""tc_src"": ""10.20.10.61"",
  ""tc_suser"": ""intern01@lab.internal"",
  ""teiren_timestamp"": ""2026-10-08T06:14:09.496Z"",
  ""tenancy"": ""c0ffee12a1b24d6e9f0a1234567890ab""
}",2026-09-27 02:16:30.968
"{
  ""doc_id"": ""01bdbbeb-80ac-7564-b323-0383e9799640"",
  ""system"": ""teiren_cloud"",
  ""t_event_id"": ""LOG-S301"",
  ""t_user_id"": ""e4afab0fb14e16dc0d365415df887786ddc2a78cfa31e91ecd965540042f03ad"",
  ""tag_name"": ""teiren_audit"",
  ""tc_act"": ""LOG_COLUMN_VIEW_UPDATE"",
  ""tc_deviceProduct"": ""TEIREN_AUDIT"",
  ""tc_deviceVendor"": ""TEIREN"",
  ""tc_msg"": ""로그 컬럼 보기 수정 성공"",
  ""tc_request"": ""/api/logs/column"",
  ""tc_requestClientApplication"": ""Mozilla/5.0 (Macintosh; Intel Mac OS X 10_15_7) AppleWebKit/537.36 (KHTML, like Gecko) Chrome/152.0.0.0 Safari/537.36"",
  ""tc_src"": ""10.20.10.61"",
  ""tc_suser"": ""intern01@lab.internal"",
  ""teiren_timestamp"": ""2026-10-08T06:14:59.496Z"",
  ""tenancy"": ""c0ffee12a1b24d6e9f0a1234567890ab""
}",2026-09-27 02:16:30.968
"{
  ""doc_id"": ""015a12a0-90dd-0523-0426-671b1ab5ae54"",
  ""system"": ""teiren_cloud"",
  ""t_event_id"": ""ACCOUNT-S505"",
  ""t_user_id"": ""317f64abaa2282480082cb73a793fe857ccb3c4b3e1f0e5df2afb748e05ae9dd"",
  ""tag_name"": ""teiren_audit"",
  ""tc_act"": ""IAM_LOGIN_SUCCESS"",
  ""tc_deviceProduct"": ""TEIREN_AUDIT"",
  ""tc_deviceVendor"": ""TEIREN"",
  ""tc_msg"": ""IAM 계정 로그인 성공"",
  ""tc_request"": ""/api/account/login_sub_account"",
  ""tc_requestClientApplication"": ""Mozilla/5.0 (Macintosh; Intel Mac OS X 10_15_7) AppleWebKit/537.36 (KHTML, like Gecko) Chrome/152.0.0.0 Safari/537.36"",
  ""tc_src"": ""10.20.10.21"",
  ""tc_suser"": ""ops01@lab.internal"",
  ""teiren_timestamp"": ""2026-10-08T07:32:00.217Z"",
  ""tenancy"": ""c0ffee12a1b24d6e9f0a1234567890ab""
}",2026-09-27 02:16:30.968
"{
  ""doc_id"": ""01bddd37-3d7f-3c5a-9f84-dd83dcf6fcdc"",
  ""system"": ""teiren_cloud"",
  ""t_event_id"": ""ACCOUNT-S801"",
  ""t_user_id"": ""317f64abaa2282480082cb73a793fe857ccb3c4b3e1f0e5df2afb748e05ae9dd"",
  ""tag_name"": ""teiren_audit"",
  ""tc_act"": ""SESSION_REFRESH"",
  ""tc_deviceProduct"": ""TEIREN_AUDIT"",
  ""tc_deviceVendor"": ""TEIREN"",
  ""tc_msg"": ""세션 재발급 성공"",
  ""tc_request"": ""/api/account/refresh"",
  ""tc_requestClientApplication"": ""Mozilla/5.0 (Macintosh; Intel Mac OS X 10_15_7) AppleWebKit/537.36 (KHTML, like Gecko) Chrome/152.0.0.0 Safari/537.36"",
  ""tc_src"": ""10.20.10.21"",
  ""tc_suser"": ""ops01@lab.internal"",
  ""teiren_timestamp"": ""2026-10-08T07:32:38.217Z"",
  ""tenancy"": ""c0ffee12a1b24d6e9f0a1234567890ab""
}",2026-09-27 02:16:30.968
"{
  ""doc_id"": ""0152c721-6dec-7bfa-5dd5-5bba73f75792"",
  ""system"": ""teiren_cloud"",
  ""t_event_id"": ""RESOURCE-S302"",
  ""t_user_id"": ""317f64abaa2282480082cb73a793fe857ccb3c4b3e1f0e5df2afb748e05ae9dd"",
  ""tag_name"": ""teiren_audit"",
  ""tc_act"": ""INTEGRATION_STATUS_UPDATE"",
  ""tc_deviceProduct"": ""TEIREN_AUDIT"",
  ""tc_deviceVendor"": ""TEIREN"",
  ""tc_msg"": ""연동 상태 수정 성공"",
  ""tc_request"": ""/api/resource/collect"",
  ""tc_requestClientApplication"": ""Mozilla/5.0 (Macintosh; Intel Mac OS X 10_15_7) AppleWebKit/537.36 (KHTML, like Gecko) Chrome/152.0.0.0 Safari/537.36"",
  ""tc_src"": ""10.20.10.21"",
  ""tc_suser"": ""ops01@lab.internal"",
  ""teiren_timestamp"": ""2026-10-08T07:33:28.217Z"",
  ""tenancy"": ""c0ffee12a1b24d6e9f0a1234567890ab""
}",2026-09-27 02:16:30.968
"{
  ""doc_id"": ""0174019a-e52c-6978-fa59-099b2fa0e76d"",
  ""system"": ""teiren_cloud"",
  ""t_event_id"": ""ACCOUNT-S505"",
  ""t_user_id"": ""56a0f04a707318bc9f9edb47119ad8f4d863143a8a26e0cf4f692d612eb9817a"",
  ""tag_name"": ""teiren_audit"",
  ""tc_act"": ""IAM_LOGIN_SUCCESS"",
  ""tc_deviceProduct"": ""TEIREN_AUDIT"",
  ""tc_deviceVendor"": ""TEIREN"",
  ""tc_msg"": ""IAM 계정 로그인 성공"",
  ""tc_request"": ""/api/account/login_sub_account"",
  ""tc_requestClientApplication"": ""Mozilla/5.0 (Macintosh; Intel Mac OS X 10_15_7) AppleWebKit/537.36 (KHTML, like Gecko) Chrome/152.0.0.0 Safari/537.36"",
  ""tc_src"": ""10.20.10.12"",
  ""tc_suser"": ""dev02@lab.internal"",
  ""teiren_timestamp"": ""2026-10-08T07:39:49.883Z"",
  ""tenancy"": ""c0ffee12a1b24d6e9f0a1234567890ab""
}",2026-09-27 02:16:30.968
"{
  ""doc_id"": ""0100d0ee-00fc-0547-c896-9f1bd4b81d7f"",
  ""system"": ""teiren_cloud"",
  ""t_event_id"": ""ACCOUNT-S801"",
  ""t_user_id"": ""56a0f04a707318bc9f9edb47119ad8f4d863143a8a26e0cf4f692d612eb9817a"",
  ""tag_name"": ""teiren_audit"",
  ""tc_act"": ""SESSION_REFRESH"",
  ""tc_deviceProduct"": ""TEIREN_AUDIT"",
  ""tc_deviceVendor"": ""TEIREN"",
  ""tc_msg"": ""세션 재발급 성공"",
  ""tc_request"": ""/api/account/refresh"",
  ""tc_requestClientApplication"": ""Mozilla/5.0 (Macintosh; Intel Mac OS X 10_15_7) AppleWebKit/537.36 (KHTML, like Gecko) Chrome/152.0.0.0 Safari/537.36"",
  ""tc_src"": ""10.20.10.12"",
  ""tc_suser"": ""dev02@lab.internal"",
  ""teiren_timestamp"": ""2026-10-08T07:40:27.883Z"",
  ""tenancy"": ""c0ffee12a1b24d6e9f0a1234567890ab""
}",2026-09-27 02:16:30.968
"{
  ""doc_id"": ""01bd2d23-d5e8-71c6-bb27-b2dd8b4eaf94"",
  ""system"": ""teiren_cloud"",
  ""t_event_id"": ""DASHBOARD-S301"",
  ""t_user_id"": ""56a0f04a707318bc9f9edb47119ad8f4d863143a8a26e0cf4f692d612eb9817a"",
  ""tag_name"": ""teiren_audit"",
  ""tc_act"": ""DASHBOARD_LAYOUT_VIEW_UPDATE"",
  ""tc_deviceProduct"": ""TEIREN_AUDIT"",
  ""tc_deviceVendor"": ""TEIREN"",
  ""tc_msg"": ""대시보드 레이아웃 수정 성공"",
  ""tc_request"": ""/api/dashboard_info/layout"",
  ""tc_requestClientApplication"": ""Mozilla/5.0 (Macintosh; Intel Mac OS X 10_15_7) AppleWebKit/537.36 (KHTML, like Gecko) Chrome/152.0.0.0 Safari/537.36"",
  ""tc_src"": ""10.20.10.12"",
  ""tc_suser"": ""dev02@lab.internal"",
  ""teiren_timestamp"": ""2026-10-08T07:41:17.883Z"",
  ""tenancy"": ""c0ffee12a1b24d6e9f0a1234567890ab""
}",2026-09-27 02:16:30.968
"{
  ""doc_id"": ""01fcc116-942f-339b-3bc6-9731ba2230cf"",
  ""system"": ""teiren_cloud"",
  ""t_event_id"": ""ACCOUNT-S505"",
  ""t_user_id"": ""fb850da41982d343a8e8587be9997a2a3b7997720fd50bd9bb01e5ff8930cc79"",
  ""tag_name"": ""teiren_audit"",
  ""tc_act"": ""IAM_LOGIN_SUCCESS"",
  ""tc_deviceProduct"": ""TEIREN_AUDIT"",
  ""tc_deviceVendor"": ""TEIREN"",
  ""tc_msg"": ""IAM 계정 로그인 성공"",
  ""tc_request"": ""/api/account/login_sub_account"",
  ""tc_requestClientApplication"": ""Mozilla/5.0 (Macintosh; Intel Mac OS X 10_15_7) AppleWebKit/537.36 (KHTML, like Gecko) Chrome/152.0.0.0 Safari/537.36"",
  ""tc_src"": ""10.20.10.81"",
  ""tc_suser"": ""web01@lab.internal"",
  ""teiren_timestamp"": ""2026-10-08T07:49:48.506Z"",
  ""tenancy"": ""c0ffee12a1b24d6e9f0a1234567890ab""
}",2026-09-27 02:16:30.968
"{
  ""doc_id"": ""017d63b9-1097-605b-1ff8-6895776c6a3f"",
  ""system"": ""teiren_cloud"",
  ""t_event_id"": ""ACCOUNT-S801"",
  ""t_user_id"": ""fb850da41982d343a8e8587be9997a2a3b7997720fd50bd9bb01e5ff8930cc79"",
  ""tag_name"": ""teiren_audit"",
  ""tc_act"": ""SESSION_REFRESH"",
  ""tc_deviceProduct"": ""TEIREN_AUDIT"",
  ""tc_deviceVendor"": ""TEIREN"",
  ""tc_msg"": ""세션 재발급 성공"",
  ""tc_request"": ""/api/account/refresh"",
  ""tc_requestClientApplication"": ""Mozilla/5.0 (Macintosh; Intel Mac OS X 10_15_7) AppleWebKit/537.36 (KHTML, like Gecko) Chrome/152.0.0.0 Safari/537.36"",
  ""tc_src"": ""10.20.10.81"",
  ""tc_suser"": ""web01@lab.internal"",
  ""teiren_timestamp"": ""2026-10-08T07:50:26.506Z"",
  ""tenancy"": ""c0ffee12a1b24d6e9f0a1234567890ab""
}",2026-09-27 02:16:30.968
"{
  ""doc_id"": ""016a46dd-f1a4-3aca-794b-75cd2b17b503"",
  ""system"": ""teiren_cloud"",
  ""t_event_id"": ""DASHBOARD-S301"",
  ""t_user_id"": ""fb850da41982d343a8e8587be9997a2a3b7997720fd50bd9bb01e5ff8930cc79"",
  ""tag_name"": ""teiren_audit"",
  ""tc_act"": ""DASHBOARD_LAYOUT_VIEW_UPDATE"",
  ""tc_deviceProduct"": ""TEIREN_AUDIT"",
  ""tc_deviceVendor"": ""TEIREN"",
  ""tc_msg"": ""대시보드 레이아웃 수정 성공"",
  ""tc_request"": ""/api/dashboard_info/layout"",
  ""tc_requestClientApplication"": ""Mozilla/5.0 (Macintosh; Intel Mac OS X 10_15_7) AppleWebKit/537.36 (KHTML, like Gecko) Chrome/152.0.0.0 Safari/537.36"",
  ""tc_src"": ""10.20.10.81"",
  ""tc_suser"": ""web01@lab.internal"",
  ""teiren_timestamp"": ""2026-10-08T07:51:16.506Z"",
  ""tenancy"": ""c0ffee12a1b24d6e9f0a1234567890ab""
}",2026-09-27 02:16:30.968
"{
  ""doc_id"": ""01ee04e5-39bc-59c2-27dd-ce0056fc8dcf"",
  ""system"": ""teiren_cloud"",
  ""t_event_id"": ""ACCOUNT-S501"",
  ""t_user_id"": ""3fddc8f2cea3f9ec4c966cc6b114d23338e20b90ef0b0c2e2373049ff18193d9"",
  ""tag_name"": ""teiren_audit"",
  ""tc_act"": ""ROOT_LOGIN_NO_MFA"",
  ""tc_deviceProduct"": ""TEIREN_AUDIT"",
  ""tc_deviceVendor"": ""TEIREN"",
  ""tc_msg"": ""Root 계정 로그인 성공"",
  ""tc_request"": ""/api/account/login_root"",
  ""tc_requestClientApplication"": ""Mozilla/5.0 (Macintosh; Intel Mac OS X 10_15_7) AppleWebKit/537.36 (KHTML, like Gecko) Chrome/152.0.0.0 Safari/537.36"",
  ""tc_src"": ""10.20.10.71"",
  ""tc_suser"": ""admin01@lab.internal"",
  ""teiren_timestamp"": ""2026-10-09T01:11:35.763Z"",
  ""tenancy"": ""c0ffee12a1b24d6e9f0a1234567890ab""
}",2026-09-27 02:16:30.968
"{
  ""doc_id"": ""01b64df3-a443-383a-1c43-14bae9a56409"",
  ""system"": ""teiren_cloud"",
  ""t_event_id"": ""ACCOUNT-S801"",
  ""t_user_id"": ""3fddc8f2cea3f9ec4c966cc6b114d23338e20b90ef0b0c2e2373049ff18193d9"",
  ""tag_name"": ""teiren_audit"",
  ""tc_act"": ""SESSION_REFRESH"",
  ""tc_deviceProduct"": ""TEIREN_AUDIT"",
  ""tc_deviceVendor"": ""TEIREN"",
  ""tc_msg"": ""세션 재발급 성공"",
  ""tc_request"": ""/api/account/refresh"",
  ""tc_requestClientApplication"": ""Mozilla/5.0 (Macintosh; Intel Mac OS X 10_15_7) AppleWebKit/537.36 (KHTML, like Gecko) Chrome/152.0.0.0 Safari/537.36"",
  ""tc_src"": ""10.20.10.71"",
  ""tc_suser"": ""admin01@lab.internal"",
  ""teiren_timestamp"": ""2026-10-09T01:12:13.763Z"",
  ""tenancy"": ""c0ffee12a1b24d6e9f0a1234567890ab""
}",2026-09-27 02:16:30.968
"{
  ""doc_id"": ""01bbc409-54a6-b76a-0059-9b58f4ce4e43"",
  ""system"": ""teiren_cloud"",
  ""t_event_id"": ""DASHBOARD-S301"",
  ""t_user_id"": ""3fddc8f2cea3f9ec4c966cc6b114d23338e20b90ef0b0c2e2373049ff18193d9"",
  ""tag_name"": ""teiren_audit"",
  ""tc_act"": ""DASHBOARD_LAYOUT_VIEW_UPDATE"",
  ""tc_deviceProduct"": ""TEIREN_AUDIT"",
  ""tc_deviceVendor"": ""TEIREN"",
  ""tc_msg"": ""대시보드 레이아웃 수정 성공"",
  ""tc_request"": ""/api/dashboard_info/layout"",
  ""tc_requestClientApplication"": ""Mozilla/5.0 (Macintosh; Intel Mac OS X 10_15_7) AppleWebKit/537.36 (KHTML, like Gecko) Chrome/152.0.0.0 Safari/537.36"",
  ""tc_src"": ""10.20.10.71"",
  ""tc_suser"": ""admin01@lab.internal"",
  ""teiren_timestamp"": ""2026-10-09T01:13:03.763Z"",
  ""tenancy"": ""c0ffee12a1b24d6e9f0a1234567890ab""
}",2026-09-27 02:16:30.968
"{
  ""doc_id"": ""014fb0e1-7052-7981-7d31-e4e5d1711a4b"",
  ""system"": ""teiren_cloud"",
  ""t_event_id"": ""ACCOUNT-S505"",
  ""t_user_id"": ""56a0f04a707318bc9f9edb47119ad8f4d863143a8a26e0cf4f692d612eb9817a"",
  ""tag_name"": ""teiren_audit"",
  ""tc_act"": ""IAM_LOGIN_SUCCESS"",
  ""tc_deviceProduct"": ""TEIREN_AUDIT"",
  ""tc_deviceVendor"": ""TEIREN"",
  ""tc_msg"": ""IAM 계정 로그인 성공"",
  ""tc_request"": ""/api/account/login_sub_account"",
  ""tc_requestClientApplication"": ""Mozilla/5.0 (Macintosh; Intel Mac OS X 10_15_7) AppleWebKit/537.36 (KHTML, like Gecko) Chrome/152.0.0.0 Safari/537.36"",
  ""tc_src"": ""10.20.10.12"",
  ""tc_suser"": ""dev02@lab.internal"",
  ""teiren_timestamp"": ""2026-10-09T01:42:09.488Z"",
  ""tenancy"": ""c0ffee12a1b24d6e9f0a1234567890ab""
}",2026-09-27 02:16:30.968
"{
  ""doc_id"": ""015ed23b-d757-6a9d-c58a-84827b7b54af"",
  ""system"": ""teiren_cloud"",
  ""t_event_id"": ""ACCOUNT-S801"",
  ""t_user_id"": ""56a0f04a707318bc9f9edb47119ad8f4d863143a8a26e0cf4f692d612eb9817a"",
  ""tag_name"": ""teiren_audit"",
  ""tc_act"": ""SESSION_REFRESH"",
  ""tc_deviceProduct"": ""TEIREN_AUDIT"",
  ""tc_deviceVendor"": ""TEIREN"",
  ""tc_msg"": ""세션 재발급 성공"",
  ""tc_request"": ""/api/account/refresh"",
  ""tc_requestClientApplication"": ""Mozilla/5.0 (Macintosh; Intel Mac OS X 10_15_7) AppleWebKit/537.36 (KHTML, like Gecko) Chrome/152.0.0.0 Safari/537.36"",
  ""tc_src"": ""10.20.10.12"",
  ""tc_suser"": ""dev02@lab.internal"",
  ""teiren_timestamp"": ""2026-10-09T01:42:47.488Z"",
  ""tenancy"": ""c0ffee12a1b24d6e9f0a1234567890ab""
}",2026-09-27 02:16:30.968
"{
  ""doc_id"": ""01a88705-e52f-2f5f-5ad7-6d8d0df09682"",
  ""system"": ""teiren_cloud"",
  ""t_event_id"": ""DASHBOARD-S301"",
  ""t_user_id"": ""56a0f04a707318bc9f9edb47119ad8f4d863143a8a26e0cf4f692d612eb9817a"",
  ""tag_name"": ""teiren_audit"",
  ""tc_act"": ""DASHBOARD_LAYOUT_VIEW_UPDATE"",
  ""tc_deviceProduct"": ""TEIREN_AUDIT"",
  ""tc_deviceVendor"": ""TEIREN"",
  ""tc_msg"": ""대시보드 레이아웃 수정 성공"",
  ""tc_request"": ""/api/dashboard_info/layout"",
  ""tc_requestClientApplication"": ""Mozilla/5.0 (Macintosh; Intel Mac OS X 10_15_7) AppleWebKit/537.36 (KHTML, like Gecko) Chrome/152.0.0.0 Safari/537.36"",
  ""tc_src"": ""10.20.10.12"",
  ""tc_suser"": ""dev02@lab.internal"",
  ""teiren_timestamp"": ""2026-10-09T01:43:37.488Z"",
  ""tenancy"": ""c0ffee12a1b24d6e9f0a1234567890ab""
}",2026-09-27 02:16:30.968
"{
  ""doc_id"": ""010b48a1-0988-f465-40c3-a79719ea796d"",
  ""system"": ""teiren_cloud"",
  ""t_event_id"": ""ACCOUNT-S505"",
  ""t_user_id"": ""fb850da41982d343a8e8587be9997a2a3b7997720fd50bd9bb01e5ff8930cc79"",
  ""tag_name"": ""teiren_audit"",
  ""tc_act"": ""IAM_LOGIN_SUCCESS"",
  ""tc_deviceProduct"": ""TEIREN_AUDIT"",
  ""tc_deviceVendor"": ""TEIREN"",
  ""tc_msg"": ""IAM 계정 로그인 성공"",
  ""tc_request"": ""/api/account/login_sub_account"",
  ""tc_requestClientApplication"": ""Mozilla/5.0 (Macintosh; Intel Mac OS X 10_15_7) AppleWebKit/537.36 (KHTML, like Gecko) Chrome/152.0.0.0 Safari/537.36"",
  ""tc_src"": ""10.20.10.81"",
  ""tc_suser"": ""web01@lab.internal"",
  ""teiren_timestamp"": ""2026-10-09T04:49:08.104Z"",
  ""tenancy"": ""c0ffee12a1b24d6e9f0a1234567890ab""
}",2026-09-27 02:16:30.968
"{
  ""doc_id"": ""0196e547-34c4-80bc-59be-794e6e8c8865"",
  ""system"": ""teiren_cloud"",
  ""t_event_id"": ""ACCOUNT-S801"",
  ""t_user_id"": ""fb850da41982d343a8e8587be9997a2a3b7997720fd50bd9bb01e5ff8930cc79"",
  ""tag_name"": ""teiren_audit"",
  ""tc_act"": ""SESSION_REFRESH"",
  ""tc_deviceProduct"": ""TEIREN_AUDIT"",
  ""tc_deviceVendor"": ""TEIREN"",
  ""tc_msg"": ""세션 재발급 성공"",
  ""tc_request"": ""/api/account/refresh"",
  ""tc_requestClientApplication"": ""Mozilla/5.0 (Macintosh; Intel Mac OS X 10_15_7) AppleWebKit/537.36 (KHTML, like Gecko) Chrome/152.0.0.0 Safari/537.36"",
  ""tc_src"": ""10.20.10.81"",
  ""tc_suser"": ""web01@lab.internal"",
  ""teiren_timestamp"": ""2026-10-09T04:49:46.104Z"",
  ""tenancy"": ""c0ffee12a1b24d6e9f0a1234567890ab""
}",2026-09-27 02:16:30.968
"{
  ""doc_id"": ""01ccdf20-cb2d-eddc-79b3-e7eccf2c5b2b"",
  ""system"": ""teiren_cloud"",
  ""t_event_id"": ""DASHBOARD-S301"",
  ""t_user_id"": ""fb850da41982d343a8e8587be9997a2a3b7997720fd50bd9bb01e5ff8930cc79"",
  ""tag_name"": ""teiren_audit"",
  ""tc_act"": ""DASHBOARD_LAYOUT_VIEW_UPDATE"",
  ""tc_deviceProduct"": ""TEIREN_AUDIT"",
  ""tc_deviceVendor"": ""TEIREN"",
  ""tc_msg"": ""대시보드 레이아웃 수정 성공"",
  ""tc_request"": ""/api/dashboard_info/layout"",
  ""tc_requestClientApplication"": ""Mozilla/5.0 (Macintosh; Intel Mac OS X 10_15_7) AppleWebKit/537.36 (KHTML, like Gecko) Chrome/152.0.0.0 Safari/537.36"",
  ""tc_src"": ""10.20.10.81"",
  ""tc_suser"": ""web01@lab.internal"",
  ""teiren_timestamp"": ""2026-10-09T04:50:36.104Z"",
  ""tenancy"": ""c0ffee12a1b24d6e9f0a1234567890ab""
}",2026-09-27 02:16:30.968
"{
  ""doc_id"": ""016b7091-5535-8963-adb5-248de604f267"",
  ""system"": ""teiren_cloud"",
  ""t_event_id"": ""ACCOUNT-S505"",
  ""t_user_id"": ""cf8ee8443091707b132a3d3be976b80f68a97126916762537a335e5a0bd02a4b"",
  ""tag_name"": ""teiren_audit"",
  ""tc_act"": ""IAM_LOGIN_SUCCESS"",
  ""tc_deviceProduct"": ""TEIREN_AUDIT"",
  ""tc_deviceVendor"": ""TEIREN"",
  ""tc_msg"": ""IAM 계정 로그인 성공"",
  ""tc_request"": ""/api/account/login_sub_account"",
  ""tc_requestClientApplication"": ""Mozilla/5.0 (Macintosh; Intel Mac OS X 10_15_7) AppleWebKit/537.36 (KHTML, like Gecko) Chrome/152.0.0.0 Safari/537.36"",
  ""tc_src"": ""10.20.10.22"",
  ""tc_suser"": ""ops02@lab.internal"",
  ""teiren_timestamp"": ""2026-10-09T05:29:59.827Z"",
  ""tenancy"": ""c0ffee12a1b24d6e9f0a1234567890ab""
}",2026-09-27 02:16:30.968
"{
  ""doc_id"": ""01f8d18a-b04a-08b2-64c8-e59b55c51260"",
  ""system"": ""teiren_cloud"",
  ""t_event_id"": ""ACCOUNT-S801"",
  ""t_user_id"": ""cf8ee8443091707b132a3d3be976b80f68a97126916762537a335e5a0bd02a4b"",
  ""tag_name"": ""teiren_audit"",
  ""tc_act"": ""SESSION_REFRESH"",
  ""tc_deviceProduct"": ""TEIREN_AUDIT"",
  ""tc_deviceVendor"": ""TEIREN"",
  ""tc_msg"": ""세션 재발급 성공"",
  ""tc_request"": ""/api/account/refresh"",
  ""tc_requestClientApplication"": ""Mozilla/5.0 (Macintosh; Intel Mac OS X 10_15_7) AppleWebKit/537.36 (KHTML, like Gecko) Chrome/152.0.0.0 Safari/537.36"",
  ""tc_src"": ""10.20.10.22"",
  ""tc_suser"": ""ops02@lab.internal"",
  ""teiren_timestamp"": ""2026-10-09T05:30:37.827Z"",
  ""tenancy"": ""c0ffee12a1b24d6e9f0a1234567890ab""
}",2026-09-27 02:16:30.968
"{
  ""doc_id"": ""01c967ca-afe0-0f0e-5b7f-36414e1aeb4c"",
  ""system"": ""teiren_cloud"",
  ""t_event_id"": ""RESOURCE-S302"",
  ""t_user_id"": ""cf8ee8443091707b132a3d3be976b80f68a97126916762537a335e5a0bd02a4b"",
  ""tag_name"": ""teiren_audit"",
  ""tc_act"": ""INTEGRATION_STATUS_UPDATE"",
  ""tc_deviceProduct"": ""TEIREN_AUDIT"",
  ""tc_deviceVendor"": ""TEIREN"",
  ""tc_msg"": ""연동 상태 수정 성공"",
  ""tc_request"": ""/api/resource/collect"",
  ""tc_requestClientApplication"": ""Mozilla/5.0 (Macintosh; Intel Mac OS X 10_15_7) AppleWebKit/537.36 (KHTML, like Gecko) Chrome/152.0.0.0 Safari/537.36"",
  ""tc_src"": ""10.20.10.22"",
  ""tc_suser"": ""ops02@lab.internal"",
  ""teiren_timestamp"": ""2026-10-09T05:31:27.827Z"",
  ""tenancy"": ""c0ffee12a1b24d6e9f0a1234567890ab""
}",2026-09-27 02:16:30.968
"{
  ""doc_id"": ""01b9d236-4719-83d0-5e7a-18bac28a6edb"",
  ""system"": ""teiren_cloud"",
  ""t_event_id"": ""ACCOUNT-S505"",
  ""t_user_id"": ""e4afab0fb14e16dc0d365415df887786ddc2a78cfa31e91ecd965540042f03ad"",
  ""tag_name"": ""teiren_audit"",
  ""tc_act"": ""IAM_LOGIN_SUCCESS"",
  ""tc_deviceProduct"": ""TEIREN_AUDIT"",
  ""tc_deviceVendor"": ""TEIREN"",
  ""tc_msg"": ""IAM 계정 로그인 성공"",
  ""tc_request"": ""/api/account/login_sub_account"",
  ""tc_requestClientApplication"": ""Mozilla/5.0 (Macintosh; Intel Mac OS X 10_15_7) AppleWebKit/537.36 (KHTML, like Gecko) Chrome/152.0.0.0 Safari/537.36"",
  ""tc_src"": ""10.20.10.61"",
  ""tc_suser"": ""intern01@lab.internal"",
  ""teiren_timestamp"": ""2026-10-09T05:33:14.787Z"",
  ""tenancy"": ""c0ffee12a1b24d6e9f0a1234567890ab""
}",2026-09-27 02:16:30.968
"{
  ""doc_id"": ""0154adce-e873-6afa-ecbc-255979e8ec73"",
  ""system"": ""teiren_cloud"",
  ""t_event_id"": ""ACCOUNT-S801"",
  ""t_user_id"": ""e4afab0fb14e16dc0d365415df887786ddc2a78cfa31e91ecd965540042f03ad"",
  ""tag_name"": ""teiren_audit"",
  ""tc_act"": ""SESSION_REFRESH"",
  ""tc_deviceProduct"": ""TEIREN_AUDIT"",
  ""tc_deviceVendor"": ""TEIREN"",
  ""tc_msg"": ""세션 재발급 성공"",
  ""tc_request"": ""/api/account/refresh"",
  ""tc_requestClientApplication"": ""Mozilla/5.0 (Macintosh; Intel Mac OS X 10_15_7) AppleWebKit/537.36 (KHTML, like Gecko) Chrome/152.0.0.0 Safari/537.36"",
  ""tc_src"": ""10.20.10.61"",
  ""tc_suser"": ""intern01@lab.internal"",
  ""teiren_timestamp"": ""2026-10-09T05:33:52.787Z"",
  ""tenancy"": ""c0ffee12a1b24d6e9f0a1234567890ab""
}",2026-09-27 02:16:30.968
"{
  ""doc_id"": ""01c46411-6c7e-db26-f9da-0ed7019bb896"",
  ""system"": ""teiren_cloud"",
  ""t_event_id"": ""LOG-S301"",
  ""t_user_id"": ""e4afab0fb14e16dc0d365415df887786ddc2a78cfa31e91ecd965540042f03ad"",
  ""tag_name"": ""teiren_audit"",
  ""tc_act"": ""LOG_COLUMN_VIEW_UPDATE"",
  ""tc_deviceProduct"": ""TEIREN_AUDIT"",
  ""tc_deviceVendor"": ""TEIREN"",
  ""tc_msg"": ""로그 컬럼 보기 수정 성공"",
  ""tc_request"": ""/api/logs/column"",
  ""tc_requestClientApplication"": ""Mozilla/5.0 (Macintosh; Intel Mac OS X 10_15_7) AppleWebKit/537.36 (KHTML, like Gecko) Chrome/152.0.0.0 Safari/537.36"",
  ""tc_src"": ""10.20.10.61"",
  ""tc_suser"": ""intern01@lab.internal"",
  ""teiren_timestamp"": ""2026-10-09T05:34:42.787Z"",
  ""tenancy"": ""c0ffee12a1b24d6e9f0a1234567890ab""
}",2026-09-27 02:16:30.968
"{
  ""doc_id"": ""019b403a-f9cd-1e99-4c1a-f2ee66fd8ad6"",
  ""system"": ""teiren_cloud"",
  ""t_event_id"": ""ACCOUNT-S505"",
  ""t_user_id"": ""317f64abaa2282480082cb73a793fe857ccb3c4b3e1f0e5df2afb748e05ae9dd"",
  ""tag_name"": ""teiren_audit"",
  ""tc_act"": ""IAM_LOGIN_SUCCESS"",
  ""tc_deviceProduct"": ""TEIREN_AUDIT"",
  ""tc_deviceVendor"": ""TEIREN"",
  ""tc_msg"": ""IAM 계정 로그인 성공"",
  ""tc_request"": ""/api/account/login_sub_account"",
  ""tc_requestClientApplication"": ""Mozilla/5.0 (Macintosh; Intel Mac OS X 10_15_7) AppleWebKit/537.36 (KHTML, like Gecko) Chrome/152.0.0.0 Safari/537.36"",
  ""tc_src"": ""10.20.10.21"",
  ""tc_suser"": ""ops01@lab.internal"",
  ""teiren_timestamp"": ""2026-10-09T06:07:58.431Z"",
  ""tenancy"": ""c0ffee12a1b24d6e9f0a1234567890ab""
}",2026-09-27 02:16:30.968
"{
  ""doc_id"": ""01971d6a-1c10-f156-145d-cc4a05c66858"",
  ""system"": ""teiren_cloud"",
  ""t_event_id"": ""ACCOUNT-S801"",
  ""t_user_id"": ""317f64abaa2282480082cb73a793fe857ccb3c4b3e1f0e5df2afb748e05ae9dd"",
  ""tag_name"": ""teiren_audit"",
  ""tc_act"": ""SESSION_REFRESH"",
  ""tc_deviceProduct"": ""TEIREN_AUDIT"",
  ""tc_deviceVendor"": ""TEIREN"",
  ""tc_msg"": ""세션 재발급 성공"",
  ""tc_request"": ""/api/account/refresh"",
  ""tc_requestClientApplication"": ""Mozilla/5.0 (Macintosh; Intel Mac OS X 10_15_7) AppleWebKit/537.36 (KHTML, like Gecko) Chrome/152.0.0.0 Safari/537.36"",
  ""tc_src"": ""10.20.10.21"",
  ""tc_suser"": ""ops01@lab.internal"",
  ""teiren_timestamp"": ""2026-10-09T06:08:36.431Z"",
  ""tenancy"": ""c0ffee12a1b24d6e9f0a1234567890ab""
}",2026-09-27 02:16:30.968
"{
  ""doc_id"": ""01b47489-dab5-7958-0aa7-98104128e99d"",
  ""system"": ""teiren_cloud"",
  ""t_event_id"": ""RESOURCE-S302"",
  ""t_user_id"": ""317f64abaa2282480082cb73a793fe857ccb3c4b3e1f0e5df2afb748e05ae9dd"",
  ""tag_name"": ""teiren_audit"",
  ""tc_act"": ""INTEGRATION_STATUS_UPDATE"",
  ""tc_deviceProduct"": ""TEIREN_AUDIT"",
  ""tc_deviceVendor"": ""TEIREN"",
  ""tc_msg"": ""연동 상태 수정 성공"",
  ""tc_request"": ""/api/resource/collect"",
  ""tc_requestClientApplication"": ""Mozilla/5.0 (Macintosh; Intel Mac OS X 10_15_7) AppleWebKit/537.36 (KHTML, like Gecko) Chrome/152.0.0.0 Safari/537.36"",
  ""tc_src"": ""10.20.10.21"",
  ""tc_suser"": ""ops01@lab.internal"",
  ""teiren_timestamp"": ""2026-10-09T06:09:26.431Z"",
  ""tenancy"": ""c0ffee12a1b24d6e9f0a1234567890ab""
}",2026-09-27 02:16:30.968
"{
  ""doc_id"": ""01a26deb-ad6b-635f-9a67-c2652ae8ed6a"",
  ""system"": ""teiren_cloud"",
  ""t_event_id"": ""ACCOUNT-S505"",
  ""t_user_id"": ""317f64abaa2282480082cb73a793fe857ccb3c4b3e1f0e5df2afb748e05ae9dd"",
  ""tag_name"": ""teiren_audit"",
  ""tc_act"": ""IAM_LOGIN_SUCCESS"",
  ""tc_deviceProduct"": ""TEIREN_AUDIT"",
  ""tc_deviceVendor"": ""TEIREN"",
  ""tc_msg"": ""IAM 계정 로그인 성공"",
  ""tc_request"": ""/api/account/login_sub_account"",
  ""tc_requestClientApplication"": ""Mozilla/5.0 (Macintosh; Intel Mac OS X 10_15_7) AppleWebKit/537.36 (KHTML, like Gecko) Chrome/152.0.0.0 Safari/537.36"",
  ""tc_src"": ""10.20.10.21"",
  ""tc_suser"": ""ops01@lab.internal"",
  ""teiren_timestamp"": ""2026-10-09T07:21:37.804Z"",
  ""tenancy"": ""c0ffee12a1b24d6e9f0a1234567890ab""
}",2026-09-27 02:16:30.968
"{
  ""doc_id"": ""019d1ca9-be25-fea5-5605-41798f13815e"",
  ""system"": ""teiren_cloud"",
  ""t_event_id"": ""ACCOUNT-S801"",
  ""t_user_id"": ""317f64abaa2282480082cb73a793fe857ccb3c4b3e1f0e5df2afb748e05ae9dd"",
  ""tag_name"": ""teiren_audit"",
  ""tc_act"": ""SESSION_REFRESH"",
  ""tc_deviceProduct"": ""TEIREN_AUDIT"",
  ""tc_deviceVendor"": ""TEIREN"",
  ""tc_msg"": ""세션 재발급 성공"",
  ""tc_request"": ""/api/account/refresh"",
  ""tc_requestClientApplication"": ""Mozilla/5.0 (Macintosh; Intel Mac OS X 10_15_7) AppleWebKit/537.36 (KHTML, like Gecko) Chrome/152.0.0.0 Safari/537.36"",
  ""tc_src"": ""10.20.10.21"",
  ""tc_suser"": ""ops01@lab.internal"",
  ""teiren_timestamp"": ""2026-10-09T07:22:15.804Z"",
  ""tenancy"": ""c0ffee12a1b24d6e9f0a1234567890ab""
}",2026-09-27 02:16:30.968
"{
  ""doc_id"": ""01b79820-5cf5-771b-20e1-f437d0f0797a"",
  ""system"": ""teiren_cloud"",
  ""t_event_id"": ""RESOURCE-S302"",
  ""t_user_id"": ""317f64abaa2282480082cb73a793fe857ccb3c4b3e1f0e5df2afb748e05ae9dd"",
  ""tag_name"": ""teiren_audit"",
  ""tc_act"": ""INTEGRATION_STATUS_UPDATE"",
  ""tc_deviceProduct"": ""TEIREN_AUDIT"",
  ""tc_deviceVendor"": ""TEIREN"",
  ""tc_msg"": ""연동 상태 수정 성공"",
  ""tc_request"": ""/api/resource/collect"",
  ""tc_requestClientApplication"": ""Mozilla/5.0 (Macintosh; Intel Mac OS X 10_15_7) AppleWebKit/537.36 (KHTML, like Gecko) Chrome/152.0.0.0 Safari/537.36"",
  ""tc_src"": ""10.20.10.21"",
  ""tc_suser"": ""ops01@lab.internal"",
  ""teiren_timestamp"": ""2026-10-09T07:23:05.804Z"",
  ""tenancy"": ""c0ffee12a1b24d6e9f0a1234567890ab""
}",2026-09-27 02:16:30.968
"{
  ""doc_id"": ""019a7ae8-1d5d-5e45-45d5-bc4a03915049"",
  ""system"": ""teiren_cloud"",
  ""t_event_id"": ""ACCOUNT-S505"",
  ""t_user_id"": ""98fdf34aeba0149327f7715ae84d8f2c464efdcafdf00d4dccc8fbaed8748ee1"",
  ""tag_name"": ""teiren_audit"",
  ""tc_act"": ""IAM_LOGIN_SUCCESS"",
  ""tc_deviceProduct"": ""TEIREN_AUDIT"",
  ""tc_deviceVendor"": ""TEIREN"",
  ""tc_msg"": ""IAM 계정 로그인 성공"",
  ""tc_request"": ""/api/account/login_sub_account"",
  ""tc_requestClientApplication"": ""Mozilla/5.0 (Macintosh; Intel Mac OS X 10_15_7) AppleWebKit/537.36 (KHTML, like Gecko) Chrome/152.0.0.0 Safari/537.36"",
  ""tc_src"": ""10.20.10.51"",
  ""tc_suser"": ""analyst01@lab.internal"",
  ""teiren_timestamp"": ""2026-10-09T07:37:03.331Z"",
  ""tenancy"": ""c0ffee12a1b24d6e9f0a1234567890ab""
}",2026-09-27 02:16:30.968
"{
  ""doc_id"": ""0113f28e-5914-21c6-8414-54a93685b0fd"",
  ""system"": ""teiren_cloud"",
  ""t_event_id"": ""ACCOUNT-S801"",
  ""t_user_id"": ""98fdf34aeba0149327f7715ae84d8f2c464efdcafdf00d4dccc8fbaed8748ee1"",
  ""tag_name"": ""teiren_audit"",
  ""tc_act"": ""SESSION_REFRESH"",
  ""tc_deviceProduct"": ""TEIREN_AUDIT"",
  ""tc_deviceVendor"": ""TEIREN"",
  ""tc_msg"": ""세션 재발급 성공"",
  ""tc_request"": ""/api/account/refresh"",
  ""tc_requestClientApplication"": ""Mozilla/5.0 (Macintosh; Intel Mac OS X 10_15_7) AppleWebKit/537.36 (KHTML, like Gecko) Chrome/152.0.0.0 Safari/537.36"",
  ""tc_src"": ""10.20.10.51"",
  ""tc_suser"": ""analyst01@lab.internal"",
  ""teiren_timestamp"": ""2026-10-09T07:37:41.331Z"",
  ""tenancy"": ""c0ffee12a1b24d6e9f0a1234567890ab""
}",2026-09-27 02:16:30.968
"{
  ""doc_id"": ""0125e6f7-582b-5465-1531-1d39d58b4feb"",
  ""system"": ""teiren_cloud"",
  ""t_event_id"": ""LOG-S301"",
  ""t_user_id"": ""98fdf34aeba0149327f7715ae84d8f2c464efdcafdf00d4dccc8fbaed8748ee1"",
  ""tag_name"": ""teiren_audit"",
  ""tc_act"": ""LOG_COLUMN_VIEW_UPDATE"",
  ""tc_deviceProduct"": ""TEIREN_AUDIT"",
  ""tc_deviceVendor"": ""TEIREN"",
  ""tc_msg"": ""로그 컬럼 보기 수정 성공"",
  ""tc_request"": ""/api/logs/column"",
  ""tc_requestClientApplication"": ""Mozilla/5.0 (Macintosh; Intel Mac OS X 10_15_7) AppleWebKit/537.36 (KHTML, like Gecko) Chrome/152.0.0.0 Safari/537.36"",
  ""tc_src"": ""10.20.10.51"",
  ""tc_suser"": ""analyst01@lab.internal"",
  ""teiren_timestamp"": ""2026-10-09T07:38:31.331Z"",
  ""tenancy"": ""c0ffee12a1b24d6e9f0a1234567890ab""
}",2026-09-27 02:16:30.968
"{
  ""doc_id"": ""01ef5c87-84a4-39cd-57c2-7ea1bf247470"",
  ""system"": ""teiren_cloud"",
  ""t_event_id"": ""ACCOUNT-S505"",
  ""t_user_id"": ""fe29336cd66e0e20c63728e9d736af8b3edf0f2d0a41f4cf932709c11c50d4a4"",
  ""tag_name"": ""teiren_audit"",
  ""tc_act"": ""IAM_LOGIN_SUCCESS"",
  ""tc_deviceProduct"": ""TEIREN_AUDIT"",
  ""tc_deviceVendor"": ""TEIREN"",
  ""tc_msg"": ""IAM 계정 로그인 성공"",
  ""tc_request"": ""/api/account/login_sub_account"",
  ""tc_requestClientApplication"": ""Mozilla/5.0 (Macintosh; Intel Mac OS X 10_15_7) AppleWebKit/537.36 (KHTML, like Gecko) Chrome/152.0.0.0 Safari/537.36"",
  ""tc_src"": ""10.20.10.11"",
  ""tc_suser"": ""dev01@lab.internal"",
  ""teiren_timestamp"": ""2026-10-09T07:44:18.804Z"",
  ""tenancy"": ""c0ffee12a1b24d6e9f0a1234567890ab""
}",2026-09-27 02:16:30.968
"{
  ""doc_id"": ""01f08337-cdff-7a8c-243c-4c39181461aa"",
  ""system"": ""teiren_cloud"",
  ""t_event_id"": ""ACCOUNT-S801"",
  ""t_user_id"": ""fe29336cd66e0e20c63728e9d736af8b3edf0f2d0a41f4cf932709c11c50d4a4"",
  ""tag_name"": ""teiren_audit"",
  ""tc_act"": ""SESSION_REFRESH"",
  ""tc_deviceProduct"": ""TEIREN_AUDIT"",
  ""tc_deviceVendor"": ""TEIREN"",
  ""tc_msg"": ""세션 재발급 성공"",
  ""tc_request"": ""/api/account/refresh"",
  ""tc_requestClientApplication"": ""Mozilla/5.0 (Macintosh; Intel Mac OS X 10_15_7) AppleWebKit/537.36 (KHTML, like Gecko) Chrome/152.0.0.0 Safari/537.36"",
  ""tc_src"": ""10.20.10.11"",
  ""tc_suser"": ""dev01@lab.internal"",
  ""teiren_timestamp"": ""2026-10-09T07:44:56.804Z"",
  ""tenancy"": ""c0ffee12a1b24d6e9f0a1234567890ab""
}",2026-09-27 02:16:30.968
"{
  ""doc_id"": ""0181f8d9-44dd-697a-e9e1-6f8152a66b24"",
  ""system"": ""teiren_cloud"",
  ""t_event_id"": ""DASHBOARD-S301"",
  ""t_user_id"": ""fe29336cd66e0e20c63728e9d736af8b3edf0f2d0a41f4cf932709c11c50d4a4"",
  ""tag_name"": ""teiren_audit"",
  ""tc_act"": ""DASHBOARD_LAYOUT_VIEW_UPDATE"",
  ""tc_deviceProduct"": ""TEIREN_AUDIT"",
  ""tc_deviceVendor"": ""TEIREN"",
  ""tc_msg"": ""대시보드 레이아웃 수정 성공"",
  ""tc_request"": ""/api/dashboard_info/layout"",
  ""tc_requestClientApplication"": ""Mozilla/5.0 (Macintosh; Intel Mac OS X 10_15_7) AppleWebKit/537.36 (KHTML, like Gecko) Chrome/152.0.0.0 Safari/537.36"",
  ""tc_src"": ""10.20.10.11"",
  ""tc_suser"": ""dev01@lab.internal"",
  ""teiren_timestamp"": ""2026-10-09T07:45:46.804Z"",
  ""tenancy"": ""c0ffee12a1b24d6e9f0a1234567890ab""
}",2026-09-27 02:16:30.968
"{
  ""doc_id"": ""0156255c-cdb6-ada5-c2a8-d0af1f2e78b4"",
  ""system"": ""teiren_cloud"",
  ""t_event_id"": ""ACCOUNT-S505"",
  ""t_user_id"": ""317f64abaa2282480082cb73a793fe857ccb3c4b3e1f0e5df2afb748e05ae9dd"",
  ""tag_name"": ""teiren_audit"",
  ""tc_act"": ""IAM_LOGIN_SUCCESS"",
  ""tc_deviceProduct"": ""TEIREN_AUDIT"",
  ""tc_deviceVendor"": ""TEIREN"",
  ""tc_msg"": ""IAM 계정 로그인 성공"",
  ""tc_request"": ""/api/account/login_sub_account"",
  ""tc_requestClientApplication"": ""Mozilla/5.0 (Macintosh; Intel Mac OS X 10_15_7) AppleWebKit/537.36 (KHTML, like Gecko) Chrome/152.0.0.0 Safari/537.36"",
  ""tc_src"": ""10.20.10.21"",
  ""tc_suser"": ""ops01@lab.internal"",
  ""teiren_timestamp"": ""2026-10-09T08:19:55.735Z"",
  ""tenancy"": ""c0ffee12a1b24d6e9f0a1234567890ab""
}",2026-09-27 02:16:30.968
"{
  ""doc_id"": ""01365728-a440-7269-05ed-f6fd1900e386"",
  ""system"": ""teiren_cloud"",
  ""t_event_id"": ""ACCOUNT-S801"",
  ""t_user_id"": ""317f64abaa2282480082cb73a793fe857ccb3c4b3e1f0e5df2afb748e05ae9dd"",
  ""tag_name"": ""teiren_audit"",
  ""tc_act"": ""SESSION_REFRESH"",
  ""tc_deviceProduct"": ""TEIREN_AUDIT"",
  ""tc_deviceVendor"": ""TEIREN"",
  ""tc_msg"": ""세션 재발급 성공"",
  ""tc_request"": ""/api/account/refresh"",
  ""tc_requestClientApplication"": ""Mozilla/5.0 (Macintosh; Intel Mac OS X 10_15_7) AppleWebKit/537.36 (KHTML, like Gecko) Chrome/152.0.0.0 Safari/537.36"",
  ""tc_src"": ""10.20.10.21"",
  ""tc_suser"": ""ops01@lab.internal"",
  ""teiren_timestamp"": ""2026-10-09T08:20:33.735Z"",
  ""tenancy"": ""c0ffee12a1b24d6e9f0a1234567890ab""
}",2026-09-27 02:16:30.968
"{
  ""doc_id"": ""0155ca06-4657-4651-ef30-94556fdc644a"",
  ""system"": ""teiren_cloud"",
  ""t_event_id"": ""RESOURCE-S302"",
  ""t_user_id"": ""317f64abaa2282480082cb73a793fe857ccb3c4b3e1f0e5df2afb748e05ae9dd"",
  ""tag_name"": ""teiren_audit"",
  ""tc_act"": ""INTEGRATION_STATUS_UPDATE"",
  ""tc_deviceProduct"": ""TEIREN_AUDIT"",
  ""tc_deviceVendor"": ""TEIREN"",
  ""tc_msg"": ""연동 상태 수정 성공"",
  ""tc_request"": ""/api/resource/collect"",
  ""tc_requestClientApplication"": ""Mozilla/5.0 (Macintosh; Intel Mac OS X 10_15_7) AppleWebKit/537.36 (KHTML, like Gecko) Chrome/152.0.0.0 Safari/537.36"",
  ""tc_src"": ""10.20.10.21"",
  ""tc_suser"": ""ops01@lab.internal"",
  ""teiren_timestamp"": ""2026-10-09T08:21:23.735Z"",
  ""tenancy"": ""c0ffee12a1b24d6e9f0a1234567890ab""
}",2026-09-27 02:16:30.968
"{
  ""doc_id"": ""015eed87-9830-03dc-3d27-1fa656b1f0a2"",
  ""system"": ""teiren_cloud"",
  ""t_event_id"": ""ACCOUNT-S505"",
  ""t_user_id"": ""56a0f04a707318bc9f9edb47119ad8f4d863143a8a26e0cf4f692d612eb9817a"",
  ""tag_name"": ""teiren_audit"",
  ""tc_act"": ""IAM_LOGIN_SUCCESS"",
  ""tc_deviceProduct"": ""TEIREN_AUDIT"",
  ""tc_deviceVendor"": ""TEIREN"",
  ""tc_msg"": ""IAM 계정 로그인 성공"",
  ""tc_request"": ""/api/account/login_sub_account"",
  ""tc_requestClientApplication"": ""Mozilla/5.0 (Macintosh; Intel Mac OS X 10_15_7) AppleWebKit/537.36 (KHTML, like Gecko) Chrome/152.0.0.0 Safari/537.36"",
  ""tc_src"": ""10.20.10.12"",
  ""tc_suser"": ""dev02@lab.internal"",
  ""teiren_timestamp"": ""2026-10-09T08:22:37.834Z"",
  ""tenancy"": ""c0ffee12a1b24d6e9f0a1234567890ab""
}",2026-09-27 02:16:30.968
"{
  ""doc_id"": ""019326aa-cf74-0c25-0e89-4e056b1ef604"",
  ""system"": ""teiren_cloud"",
  ""t_event_id"": ""ACCOUNT-S801"",
  ""t_user_id"": ""56a0f04a707318bc9f9edb47119ad8f4d863143a8a26e0cf4f692d612eb9817a"",
  ""tag_name"": ""teiren_audit"",
  ""tc_act"": ""SESSION_REFRESH"",
  ""tc_deviceProduct"": ""TEIREN_AUDIT"",
  ""tc_deviceVendor"": ""TEIREN"",
  ""tc_msg"": ""세션 재발급 성공"",
  ""tc_request"": ""/api/account/refresh"",
  ""tc_requestClientApplication"": ""Mozilla/5.0 (Macintosh; Intel Mac OS X 10_15_7) AppleWebKit/537.36 (KHTML, like Gecko) Chrome/152.0.0.0 Safari/537.36"",
  ""tc_src"": ""10.20.10.12"",
  ""tc_suser"": ""dev02@lab.internal"",
  ""teiren_timestamp"": ""2026-10-09T08:23:15.834Z"",
  ""tenancy"": ""c0ffee12a1b24d6e9f0a1234567890ab""
}",2026-09-27 02:16:30.968
"{
  ""doc_id"": ""0169292f-e217-4ba2-48f7-dc99b000d7bd"",
  ""system"": ""teiren_cloud"",
  ""t_event_id"": ""DASHBOARD-S301"",
  ""t_user_id"": ""56a0f04a707318bc9f9edb47119ad8f4d863143a8a26e0cf4f692d612eb9817a"",
  ""tag_name"": ""teiren_audit"",
  ""tc_act"": ""DASHBOARD_LAYOUT_VIEW_UPDATE"",
  ""tc_deviceProduct"": ""TEIREN_AUDIT"",
  ""tc_deviceVendor"": ""TEIREN"",
  ""tc_msg"": ""대시보드 레이아웃 수정 성공"",
  ""tc_request"": ""/api/dashboard_info/layout"",
  ""tc_requestClientApplication"": ""Mozilla/5.0 (Macintosh; Intel Mac OS X 10_15_7) AppleWebKit/537.36 (KHTML, like Gecko) Chrome/152.0.0.0 Safari/537.36"",
  ""tc_src"": ""10.20.10.12"",
  ""tc_suser"": ""dev02@lab.internal"",
  ""teiren_timestamp"": ""2026-10-09T08:24:05.834Z"",
  ""tenancy"": ""c0ffee12a1b24d6e9f0a1234567890ab""
}",2026-09-27 02:16:30.968
"{
  ""doc_id"": ""017ee2d8-40b7-c963-b601-3cf0e53b583f"",
  ""system"": ""teiren_cloud"",
  ""t_event_id"": ""ACCOUNT-S501"",
  ""t_user_id"": ""3fddc8f2cea3f9ec4c966cc6b114d23338e20b90ef0b0c2e2373049ff18193d9"",
  ""tag_name"": ""teiren_audit"",
  ""tc_act"": ""ROOT_LOGIN_NO_MFA"",
  ""tc_deviceProduct"": ""TEIREN_AUDIT"",
  ""tc_deviceVendor"": ""TEIREN"",
  ""tc_msg"": ""Root 계정 로그인 성공"",
  ""tc_request"": ""/api/account/login_root"",
  ""tc_requestClientApplication"": ""Mozilla/5.0 (Macintosh; Intel Mac OS X 10_15_7) AppleWebKit/537.36 (KHTML, like Gecko) Chrome/152.0.0.0 Safari/537.36"",
  ""tc_src"": ""10.20.10.71"",
  ""tc_suser"": ""admin01@lab.internal"",
  ""teiren_timestamp"": ""2026-10-10T00:38:30.176Z"",
  ""tenancy"": ""c0ffee12a1b24d6e9f0a1234567890ab""
}",2026-09-27 02:16:30.968
"{
  ""doc_id"": ""01191054-3c55-589f-a83c-08c6b3436a94"",
  ""system"": ""teiren_cloud"",
  ""t_event_id"": ""ACCOUNT-S801"",
  ""t_user_id"": ""3fddc8f2cea3f9ec4c966cc6b114d23338e20b90ef0b0c2e2373049ff18193d9"",
  ""tag_name"": ""teiren_audit"",
  ""tc_act"": ""SESSION_REFRESH"",
  ""tc_deviceProduct"": ""TEIREN_AUDIT"",
  ""tc_deviceVendor"": ""TEIREN"",
  ""tc_msg"": ""세션 재발급 성공"",
  ""tc_request"": ""/api/account/refresh"",
  ""tc_requestClientApplication"": ""Mozilla/5.0 (Macintosh; Intel Mac OS X 10_15_7) AppleWebKit/537.36 (KHTML, like Gecko) Chrome/152.0.0.0 Safari/537.36"",
  ""tc_src"": ""10.20.10.71"",
  ""tc_suser"": ""admin01@lab.internal"",
  ""teiren_timestamp"": ""2026-10-10T00:39:08.176Z"",
  ""tenancy"": ""c0ffee12a1b24d6e9f0a1234567890ab""
}",2026-09-27 02:16:30.968
"{
  ""doc_id"": ""013c4252-08e7-2175-9a92-47c6491471bc"",
  ""system"": ""teiren_cloud"",
  ""t_event_id"": ""DASHBOARD-S301"",
  ""t_user_id"": ""3fddc8f2cea3f9ec4c966cc6b114d23338e20b90ef0b0c2e2373049ff18193d9"",
  ""tag_name"": ""teiren_audit"",
  ""tc_act"": ""DASHBOARD_LAYOUT_VIEW_UPDATE"",
  ""tc_deviceProduct"": ""TEIREN_AUDIT"",
  ""tc_deviceVendor"": ""TEIREN"",
  ""tc_msg"": ""대시보드 레이아웃 수정 성공"",
  ""tc_request"": ""/api/dashboard_info/layout"",
  ""tc_requestClientApplication"": ""Mozilla/5.0 (Macintosh; Intel Mac OS X 10_15_7) AppleWebKit/537.36 (KHTML, like Gecko) Chrome/152.0.0.0 Safari/537.36"",
  ""tc_src"": ""10.20.10.71"",
  ""tc_suser"": ""admin01@lab.internal"",
  ""teiren_timestamp"": ""2026-10-10T00:39:58.176Z"",
  ""tenancy"": ""c0ffee12a1b24d6e9f0a1234567890ab""
}",2026-09-27 02:16:30.968
"{
  ""doc_id"": ""01b51a91-fcac-9c26-1ba1-008b49bc7068"",
  ""system"": ""teiren_cloud"",
  ""t_event_id"": ""ACCOUNT-S505"",
  ""t_user_id"": ""317f64abaa2282480082cb73a793fe857ccb3c4b3e1f0e5df2afb748e05ae9dd"",
  ""tag_name"": ""teiren_audit"",
  ""tc_act"": ""IAM_LOGIN_SUCCESS"",
  ""tc_deviceProduct"": ""TEIREN_AUDIT"",
  ""tc_deviceVendor"": ""TEIREN"",
  ""tc_msg"": ""IAM 계정 로그인 성공"",
  ""tc_request"": ""/api/account/login_sub_account"",
  ""tc_requestClientApplication"": ""Mozilla/5.0 (Macintosh; Intel Mac OS X 10_15_7) AppleWebKit/537.36 (KHTML, like Gecko) Chrome/152.0.0.0 Safari/537.36"",
  ""tc_src"": ""10.20.10.21"",
  ""tc_suser"": ""ops01@lab.internal"",
  ""teiren_timestamp"": ""2026-10-10T01:47:34.125Z"",
  ""tenancy"": ""c0ffee12a1b24d6e9f0a1234567890ab""
}",2026-09-27 02:16:30.968
"{
  ""doc_id"": ""0100349b-965f-5578-d361-80161c774dd5"",
  ""system"": ""teiren_cloud"",
  ""t_event_id"": ""ACCOUNT-S801"",
  ""t_user_id"": ""317f64abaa2282480082cb73a793fe857ccb3c4b3e1f0e5df2afb748e05ae9dd"",
  ""tag_name"": ""teiren_audit"",
  ""tc_act"": ""SESSION_REFRESH"",
  ""tc_deviceProduct"": ""TEIREN_AUDIT"",
  ""tc_deviceVendor"": ""TEIREN"",
  ""tc_msg"": ""세션 재발급 성공"",
  ""tc_request"": ""/api/account/refresh"",
  ""tc_requestClientApplication"": ""Mozilla/5.0 (Macintosh; Intel Mac OS X 10_15_7) AppleWebKit/537.36 (KHTML, like Gecko) Chrome/152.0.0.0 Safari/537.36"",
  ""tc_src"": ""10.20.10.21"",
  ""tc_suser"": ""ops01@lab.internal"",
  ""teiren_timestamp"": ""2026-10-10T01:48:12.125Z"",
  ""tenancy"": ""c0ffee12a1b24d6e9f0a1234567890ab""
}",2026-09-27 02:16:30.968
"{
  ""doc_id"": ""01b8d9ec-c0f7-a126-d556-cea81a199a02"",
  ""system"": ""teiren_cloud"",
  ""t_event_id"": ""RESOURCE-S302"",
  ""t_user_id"": ""317f64abaa2282480082cb73a793fe857ccb3c4b3e1f0e5df2afb748e05ae9dd"",
  ""tag_name"": ""teiren_audit"",
  ""tc_act"": ""INTEGRATION_STATUS_UPDATE"",
  ""tc_deviceProduct"": ""TEIREN_AUDIT"",
  ""tc_deviceVendor"": ""TEIREN"",
  ""tc_msg"": ""연동 상태 수정 성공"",
  ""tc_request"": ""/api/resource/collect"",
  ""tc_requestClientApplication"": ""Mozilla/5.0 (Macintosh; Intel Mac OS X 10_15_7) AppleWebKit/537.36 (KHTML, like Gecko) Chrome/152.0.0.0 Safari/537.36"",
  ""tc_src"": ""10.20.10.21"",
  ""tc_suser"": ""ops01@lab.internal"",
  ""teiren_timestamp"": ""2026-10-10T01:49:02.125Z"",
  ""tenancy"": ""c0ffee12a1b24d6e9f0a1234567890ab""
}",2026-09-27 02:16:30.968
"{
  ""doc_id"": ""01e93184-d4ee-8607-6692-27556c48e03d"",
  ""system"": ""teiren_cloud"",
  ""t_event_id"": ""ACCOUNT-S505"",
  ""t_user_id"": ""317f64abaa2282480082cb73a793fe857ccb3c4b3e1f0e5df2afb748e05ae9dd"",
  ""tag_name"": ""teiren_audit"",
  ""tc_act"": ""IAM_LOGIN_SUCCESS"",
  ""tc_deviceProduct"": ""TEIREN_AUDIT"",
  ""tc_deviceVendor"": ""TEIREN"",
  ""tc_msg"": ""IAM 계정 로그인 성공"",
  ""tc_request"": ""/api/account/login_sub_account"",
  ""tc_requestClientApplication"": ""Mozilla/5.0 (Macintosh; Intel Mac OS X 10_15_7) AppleWebKit/537.36 (KHTML, like Gecko) Chrome/152.0.0.0 Safari/537.36"",
  ""tc_src"": ""10.20.10.21"",
  ""tc_suser"": ""ops01@lab.internal"",
  ""teiren_timestamp"": ""2026-10-11T00:42:24.467Z"",
  ""tenancy"": ""c0ffee12a1b24d6e9f0a1234567890ab""
}",2026-09-27 02:16:30.968
"{
  ""doc_id"": ""017274d4-ca97-9434-f44c-77e3f3a51feb"",
  ""system"": ""teiren_cloud"",
  ""t_event_id"": ""ACCOUNT-S801"",
  ""t_user_id"": ""317f64abaa2282480082cb73a793fe857ccb3c4b3e1f0e5df2afb748e05ae9dd"",
  ""tag_name"": ""teiren_audit"",
  ""tc_act"": ""SESSION_REFRESH"",
  ""tc_deviceProduct"": ""TEIREN_AUDIT"",
  ""tc_deviceVendor"": ""TEIREN"",
  ""tc_msg"": ""세션 재발급 성공"",
  ""tc_request"": ""/api/account/refresh"",
  ""tc_requestClientApplication"": ""Mozilla/5.0 (Macintosh; Intel Mac OS X 10_15_7) AppleWebKit/537.36 (KHTML, like Gecko) Chrome/152.0.0.0 Safari/537.36"",
  ""tc_src"": ""10.20.10.21"",
  ""tc_suser"": ""ops01@lab.internal"",
  ""teiren_timestamp"": ""2026-10-11T00:43:02.467Z"",
  ""tenancy"": ""c0ffee12a1b24d6e9f0a1234567890ab""
}",2026-09-27 02:16:30.968
"{
  ""doc_id"": ""01873132-1d91-a3ce-7235-caebba91530e"",
  ""system"": ""teiren_cloud"",
  ""t_event_id"": ""RESOURCE-S302"",
  ""t_user_id"": ""317f64abaa2282480082cb73a793fe857ccb3c4b3e1f0e5df2afb748e05ae9dd"",
  ""tag_name"": ""teiren_audit"",
  ""tc_act"": ""INTEGRATION_STATUS_UPDATE"",
  ""tc_deviceProduct"": ""TEIREN_AUDIT"",
  ""tc_deviceVendor"": ""TEIREN"",
  ""tc_msg"": ""연동 상태 수정 성공"",
  ""tc_request"": ""/api/resource/collect"",
  ""tc_requestClientApplication"": ""Mozilla/5.0 (Macintosh; Intel Mac OS X 10_15_7) AppleWebKit/537.36 (KHTML, like Gecko) Chrome/152.0.0.0 Safari/537.36"",
  ""tc_src"": ""10.20.10.21"",
  ""tc_suser"": ""ops01@lab.internal"",
  ""teiren_timestamp"": ""2026-10-11T00:43:52.467Z"",
  ""tenancy"": ""c0ffee12a1b24d6e9f0a1234567890ab""
}",2026-09-27 02:16:30.968
"{
  ""doc_id"": ""01197a43-6740-599b-423b-05591d6ef013"",
  ""system"": ""teiren_cloud"",
  ""t_event_id"": ""ACCOUNT-S501"",
  ""t_user_id"": ""3fddc8f2cea3f9ec4c966cc6b114d23338e20b90ef0b0c2e2373049ff18193d9"",
  ""tag_name"": ""teiren_audit"",
  ""tc_act"": ""ROOT_LOGIN_NO_MFA"",
  ""tc_deviceProduct"": ""TEIREN_AUDIT"",
  ""tc_deviceVendor"": ""TEIREN"",
  ""tc_msg"": ""Root 계정 로그인 성공"",
  ""tc_request"": ""/api/account/login_root"",
  ""tc_requestClientApplication"": ""Mozilla/5.0 (Macintosh; Intel Mac OS X 10_15_7) AppleWebKit/537.36 (KHTML, like Gecko) Chrome/152.0.0.0 Safari/537.36"",
  ""tc_src"": ""10.20.10.71"",
  ""tc_suser"": ""admin01@lab.internal"",
  ""teiren_timestamp"": ""2026-10-11T05:46:13.421Z"",
  ""tenancy"": ""c0ffee12a1b24d6e9f0a1234567890ab""
}",2026-09-27 02:16:30.968
"{
  ""doc_id"": ""017a2687-2a47-c00f-31f5-0453593e59f0"",
  ""system"": ""teiren_cloud"",
  ""t_event_id"": ""ACCOUNT-S801"",
  ""t_user_id"": ""3fddc8f2cea3f9ec4c966cc6b114d23338e20b90ef0b0c2e2373049ff18193d9"",
  ""tag_name"": ""teiren_audit"",
  ""tc_act"": ""SESSION_REFRESH"",
  ""tc_deviceProduct"": ""TEIREN_AUDIT"",
  ""tc_deviceVendor"": ""TEIREN"",
  ""tc_msg"": ""세션 재발급 성공"",
  ""tc_request"": ""/api/account/refresh"",
  ""tc_requestClientApplication"": ""Mozilla/5.0 (Macintosh; Intel Mac OS X 10_15_7) AppleWebKit/537.36 (KHTML, like Gecko) Chrome/152.0.0.0 Safari/537.36"",
  ""tc_src"": ""10.20.10.71"",
  ""tc_suser"": ""admin01@lab.internal"",
  ""teiren_timestamp"": ""2026-10-11T05:46:51.421Z"",
  ""tenancy"": ""c0ffee12a1b24d6e9f0a1234567890ab""
}",2026-09-27 02:16:30.968
"{
  ""doc_id"": ""015565d6-f69f-54ba-79f3-54cd55337652"",
  ""system"": ""teiren_cloud"",
  ""t_event_id"": ""DASHBOARD-S301"",
  ""t_user_id"": ""3fddc8f2cea3f9ec4c966cc6b114d23338e20b90ef0b0c2e2373049ff18193d9"",
  ""tag_name"": ""teiren_audit"",
  ""tc_act"": ""DASHBOARD_LAYOUT_VIEW_UPDATE"",
  ""tc_deviceProduct"": ""TEIREN_AUDIT"",
  ""tc_deviceVendor"": ""TEIREN"",
  ""tc_msg"": ""대시보드 레이아웃 수정 성공"",
  ""tc_request"": ""/api/dashboard_info/layout"",
  ""tc_requestClientApplication"": ""Mozilla/5.0 (Macintosh; Intel Mac OS X 10_15_7) AppleWebKit/537.36 (KHTML, like Gecko) Chrome/152.0.0.0 Safari/537.36"",
  ""tc_src"": ""10.20.10.71"",
  ""tc_suser"": ""admin01@lab.internal"",
  ""teiren_timestamp"": ""2026-10-11T05:47:41.421Z"",
  ""tenancy"": ""c0ffee12a1b24d6e9f0a1234567890ab""
}",2026-09-27 02:16:30.968
"{
  ""doc_id"": ""0133bac0-2e28-6091-1985-0b568f628a90"",
  ""system"": ""teiren_cloud"",
  ""t_event_id"": ""ACCOUNT-S505"",
  ""t_user_id"": ""317f64abaa2282480082cb73a793fe857ccb3c4b3e1f0e5df2afb748e05ae9dd"",
  ""tag_name"": ""teiren_audit"",
  ""tc_act"": ""IAM_LOGIN_SUCCESS"",
  ""tc_deviceProduct"": ""TEIREN_AUDIT"",
  ""tc_deviceVendor"": ""TEIREN"",
  ""tc_msg"": ""IAM 계정 로그인 성공"",
  ""tc_request"": ""/api/account/login_sub_account"",
  ""tc_requestClientApplication"": ""Mozilla/5.0 (Macintosh; Intel Mac OS X 10_15_7) AppleWebKit/537.36 (KHTML, like Gecko) Chrome/152.0.0.0 Safari/537.36"",
  ""tc_src"": ""10.20.10.21"",
  ""tc_suser"": ""ops01@lab.internal"",
  ""teiren_timestamp"": ""2026-10-12T00:03:13.832Z"",
  ""tenancy"": ""c0ffee12a1b24d6e9f0a1234567890ab""
}",2026-09-27 02:16:30.968
"{
  ""doc_id"": ""01be441f-e434-fe0b-2e6d-65d80b80ca60"",
  ""system"": ""teiren_cloud"",
  ""t_event_id"": ""ACCOUNT-S801"",
  ""t_user_id"": ""317f64abaa2282480082cb73a793fe857ccb3c4b3e1f0e5df2afb748e05ae9dd"",
  ""tag_name"": ""teiren_audit"",
  ""tc_act"": ""SESSION_REFRESH"",
  ""tc_deviceProduct"": ""TEIREN_AUDIT"",
  ""tc_deviceVendor"": ""TEIREN"",
  ""tc_msg"": ""세션 재발급 성공"",
  ""tc_request"": ""/api/account/refresh"",
  ""tc_requestClientApplication"": ""Mozilla/5.0 (Macintosh; Intel Mac OS X 10_15_7) AppleWebKit/537.36 (KHTML, like Gecko) Chrome/152.0.0.0 Safari/537.36"",
  ""tc_src"": ""10.20.10.21"",
  ""tc_suser"": ""ops01@lab.internal"",
  ""teiren_timestamp"": ""2026-10-12T00:03:51.832Z"",
  ""tenancy"": ""c0ffee12a1b24d6e9f0a1234567890ab""
}",2026-09-27 02:16:30.968
"{
  ""doc_id"": ""0172a3c8-52fb-5205-8042-0d587b96199a"",
  ""system"": ""teiren_cloud"",
  ""t_event_id"": ""RESOURCE-S302"",
  ""t_user_id"": ""317f64abaa2282480082cb73a793fe857ccb3c4b3e1f0e5df2afb748e05ae9dd"",
  ""tag_name"": ""teiren_audit"",
  ""tc_act"": ""INTEGRATION_STATUS_UPDATE"",
  ""tc_deviceProduct"": ""TEIREN_AUDIT"",
  ""tc_deviceVendor"": ""TEIREN"",
  ""tc_msg"": ""연동 상태 수정 성공"",
  ""tc_request"": ""/api/resource/collect"",
  ""tc_requestClientApplication"": ""Mozilla/5.0 (Macintosh; Intel Mac OS X 10_15_7) AppleWebKit/537.36 (KHTML, like Gecko) Chrome/152.0.0.0 Safari/537.36"",
  ""tc_src"": ""10.20.10.21"",
  ""tc_suser"": ""ops01@lab.internal"",
  ""teiren_timestamp"": ""2026-10-12T00:04:41.832Z"",
  ""tenancy"": ""c0ffee12a1b24d6e9f0a1234567890ab""
}",2026-09-27 02:16:30.968
"{
  ""doc_id"": ""014fe4cc-1da5-556b-0084-f40635f464c5"",
  ""system"": ""teiren_cloud"",
  ""t_event_id"": ""ACCOUNT-S505"",
  ""t_user_id"": ""cf8ee8443091707b132a3d3be976b80f68a97126916762537a335e5a0bd02a4b"",
  ""tag_name"": ""teiren_audit"",
  ""tc_act"": ""IAM_LOGIN_SUCCESS"",
  ""tc_deviceProduct"": ""TEIREN_AUDIT"",
  ""tc_deviceVendor"": ""TEIREN"",
  ""tc_msg"": ""IAM 계정 로그인 성공"",
  ""tc_request"": ""/api/account/login_sub_account"",
  ""tc_requestClientApplication"": ""Mozilla/5.0 (Macintosh; Intel Mac OS X 10_15_7) AppleWebKit/537.36 (KHTML, like Gecko) Chrome/152.0.0.0 Safari/537.36"",
  ""tc_src"": ""10.20.10.22"",
  ""tc_suser"": ""ops02@lab.internal"",
  ""teiren_timestamp"": ""2026-10-12T00:45:09.090Z"",
  ""tenancy"": ""c0ffee12a1b24d6e9f0a1234567890ab""
}",2026-09-27 02:16:30.968
"{
  ""doc_id"": ""017ffc79-bcf5-8e99-15d2-e9f8b659754d"",
  ""system"": ""teiren_cloud"",
  ""t_event_id"": ""ACCOUNT-S801"",
  ""t_user_id"": ""cf8ee8443091707b132a3d3be976b80f68a97126916762537a335e5a0bd02a4b"",
  ""tag_name"": ""teiren_audit"",
  ""tc_act"": ""SESSION_REFRESH"",
  ""tc_deviceProduct"": ""TEIREN_AUDIT"",
  ""tc_deviceVendor"": ""TEIREN"",
  ""tc_msg"": ""세션 재발급 성공"",
  ""tc_request"": ""/api/account/refresh"",
  ""tc_requestClientApplication"": ""Mozilla/5.0 (Macintosh; Intel Mac OS X 10_15_7) AppleWebKit/537.36 (KHTML, like Gecko) Chrome/152.0.0.0 Safari/537.36"",
  ""tc_src"": ""10.20.10.22"",
  ""tc_suser"": ""ops02@lab.internal"",
  ""teiren_timestamp"": ""2026-10-12T00:45:47.090Z"",
  ""tenancy"": ""c0ffee12a1b24d6e9f0a1234567890ab""
}",2026-09-27 02:16:30.968
"{
  ""doc_id"": ""01ce8060-5d7a-16eb-aa65-4b9792ea589a"",
  ""system"": ""teiren_cloud"",
  ""t_event_id"": ""RESOURCE-S302"",
  ""t_user_id"": ""cf8ee8443091707b132a3d3be976b80f68a97126916762537a335e5a0bd02a4b"",
  ""tag_name"": ""teiren_audit"",
  ""tc_act"": ""INTEGRATION_STATUS_UPDATE"",
  ""tc_deviceProduct"": ""TEIREN_AUDIT"",
  ""tc_deviceVendor"": ""TEIREN"",
  ""tc_msg"": ""연동 상태 수정 성공"",
  ""tc_request"": ""/api/resource/collect"",
  ""tc_requestClientApplication"": ""Mozilla/5.0 (Macintosh; Intel Mac OS X 10_15_7) AppleWebKit/537.36 (KHTML, like Gecko) Chrome/152.0.0.0 Safari/537.36"",
  ""tc_src"": ""10.20.10.22"",
  ""tc_suser"": ""ops02@lab.internal"",
  ""teiren_timestamp"": ""2026-10-12T00:46:37.090Z"",
  ""tenancy"": ""c0ffee12a1b24d6e9f0a1234567890ab""
}",2026-09-27 02:16:30.968
"{
  ""doc_id"": ""0191323b-af6b-d977-4c10-c3af08a9afa9"",
  ""system"": ""teiren_cloud"",
  ""t_event_id"": ""ACCOUNT-S505"",
  ""t_user_id"": ""cf8ee8443091707b132a3d3be976b80f68a97126916762537a335e5a0bd02a4b"",
  ""tag_name"": ""teiren_audit"",
  ""tc_act"": ""IAM_LOGIN_SUCCESS"",
  ""tc_deviceProduct"": ""TEIREN_AUDIT"",
  ""tc_deviceVendor"": ""TEIREN"",
  ""tc_msg"": ""IAM 계정 로그인 성공"",
  ""tc_request"": ""/api/account/login_sub_account"",
  ""tc_requestClientApplication"": ""Mozilla/5.0 (Macintosh; Intel Mac OS X 10_15_7) AppleWebKit/537.36 (KHTML, like Gecko) Chrome/152.0.0.0 Safari/537.36"",
  ""tc_src"": ""10.20.10.22"",
  ""tc_suser"": ""ops02@lab.internal"",
  ""teiren_timestamp"": ""2026-10-12T01:33:57.034Z"",
  ""tenancy"": ""c0ffee12a1b24d6e9f0a1234567890ab""
}",2026-09-27 02:16:30.968
"{
  ""doc_id"": ""014374a2-46cd-b79b-6cd5-07568e64fa2a"",
  ""system"": ""teiren_cloud"",
  ""t_event_id"": ""ACCOUNT-S801"",
  ""t_user_id"": ""cf8ee8443091707b132a3d3be976b80f68a97126916762537a335e5a0bd02a4b"",
  ""tag_name"": ""teiren_audit"",
  ""tc_act"": ""SESSION_REFRESH"",
  ""tc_deviceProduct"": ""TEIREN_AUDIT"",
  ""tc_deviceVendor"": ""TEIREN"",
  ""tc_msg"": ""세션 재발급 성공"",
  ""tc_request"": ""/api/account/refresh"",
  ""tc_requestClientApplication"": ""Mozilla/5.0 (Macintosh; Intel Mac OS X 10_15_7) AppleWebKit/537.36 (KHTML, like Gecko) Chrome/152.0.0.0 Safari/537.36"",
  ""tc_src"": ""10.20.10.22"",
  ""tc_suser"": ""ops02@lab.internal"",
  ""teiren_timestamp"": ""2026-10-12T01:34:35.034Z"",
  ""tenancy"": ""c0ffee12a1b24d6e9f0a1234567890ab""
}",2026-09-27 02:16:30.968
"{
  ""doc_id"": ""013733cf-18c9-fc7f-e66d-74c294e73f1e"",
  ""system"": ""teiren_cloud"",
  ""t_event_id"": ""RESOURCE-S302"",
  ""t_user_id"": ""cf8ee8443091707b132a3d3be976b80f68a97126916762537a335e5a0bd02a4b"",
  ""tag_name"": ""teiren_audit"",
  ""tc_act"": ""INTEGRATION_STATUS_UPDATE"",
  ""tc_deviceProduct"": ""TEIREN_AUDIT"",
  ""tc_deviceVendor"": ""TEIREN"",
  ""tc_msg"": ""연동 상태 수정 성공"",
  ""tc_request"": ""/api/resource/collect"",
  ""tc_requestClientApplication"": ""Mozilla/5.0 (Macintosh; Intel Mac OS X 10_15_7) AppleWebKit/537.36 (KHTML, like Gecko) Chrome/152.0.0.0 Safari/537.36"",
  ""tc_src"": ""10.20.10.22"",
  ""tc_suser"": ""ops02@lab.internal"",
  ""teiren_timestamp"": ""2026-10-12T01:35:25.034Z"",
  ""tenancy"": ""c0ffee12a1b24d6e9f0a1234567890ab""
}",2026-09-27 02:16:30.968
"{
  ""doc_id"": ""01b0b240-dceb-bb4e-fdeb-09e6aeb72f94"",
  ""system"": ""teiren_cloud"",
  ""t_event_id"": ""ACCOUNT-S505"",
  ""t_user_id"": ""98fdf34aeba0149327f7715ae84d8f2c464efdcafdf00d4dccc8fbaed8748ee1"",
  ""tag_name"": ""teiren_audit"",
  ""tc_act"": ""IAM_LOGIN_SUCCESS"",
  ""tc_deviceProduct"": ""TEIREN_AUDIT"",
  ""tc_deviceVendor"": ""TEIREN"",
  ""tc_msg"": ""IAM 계정 로그인 성공"",
  ""tc_request"": ""/api/account/login_sub_account"",
  ""tc_requestClientApplication"": ""Mozilla/5.0 (Macintosh; Intel Mac OS X 10_15_7) AppleWebKit/537.36 (KHTML, like Gecko) Chrome/152.0.0.0 Safari/537.36"",
  ""tc_src"": ""10.20.10.51"",
  ""tc_suser"": ""analyst01@lab.internal"",
  ""teiren_timestamp"": ""2026-10-12T02:16:45.630Z"",
  ""tenancy"": ""c0ffee12a1b24d6e9f0a1234567890ab""
}",2026-09-27 02:16:30.968
"{
  ""doc_id"": ""01492dff-faf1-16dc-a3e9-a471541be886"",
  ""system"": ""teiren_cloud"",
  ""t_event_id"": ""ACCOUNT-S801"",
  ""t_user_id"": ""98fdf34aeba0149327f7715ae84d8f2c464efdcafdf00d4dccc8fbaed8748ee1"",
  ""tag_name"": ""teiren_audit"",
  ""tc_act"": ""SESSION_REFRESH"",
  ""tc_deviceProduct"": ""TEIREN_AUDIT"",
  ""tc_deviceVendor"": ""TEIREN"",
  ""tc_msg"": ""세션 재발급 성공"",
  ""tc_request"": ""/api/account/refresh"",
  ""tc_requestClientApplication"": ""Mozilla/5.0 (Macintosh; Intel Mac OS X 10_15_7) AppleWebKit/537.36 (KHTML, like Gecko) Chrome/152.0.0.0 Safari/537.36"",
  ""tc_src"": ""10.20.10.51"",
  ""tc_suser"": ""analyst01@lab.internal"",
  ""teiren_timestamp"": ""2026-10-12T02:17:23.630Z"",
  ""tenancy"": ""c0ffee12a1b24d6e9f0a1234567890ab""
}",2026-09-27 02:16:30.968
"{
  ""doc_id"": ""01b0b1f1-56b8-c654-242e-4198f556a65f"",
  ""system"": ""teiren_cloud"",
  ""t_event_id"": ""LOG-S301"",
  ""t_user_id"": ""98fdf34aeba0149327f7715ae84d8f2c464efdcafdf00d4dccc8fbaed8748ee1"",
  ""tag_name"": ""teiren_audit"",
  ""tc_act"": ""LOG_COLUMN_VIEW_UPDATE"",
  ""tc_deviceProduct"": ""TEIREN_AUDIT"",
  ""tc_deviceVendor"": ""TEIREN"",
  ""tc_msg"": ""로그 컬럼 보기 수정 성공"",
  ""tc_request"": ""/api/logs/column"",
  ""tc_requestClientApplication"": ""Mozilla/5.0 (Macintosh; Intel Mac OS X 10_15_7) AppleWebKit/537.36 (KHTML, like Gecko) Chrome/152.0.0.0 Safari/537.36"",
  ""tc_src"": ""10.20.10.51"",
  ""tc_suser"": ""analyst01@lab.internal"",
  ""teiren_timestamp"": ""2026-10-12T02:18:13.630Z"",
  ""tenancy"": ""c0ffee12a1b24d6e9f0a1234567890ab""
}",2026-09-27 02:16:30.968
"{
  ""doc_id"": ""019fee77-19b7-f8e8-99a1-b6248dbeea44"",
  ""system"": ""teiren_cloud"",
  ""t_event_id"": ""ACCOUNT-S505"",
  ""t_user_id"": ""e4afab0fb14e16dc0d365415df887786ddc2a78cfa31e91ecd965540042f03ad"",
  ""tag_name"": ""teiren_audit"",
  ""tc_act"": ""IAM_LOGIN_SUCCESS"",
  ""tc_deviceProduct"": ""TEIREN_AUDIT"",
  ""tc_deviceVendor"": ""TEIREN"",
  ""tc_msg"": ""IAM 계정 로그인 성공"",
  ""tc_request"": ""/api/account/login_sub_account"",
  ""tc_requestClientApplication"": ""Mozilla/5.0 (Macintosh; Intel Mac OS X 10_15_7) AppleWebKit/537.36 (KHTML, like Gecko) Chrome/152.0.0.0 Safari/537.36"",
  ""tc_src"": ""10.20.10.61"",
  ""tc_suser"": ""intern01@lab.internal"",
  ""teiren_timestamp"": ""2026-10-12T04:07:05.212Z"",
  ""tenancy"": ""c0ffee12a1b24d6e9f0a1234567890ab""
}",2026-09-27 02:16:30.968
"{
  ""doc_id"": ""01349590-98a6-eb1f-3c2b-dbd23133b69b"",
  ""system"": ""teiren_cloud"",
  ""t_event_id"": ""ACCOUNT-S801"",
  ""t_user_id"": ""e4afab0fb14e16dc0d365415df887786ddc2a78cfa31e91ecd965540042f03ad"",
  ""tag_name"": ""teiren_audit"",
  ""tc_act"": ""SESSION_REFRESH"",
  ""tc_deviceProduct"": ""TEIREN_AUDIT"",
  ""tc_deviceVendor"": ""TEIREN"",
  ""tc_msg"": ""세션 재발급 성공"",
  ""tc_request"": ""/api/account/refresh"",
  ""tc_requestClientApplication"": ""Mozilla/5.0 (Macintosh; Intel Mac OS X 10_15_7) AppleWebKit/537.36 (KHTML, like Gecko) Chrome/152.0.0.0 Safari/537.36"",
  ""tc_src"": ""10.20.10.61"",
  ""tc_suser"": ""intern01@lab.internal"",
  ""teiren_timestamp"": ""2026-10-12T04:07:43.212Z"",
  ""tenancy"": ""c0ffee12a1b24d6e9f0a1234567890ab""
}",2026-09-27 02:16:30.968
"{
  ""doc_id"": ""0106c2c1-d0e2-b43b-23ab-c794ae575d7a"",
  ""system"": ""teiren_cloud"",
  ""t_event_id"": ""LOG-S301"",
  ""t_user_id"": ""e4afab0fb14e16dc0d365415df887786ddc2a78cfa31e91ecd965540042f03ad"",
  ""tag_name"": ""teiren_audit"",
  ""tc_act"": ""LOG_COLUMN_VIEW_UPDATE"",
  ""tc_deviceProduct"": ""TEIREN_AUDIT"",
  ""tc_deviceVendor"": ""TEIREN"",
  ""tc_msg"": ""로그 컬럼 보기 수정 성공"",
  ""tc_request"": ""/api/logs/column"",
  ""tc_requestClientApplication"": ""Mozilla/5.0 (Macintosh; Intel Mac OS X 10_15_7) AppleWebKit/537.36 (KHTML, like Gecko) Chrome/152.0.0.0 Safari/537.36"",
  ""tc_src"": ""10.20.10.61"",
  ""tc_suser"": ""intern01@lab.internal"",
  ""teiren_timestamp"": ""2026-10-12T04:08:33.212Z"",
  ""tenancy"": ""c0ffee12a1b24d6e9f0a1234567890ab""
}",2026-09-27 02:16:30.968
"{
  ""doc_id"": ""01ab019d-e54d-0266-eeba-90108b285a9e"",
  ""system"": ""teiren_cloud"",
  ""t_event_id"": ""ACCOUNT-S505"",
  ""t_user_id"": ""317f64abaa2282480082cb73a793fe857ccb3c4b3e1f0e5df2afb748e05ae9dd"",
  ""tag_name"": ""teiren_audit"",
  ""tc_act"": ""IAM_LOGIN_SUCCESS"",
  ""tc_deviceProduct"": ""TEIREN_AUDIT"",
  ""tc_deviceVendor"": ""TEIREN"",
  ""tc_msg"": ""IAM 계정 로그인 성공"",
  ""tc_request"": ""/api/account/login_sub_account"",
  ""tc_requestClientApplication"": ""Mozilla/5.0 (Macintosh; Intel Mac OS X 10_15_7) AppleWebKit/537.36 (KHTML, like Gecko) Chrome/152.0.0.0 Safari/537.36"",
  ""tc_src"": ""10.20.10.21"",
  ""tc_suser"": ""ops01@lab.internal"",
  ""teiren_timestamp"": ""2026-10-12T05:17:55.376Z"",
  ""tenancy"": ""c0ffee12a1b24d6e9f0a1234567890ab""
}",2026-09-27 02:16:30.968
"{
  ""doc_id"": ""01992375-dd78-ea09-2702-572400efca21"",
  ""system"": ""teiren_cloud"",
  ""t_event_id"": ""ACCOUNT-S801"",
  ""t_user_id"": ""317f64abaa2282480082cb73a793fe857ccb3c4b3e1f0e5df2afb748e05ae9dd"",
  ""tag_name"": ""teiren_audit"",
  ""tc_act"": ""SESSION_REFRESH"",
  ""tc_deviceProduct"": ""TEIREN_AUDIT"",
  ""tc_deviceVendor"": ""TEIREN"",
  ""tc_msg"": ""세션 재발급 성공"",
  ""tc_request"": ""/api/account/refresh"",
  ""tc_requestClientApplication"": ""Mozilla/5.0 (Macintosh; Intel Mac OS X 10_15_7) AppleWebKit/537.36 (KHTML, like Gecko) Chrome/152.0.0.0 Safari/537.36"",
  ""tc_src"": ""10.20.10.21"",
  ""tc_suser"": ""ops01@lab.internal"",
  ""teiren_timestamp"": ""2026-10-12T05:18:33.376Z"",
  ""tenancy"": ""c0ffee12a1b24d6e9f0a1234567890ab""
}",2026-09-27 02:16:30.968
"{
  ""doc_id"": ""01a6f675-ce4e-9a73-d787-de3077f64f60"",
  ""system"": ""teiren_cloud"",
  ""t_event_id"": ""ACCOUNT-S505"",
  ""t_user_id"": ""fb850da41982d343a8e8587be9997a2a3b7997720fd50bd9bb01e5ff8930cc79"",
  ""tag_name"": ""teiren_audit"",
  ""tc_act"": ""IAM_LOGIN_SUCCESS"",
  ""tc_deviceProduct"": ""TEIREN_AUDIT"",
  ""tc_deviceVendor"": ""TEIREN"",
  ""tc_msg"": ""IAM 계정 로그인 성공"",
  ""tc_request"": ""/api/account/login_sub_account"",
  ""tc_requestClientApplication"": ""Mozilla/5.0 (Macintosh; Intel Mac OS X 10_15_7) AppleWebKit/537.36 (KHTML, like Gecko) Chrome/152.0.0.0 Safari/537.36"",
  ""tc_src"": ""10.20.10.81"",
  ""tc_suser"": ""web01@lab.internal"",
  ""teiren_timestamp"": ""2026-10-12T05:18:54.621Z"",
  ""tenancy"": ""c0ffee12a1b24d6e9f0a1234567890ab""
}",2026-09-27 02:16:30.968
"{
  ""doc_id"": ""01ec8c1e-36ff-316c-8a82-4b03ece78f89"",
  ""system"": ""teiren_cloud"",
  ""t_event_id"": ""RESOURCE-S302"",
  ""t_user_id"": ""317f64abaa2282480082cb73a793fe857ccb3c4b3e1f0e5df2afb748e05ae9dd"",
  ""tag_name"": ""teiren_audit"",
  ""tc_act"": ""INTEGRATION_STATUS_UPDATE"",
  ""tc_deviceProduct"": ""TEIREN_AUDIT"",
  ""tc_deviceVendor"": ""TEIREN"",
  ""tc_msg"": ""연동 상태 수정 성공"",
  ""tc_request"": ""/api/resource/collect"",
  ""tc_requestClientApplication"": ""Mozilla/5.0 (Macintosh; Intel Mac OS X 10_15_7) AppleWebKit/537.36 (KHTML, like Gecko) Chrome/152.0.0.0 Safari/537.36"",
  ""tc_src"": ""10.20.10.21"",
  ""tc_suser"": ""ops01@lab.internal"",
  ""teiren_timestamp"": ""2026-10-12T05:19:23.376Z"",
  ""tenancy"": ""c0ffee12a1b24d6e9f0a1234567890ab""
}",2026-09-27 02:16:30.968
"{
  ""doc_id"": ""01da1a23-d2f0-61a5-de13-f123a24ea451"",
  ""system"": ""teiren_cloud"",
  ""t_event_id"": ""ACCOUNT-S801"",
  ""t_user_id"": ""fb850da41982d343a8e8587be9997a2a3b7997720fd50bd9bb01e5ff8930cc79"",
  ""tag_name"": ""teiren_audit"",
  ""tc_act"": ""SESSION_REFRESH"",
  ""tc_deviceProduct"": ""TEIREN_AUDIT"",
  ""tc_deviceVendor"": ""TEIREN"",
  ""tc_msg"": ""세션 재발급 성공"",
  ""tc_request"": ""/api/account/refresh"",
  ""tc_requestClientApplication"": ""Mozilla/5.0 (Macintosh; Intel Mac OS X 10_15_7) AppleWebKit/537.36 (KHTML, like Gecko) Chrome/152.0.0.0 Safari/537.36"",
  ""tc_src"": ""10.20.10.81"",
  ""tc_suser"": ""web01@lab.internal"",
  ""teiren_timestamp"": ""2026-10-12T05:19:32.621Z"",
  ""tenancy"": ""c0ffee12a1b24d6e9f0a1234567890ab""
}",2026-09-27 02:16:30.968
"{
  ""doc_id"": ""01bc3f0f-dfcc-f244-49e1-02862283c6a8"",
  ""system"": ""teiren_cloud"",
  ""t_event_id"": ""DASHBOARD-S301"",
  ""t_user_id"": ""fb850da41982d343a8e8587be9997a2a3b7997720fd50bd9bb01e5ff8930cc79"",
  ""tag_name"": ""teiren_audit"",
  ""tc_act"": ""DASHBOARD_LAYOUT_VIEW_UPDATE"",
  ""tc_deviceProduct"": ""TEIREN_AUDIT"",
  ""tc_deviceVendor"": ""TEIREN"",
  ""tc_msg"": ""대시보드 레이아웃 수정 성공"",
  ""tc_request"": ""/api/dashboard_info/layout"",
  ""tc_requestClientApplication"": ""Mozilla/5.0 (Macintosh; Intel Mac OS X 10_15_7) AppleWebKit/537.36 (KHTML, like Gecko) Chrome/152.0.0.0 Safari/537.36"",
  ""tc_src"": ""10.20.10.81"",
  ""tc_suser"": ""web01@lab.internal"",
  ""teiren_timestamp"": ""2026-10-12T05:20:22.621Z"",
  ""tenancy"": ""c0ffee12a1b24d6e9f0a1234567890ab""
}",2026-09-27 02:16:30.968
"{
  ""doc_id"": ""01a99b70-250b-ddaa-2d51-ce5c099a17ce"",
  ""system"": ""teiren_cloud"",
  ""t_event_id"": ""ACCOUNT-S501"",
  ""t_user_id"": ""3fddc8f2cea3f9ec4c966cc6b114d23338e20b90ef0b0c2e2373049ff18193d9"",
  ""tag_name"": ""teiren_audit"",
  ""tc_act"": ""ROOT_LOGIN_NO_MFA"",
  ""tc_deviceProduct"": ""TEIREN_AUDIT"",
  ""tc_deviceVendor"": ""TEIREN"",
  ""tc_msg"": ""Root 계정 로그인 성공"",
  ""tc_request"": ""/api/account/login_root"",
  ""tc_requestClientApplication"": ""Mozilla/5.0 (Macintosh; Intel Mac OS X 10_15_7) AppleWebKit/537.36 (KHTML, like Gecko) Chrome/152.0.0.0 Safari/537.36"",
  ""tc_src"": ""10.20.10.71"",
  ""tc_suser"": ""admin01@lab.internal"",
  ""teiren_timestamp"": ""2026-10-12T06:47:23.033Z"",
  ""tenancy"": ""c0ffee12a1b24d6e9f0a1234567890ab""
}",2026-09-27 02:16:30.968
"{
  ""doc_id"": ""011e84cd-a3b8-d9fc-0916-6dc050adc834"",
  ""system"": ""teiren_cloud"",
  ""t_event_id"": ""ACCOUNT-S801"",
  ""t_user_id"": ""3fddc8f2cea3f9ec4c966cc6b114d23338e20b90ef0b0c2e2373049ff18193d9"",
  ""tag_name"": ""teiren_audit"",
  ""tc_act"": ""SESSION_REFRESH"",
  ""tc_deviceProduct"": ""TEIREN_AUDIT"",
  ""tc_deviceVendor"": ""TEIREN"",
  ""tc_msg"": ""세션 재발급 성공"",
  ""tc_request"": ""/api/account/refresh"",
  ""tc_requestClientApplication"": ""Mozilla/5.0 (Macintosh; Intel Mac OS X 10_15_7) AppleWebKit/537.36 (KHTML, like Gecko) Chrome/152.0.0.0 Safari/537.36"",
  ""tc_src"": ""10.20.10.71"",
  ""tc_suser"": ""admin01@lab.internal"",
  ""teiren_timestamp"": ""2026-10-12T06:48:01.033Z"",
  ""tenancy"": ""c0ffee12a1b24d6e9f0a1234567890ab""
}",2026-09-27 02:16:30.968
"{
  ""doc_id"": ""014b2989-20ad-ad4b-942d-374c67ba9d72"",
  ""system"": ""teiren_cloud"",
  ""t_event_id"": ""DASHBOARD-S301"",
  ""t_user_id"": ""3fddc8f2cea3f9ec4c966cc6b114d23338e20b90ef0b0c2e2373049ff18193d9"",
  ""tag_name"": ""teiren_audit"",
  ""tc_act"": ""DASHBOARD_LAYOUT_VIEW_UPDATE"",
  ""tc_deviceProduct"": ""TEIREN_AUDIT"",
  ""tc_deviceVendor"": ""TEIREN"",
  ""tc_msg"": ""대시보드 레이아웃 수정 성공"",
  ""tc_request"": ""/api/dashboard_info/layout"",
  ""tc_requestClientApplication"": ""Mozilla/5.0 (Macintosh; Intel Mac OS X 10_15_7) AppleWebKit/537.36 (KHTML, like Gecko) Chrome/152.0.0.0 Safari/537.36"",
  ""tc_src"": ""10.20.10.71"",
  ""tc_suser"": ""admin01@lab.internal"",
  ""teiren_timestamp"": ""2026-10-12T06:48:51.033Z"",
  ""tenancy"": ""c0ffee12a1b24d6e9f0a1234567890ab""
}",2026-09-27 02:16:30.968
"{
  ""doc_id"": ""013b5d50-18b5-e40c-5c13-e9526eb753d2"",
  ""system"": ""teiren_cloud"",
  ""t_event_id"": ""ACCOUNT-S501"",
  ""t_user_id"": ""3fddc8f2cea3f9ec4c966cc6b114d23338e20b90ef0b0c2e2373049ff18193d9"",
  ""tag_name"": ""teiren_audit"",
  ""tc_act"": ""ROOT_LOGIN_NO_MFA"",
  ""tc_deviceProduct"": ""TEIREN_AUDIT"",
  ""tc_deviceVendor"": ""TEIREN"",
  ""tc_msg"": ""Root 계정 로그인 성공"",
  ""tc_request"": ""/api/account/login_root"",
  ""tc_requestClientApplication"": ""Mozilla/5.0 (Macintosh; Intel Mac OS X 10_15_7) AppleWebKit/537.36 (KHTML, like Gecko) Chrome/152.0.0.0 Safari/537.36"",
  ""tc_src"": ""10.20.10.71"",
  ""tc_suser"": ""admin01@lab.internal"",
  ""teiren_timestamp"": ""2026-10-12T07:01:41.209Z"",
  ""tenancy"": ""c0ffee12a1b24d6e9f0a1234567890ab""
}",2026-09-27 02:16:30.968
"{
  ""doc_id"": ""0152c922-b354-2983-f79a-21f7da12df80"",
  ""system"": ""teiren_cloud"",
  ""t_event_id"": ""ACCOUNT-S801"",
  ""t_user_id"": ""3fddc8f2cea3f9ec4c966cc6b114d23338e20b90ef0b0c2e2373049ff18193d9"",
  ""tag_name"": ""teiren_audit"",
  ""tc_act"": ""SESSION_REFRESH"",
  ""tc_deviceProduct"": ""TEIREN_AUDIT"",
  ""tc_deviceVendor"": ""TEIREN"",
  ""tc_msg"": ""세션 재발급 성공"",
  ""tc_request"": ""/api/account/refresh"",
  ""tc_requestClientApplication"": ""Mozilla/5.0 (Macintosh; Intel Mac OS X 10_15_7) AppleWebKit/537.36 (KHTML, like Gecko) Chrome/152.0.0.0 Safari/537.36"",
  ""tc_src"": ""10.20.10.71"",
  ""tc_suser"": ""admin01@lab.internal"",
  ""teiren_timestamp"": ""2026-10-12T07:02:19.209Z"",
  ""tenancy"": ""c0ffee12a1b24d6e9f0a1234567890ab""
}",2026-09-27 02:16:30.968
"{
  ""doc_id"": ""0110fbae-5f88-65c9-037a-32cf1d3e12f7"",
  ""system"": ""teiren_cloud"",
  ""t_event_id"": ""DASHBOARD-S301"",
  ""t_user_id"": ""3fddc8f2cea3f9ec4c966cc6b114d23338e20b90ef0b0c2e2373049ff18193d9"",
  ""tag_name"": ""teiren_audit"",
  ""tc_act"": ""DASHBOARD_LAYOUT_VIEW_UPDATE"",
  ""tc_deviceProduct"": ""TEIREN_AUDIT"",
  ""tc_deviceVendor"": ""TEIREN"",
  ""tc_msg"": ""대시보드 레이아웃 수정 성공"",
  ""tc_request"": ""/api/dashboard_info/layout"",
  ""tc_requestClientApplication"": ""Mozilla/5.0 (Macintosh; Intel Mac OS X 10_15_7) AppleWebKit/537.36 (KHTML, like Gecko) Chrome/152.0.0.0 Safari/537.36"",
  ""tc_src"": ""10.20.10.71"",
  ""tc_suser"": ""admin01@lab.internal"",
  ""teiren_timestamp"": ""2026-10-12T07:03:09.209Z"",
  ""tenancy"": ""c0ffee12a1b24d6e9f0a1234567890ab""
}",2026-09-27 02:16:30.968
"{
  ""doc_id"": ""0171119a-745e-a97f-fbda-b1c5255855a6"",
  ""system"": ""teiren_cloud"",
  ""t_event_id"": ""ACCOUNT-S505"",
  ""t_user_id"": ""56a0f04a707318bc9f9edb47119ad8f4d863143a8a26e0cf4f692d612eb9817a"",
  ""tag_name"": ""teiren_audit"",
  ""tc_act"": ""IAM_LOGIN_SUCCESS"",
  ""tc_deviceProduct"": ""TEIREN_AUDIT"",
  ""tc_deviceVendor"": ""TEIREN"",
  ""tc_msg"": ""IAM 계정 로그인 성공"",
  ""tc_request"": ""/api/account/login_sub_account"",
  ""tc_requestClientApplication"": ""Mozilla/5.0 (Macintosh; Intel Mac OS X 10_15_7) AppleWebKit/537.36 (KHTML, like Gecko) Chrome/152.0.0.0 Safari/537.36"",
  ""tc_src"": ""10.20.10.12"",
  ""tc_suser"": ""dev02@lab.internal"",
  ""teiren_timestamp"": ""2026-10-12T07:39:51.016Z"",
  ""tenancy"": ""c0ffee12a1b24d6e9f0a1234567890ab""
}",2026-09-27 02:16:30.968
"{
  ""doc_id"": ""0184a0e8-e02f-9781-a946-740c3e9a4b1d"",
  ""system"": ""teiren_cloud"",
  ""t_event_id"": ""ACCOUNT-S801"",
  ""t_user_id"": ""56a0f04a707318bc9f9edb47119ad8f4d863143a8a26e0cf4f692d612eb9817a"",
  ""tag_name"": ""teiren_audit"",
  ""tc_act"": ""SESSION_REFRESH"",
  ""tc_deviceProduct"": ""TEIREN_AUDIT"",
  ""tc_deviceVendor"": ""TEIREN"",
  ""tc_msg"": ""세션 재발급 성공"",
  ""tc_request"": ""/api/account/refresh"",
  ""tc_requestClientApplication"": ""Mozilla/5.0 (Macintosh; Intel Mac OS X 10_15_7) AppleWebKit/537.36 (KHTML, like Gecko) Chrome/152.0.0.0 Safari/537.36"",
  ""tc_src"": ""10.20.10.12"",
  ""tc_suser"": ""dev02@lab.internal"",
  ""teiren_timestamp"": ""2026-10-12T07:40:29.016Z"",
  ""tenancy"": ""c0ffee12a1b24d6e9f0a1234567890ab""
}",2026-09-27 02:16:30.968
"{
  ""doc_id"": ""01854b13-41a0-9a25-c1d5-37d181d4cda0"",
  ""system"": ""teiren_cloud"",
  ""t_event_id"": ""DASHBOARD-S301"",
  ""t_user_id"": ""56a0f04a707318bc9f9edb47119ad8f4d863143a8a26e0cf4f692d612eb9817a"",
  ""tag_name"": ""teiren_audit"",
  ""tc_act"": ""DASHBOARD_LAYOUT_VIEW_UPDATE"",
  ""tc_deviceProduct"": ""TEIREN_AUDIT"",
  ""tc_deviceVendor"": ""TEIREN"",
  ""tc_msg"": ""대시보드 레이아웃 수정 성공"",
  ""tc_request"": ""/api/dashboard_info/layout"",
  ""tc_requestClientApplication"": ""Mozilla/5.0 (Macintosh; Intel Mac OS X 10_15_7) AppleWebKit/537.36 (KHTML, like Gecko) Chrome/152.0.0.0 Safari/537.36"",
  ""tc_src"": ""10.20.10.12"",
  ""tc_suser"": ""dev02@lab.internal"",
  ""teiren_timestamp"": ""2026-10-12T07:41:19.016Z"",
  ""tenancy"": ""c0ffee12a1b24d6e9f0a1234567890ab""
}",2026-09-27 02:16:30.968
"{
  ""doc_id"": ""0193a4d2-4ba0-8b9c-3a82-6bb78427ddca"",
  ""system"": ""teiren_cloud"",
  ""t_event_id"": ""ACCOUNT-S505"",
  ""t_user_id"": ""fe29336cd66e0e20c63728e9d736af8b3edf0f2d0a41f4cf932709c11c50d4a4"",
  ""tag_name"": ""teiren_audit"",
  ""tc_act"": ""IAM_LOGIN_SUCCESS"",
  ""tc_deviceProduct"": ""TEIREN_AUDIT"",
  ""tc_deviceVendor"": ""TEIREN"",
  ""tc_msg"": ""IAM 계정 로그인 성공"",
  ""tc_request"": ""/api/account/login_sub_account"",
  ""tc_requestClientApplication"": ""Mozilla/5.0 (Macintosh; Intel Mac OS X 10_15_7) AppleWebKit/537.36 (KHTML, like Gecko) Chrome/152.0.0.0 Safari/537.36"",
  ""tc_src"": ""10.20.10.11"",
  ""tc_suser"": ""dev01@lab.internal"",
  ""teiren_timestamp"": ""2026-10-12T07:41:47.514Z"",
  ""tenancy"": ""c0ffee12a1b24d6e9f0a1234567890ab""
}",2026-09-27 02:16:30.968
"{
  ""doc_id"": ""01f7a17c-769c-bcd6-d9ee-543ae0b0d1ce"",
  ""system"": ""teiren_cloud"",
  ""t_event_id"": ""ACCOUNT-S801"",
  ""t_user_id"": ""fe29336cd66e0e20c63728e9d736af8b3edf0f2d0a41f4cf932709c11c50d4a4"",
  ""tag_name"": ""teiren_audit"",
  ""tc_act"": ""SESSION_REFRESH"",
  ""tc_deviceProduct"": ""TEIREN_AUDIT"",
  ""tc_deviceVendor"": ""TEIREN"",
  ""tc_msg"": ""세션 재발급 성공"",
  ""tc_request"": ""/api/account/refresh"",
  ""tc_requestClientApplication"": ""Mozilla/5.0 (Macintosh; Intel Mac OS X 10_15_7) AppleWebKit/537.36 (KHTML, like Gecko) Chrome/152.0.0.0 Safari/537.36"",
  ""tc_src"": ""10.20.10.11"",
  ""tc_suser"": ""dev01@lab.internal"",
  ""teiren_timestamp"": ""2026-10-12T07:42:25.514Z"",
  ""tenancy"": ""c0ffee12a1b24d6e9f0a1234567890ab""
}",2026-09-27 02:16:30.968
"{
  ""doc_id"": ""014bfbf5-4449-b938-00f7-555f7459ea87"",
  ""system"": ""teiren_cloud"",
  ""t_event_id"": ""DASHBOARD-S301"",
  ""t_user_id"": ""fe29336cd66e0e20c63728e9d736af8b3edf0f2d0a41f4cf932709c11c50d4a4"",
  ""tag_name"": ""teiren_audit"",
  ""tc_act"": ""DASHBOARD_LAYOUT_VIEW_UPDATE"",
  ""tc_deviceProduct"": ""TEIREN_AUDIT"",
  ""tc_deviceVendor"": ""TEIREN"",
  ""tc_msg"": ""대시보드 레이아웃 수정 성공"",
  ""tc_request"": ""/api/dashboard_info/layout"",
  ""tc_requestClientApplication"": ""Mozilla/5.0 (Macintosh; Intel Mac OS X 10_15_7) AppleWebKit/537.36 (KHTML, like Gecko) Chrome/152.0.0.0 Safari/537.36"",
  ""tc_src"": ""10.20.10.11"",
  ""tc_suser"": ""dev01@lab.internal"",
  ""teiren_timestamp"": ""2026-10-12T07:43:15.514Z"",
  ""tenancy"": ""c0ffee12a1b24d6e9f0a1234567890ab""
}",2026-09-27 02:16:30.968
"{
  ""doc_id"": ""018e9a78-b1a9-c902-3c78-b8d22e2fca29"",
  ""system"": ""teiren_cloud"",
  ""t_event_id"": ""ACCOUNT-S501"",
  ""t_user_id"": ""3fddc8f2cea3f9ec4c966cc6b114d23338e20b90ef0b0c2e2373049ff18193d9"",
  ""tag_name"": ""teiren_audit"",
  ""tc_act"": ""ROOT_LOGIN_NO_MFA"",
  ""tc_deviceProduct"": ""TEIREN_AUDIT"",
  ""tc_deviceVendor"": ""TEIREN"",
  ""tc_msg"": ""Root 계정 로그인 성공"",
  ""tc_request"": ""/api/account/login_root"",
  ""tc_requestClientApplication"": ""Mozilla/5.0 (Macintosh; Intel Mac OS X 10_15_7) AppleWebKit/537.36 (KHTML, like Gecko) Chrome/152.0.0.0 Safari/537.36"",
  ""tc_src"": ""10.20.10.71"",
  ""tc_suser"": ""admin01@lab.internal"",
  ""teiren_timestamp"": ""2026-10-13T00:08:14.438Z"",
  ""tenancy"": ""c0ffee12a1b24d6e9f0a1234567890ab""
}",2026-09-27 02:16:30.968
"{
  ""doc_id"": ""01f2e492-5d48-b6b2-da80-4cb4422c881d"",
  ""system"": ""teiren_cloud"",
  ""t_event_id"": ""ACCOUNT-S801"",
  ""t_user_id"": ""3fddc8f2cea3f9ec4c966cc6b114d23338e20b90ef0b0c2e2373049ff18193d9"",
  ""tag_name"": ""teiren_audit"",
  ""tc_act"": ""SESSION_REFRESH"",
  ""tc_deviceProduct"": ""TEIREN_AUDIT"",
  ""tc_deviceVendor"": ""TEIREN"",
  ""tc_msg"": ""세션 재발급 성공"",
  ""tc_request"": ""/api/account/refresh"",
  ""tc_requestClientApplication"": ""Mozilla/5.0 (Macintosh; Intel Mac OS X 10_15_7) AppleWebKit/537.36 (KHTML, like Gecko) Chrome/152.0.0.0 Safari/537.36"",
  ""tc_src"": ""10.20.10.71"",
  ""tc_suser"": ""admin01@lab.internal"",
  ""teiren_timestamp"": ""2026-10-13T00:08:52.438Z"",
  ""tenancy"": ""c0ffee12a1b24d6e9f0a1234567890ab""
}",2026-09-27 02:16:30.968
"{
  ""doc_id"": ""016cc790-221e-f599-ae28-7f948d08fa1a"",
  ""system"": ""teiren_cloud"",
  ""t_event_id"": ""DASHBOARD-S301"",
  ""t_user_id"": ""3fddc8f2cea3f9ec4c966cc6b114d23338e20b90ef0b0c2e2373049ff18193d9"",
  ""tag_name"": ""teiren_audit"",
  ""tc_act"": ""DASHBOARD_LAYOUT_VIEW_UPDATE"",
  ""tc_deviceProduct"": ""TEIREN_AUDIT"",
  ""tc_deviceVendor"": ""TEIREN"",
  ""tc_msg"": ""대시보드 레이아웃 수정 성공"",
  ""tc_request"": ""/api/dashboard_info/layout"",
  ""tc_requestClientApplication"": ""Mozilla/5.0 (Macintosh; Intel Mac OS X 10_15_7) AppleWebKit/537.36 (KHTML, like Gecko) Chrome/152.0.0.0 Safari/537.36"",
  ""tc_src"": ""10.20.10.71"",
  ""tc_suser"": ""admin01@lab.internal"",
  ""teiren_timestamp"": ""2026-10-13T00:09:42.438Z"",
  ""tenancy"": ""c0ffee12a1b24d6e9f0a1234567890ab""
}",2026-09-27 02:16:30.968
"{
  ""doc_id"": ""0125c6d6-150b-e6fd-4993-2454b52c6d1f"",
  ""system"": ""teiren_cloud"",
  ""t_event_id"": ""ACCOUNT-S505"",
  ""t_user_id"": ""e4afab0fb14e16dc0d365415df887786ddc2a78cfa31e91ecd965540042f03ad"",
  ""tag_name"": ""teiren_audit"",
  ""tc_act"": ""IAM_LOGIN_SUCCESS"",
  ""tc_deviceProduct"": ""TEIREN_AUDIT"",
  ""tc_deviceVendor"": ""TEIREN"",
  ""tc_msg"": ""IAM 계정 로그인 성공"",
  ""tc_request"": ""/api/account/login_sub_account"",
  ""tc_requestClientApplication"": ""Mozilla/5.0 (Macintosh; Intel Mac OS X 10_15_7) AppleWebKit/537.36 (KHTML, like Gecko) Chrome/152.0.0.0 Safari/537.36"",
  ""tc_src"": ""10.20.10.61"",
  ""tc_suser"": ""intern01@lab.internal"",
  ""teiren_timestamp"": ""2026-10-13T03:05:27.732Z"",
  ""tenancy"": ""c0ffee12a1b24d6e9f0a1234567890ab""
}",2026-09-27 02:16:30.968
"{
  ""doc_id"": ""01955e4d-3d41-8142-a633-c0b8ed78e8f1"",
  ""system"": ""teiren_cloud"",
  ""t_event_id"": ""ACCOUNT-S801"",
  ""t_user_id"": ""e4afab0fb14e16dc0d365415df887786ddc2a78cfa31e91ecd965540042f03ad"",
  ""tag_name"": ""teiren_audit"",
  ""tc_act"": ""SESSION_REFRESH"",
  ""tc_deviceProduct"": ""TEIREN_AUDIT"",
  ""tc_deviceVendor"": ""TEIREN"",
  ""tc_msg"": ""세션 재발급 성공"",
  ""tc_request"": ""/api/account/refresh"",
  ""tc_requestClientApplication"": ""Mozilla/5.0 (Macintosh; Intel Mac OS X 10_15_7) AppleWebKit/537.36 (KHTML, like Gecko) Chrome/152.0.0.0 Safari/537.36"",
  ""tc_src"": ""10.20.10.61"",
  ""tc_suser"": ""intern01@lab.internal"",
  ""teiren_timestamp"": ""2026-10-13T03:06:05.732Z"",
  ""tenancy"": ""c0ffee12a1b24d6e9f0a1234567890ab""
}",2026-09-27 02:16:30.968
"{
  ""doc_id"": ""01ef6405-3db9-9ec0-ab57-bcfb69366442"",
  ""system"": ""teiren_cloud"",
  ""t_event_id"": ""LOG-S301"",
  ""t_user_id"": ""e4afab0fb14e16dc0d365415df887786ddc2a78cfa31e91ecd965540042f03ad"",
  ""tag_name"": ""teiren_audit"",
  ""tc_act"": ""LOG_COLUMN_VIEW_UPDATE"",
  ""tc_deviceProduct"": ""TEIREN_AUDIT"",
  ""tc_deviceVendor"": ""TEIREN"",
  ""tc_msg"": ""로그 컬럼 보기 수정 성공"",
  ""tc_request"": ""/api/logs/column"",
  ""tc_requestClientApplication"": ""Mozilla/5.0 (Macintosh; Intel Mac OS X 10_15_7) AppleWebKit/537.36 (KHTML, like Gecko) Chrome/152.0.0.0 Safari/537.36"",
  ""tc_src"": ""10.20.10.61"",
  ""tc_suser"": ""intern01@lab.internal"",
  ""teiren_timestamp"": ""2026-10-13T03:06:55.732Z"",
  ""tenancy"": ""c0ffee12a1b24d6e9f0a1234567890ab""
}",2026-09-27 02:16:30.968
"{
  ""doc_id"": ""01be1c63-0674-b436-fa0d-eaaebeb9969e"",
  ""system"": ""teiren_cloud"",
  ""t_event_id"": ""ACCOUNT-S505"",
  ""t_user_id"": ""317f64abaa2282480082cb73a793fe857ccb3c4b3e1f0e5df2afb748e05ae9dd"",
  ""tag_name"": ""teiren_audit"",
  ""tc_act"": ""IAM_LOGIN_SUCCESS"",
  ""tc_deviceProduct"": ""TEIREN_AUDIT"",
  ""tc_deviceVendor"": ""TEIREN"",
  ""tc_msg"": ""IAM 계정 로그인 성공"",
  ""tc_request"": ""/api/account/login_sub_account"",
  ""tc_requestClientApplication"": ""Mozilla/5.0 (Macintosh; Intel Mac OS X 10_15_7) AppleWebKit/537.36 (KHTML, like Gecko) Chrome/152.0.0.0 Safari/537.36"",
  ""tc_src"": ""10.20.10.21"",
  ""tc_suser"": ""ops01@lab.internal"",
  ""teiren_timestamp"": ""2026-10-13T06:10:13.593Z"",
  ""tenancy"": ""c0ffee12a1b24d6e9f0a1234567890ab""
}",2026-09-27 02:16:30.968
"{
  ""doc_id"": ""01cb875e-6b4d-5da9-ffca-21c22e62cd77"",
  ""system"": ""teiren_cloud"",
  ""t_event_id"": ""ACCOUNT-S801"",
  ""t_user_id"": ""317f64abaa2282480082cb73a793fe857ccb3c4b3e1f0e5df2afb748e05ae9dd"",
  ""tag_name"": ""teiren_audit"",
  ""tc_act"": ""SESSION_REFRESH"",
  ""tc_deviceProduct"": ""TEIREN_AUDIT"",
  ""tc_deviceVendor"": ""TEIREN"",
  ""tc_msg"": ""세션 재발급 성공"",
  ""tc_request"": ""/api/account/refresh"",
  ""tc_requestClientApplication"": ""Mozilla/5.0 (Macintosh; Intel Mac OS X 10_15_7) AppleWebKit/537.36 (KHTML, like Gecko) Chrome/152.0.0.0 Safari/537.36"",
  ""tc_src"": ""10.20.10.21"",
  ""tc_suser"": ""ops01@lab.internal"",
  ""teiren_timestamp"": ""2026-10-13T06:10:51.593Z"",
  ""tenancy"": ""c0ffee12a1b24d6e9f0a1234567890ab""
}",2026-09-27 02:16:30.968
"{
  ""doc_id"": ""016a79ea-0eee-5865-c05f-76c63a2d2b23"",
  ""system"": ""teiren_cloud"",
  ""t_event_id"": ""RESOURCE-S302"",
  ""t_user_id"": ""317f64abaa2282480082cb73a793fe857ccb3c4b3e1f0e5df2afb748e05ae9dd"",
  ""tag_name"": ""teiren_audit"",
  ""tc_act"": ""INTEGRATION_STATUS_UPDATE"",
  ""tc_deviceProduct"": ""TEIREN_AUDIT"",
  ""tc_deviceVendor"": ""TEIREN"",
  ""tc_msg"": ""연동 상태 수정 성공"",
  ""tc_request"": ""/api/resource/collect"",
  ""tc_requestClientApplication"": ""Mozilla/5.0 (Macintosh; Intel Mac OS X 10_15_7) AppleWebKit/537.36 (KHTML, like Gecko) Chrome/152.0.0.0 Safari/537.36"",
  ""tc_src"": ""10.20.10.21"",
  ""tc_suser"": ""ops01@lab.internal"",
  ""teiren_timestamp"": ""2026-10-13T06:11:41.593Z"",
  ""tenancy"": ""c0ffee12a1b24d6e9f0a1234567890ab""
}",2026-09-27 02:16:30.968
"{
  ""doc_id"": ""0140a58d-e7d5-a3ef-5f36-82095d96f37d"",
  ""system"": ""teiren_cloud"",
  ""t_event_id"": ""ACCOUNT-S505"",
  ""t_user_id"": ""56a0f04a707318bc9f9edb47119ad8f4d863143a8a26e0cf4f692d612eb9817a"",
  ""tag_name"": ""teiren_audit"",
  ""tc_act"": ""IAM_LOGIN_SUCCESS"",
  ""tc_deviceProduct"": ""TEIREN_AUDIT"",
  ""tc_deviceVendor"": ""TEIREN"",
  ""tc_msg"": ""IAM 계정 로그인 성공"",
  ""tc_request"": ""/api/account/login_sub_account"",
  ""tc_requestClientApplication"": ""Mozilla/5.0 (Macintosh; Intel Mac OS X 10_15_7) AppleWebKit/537.36 (KHTML, like Gecko) Chrome/152.0.0.0 Safari/537.36"",
  ""tc_src"": ""10.20.10.12"",
  ""tc_suser"": ""dev02@lab.internal"",
  ""teiren_timestamp"": ""2026-10-13T06:20:00.016Z"",
  ""tenancy"": ""c0ffee12a1b24d6e9f0a1234567890ab""
}",2026-09-27 02:16:30.968
"{
  ""doc_id"": ""01cfa3e2-a706-df83-57fe-259faecd0903"",
  ""system"": ""teiren_cloud"",
  ""t_event_id"": ""ACCOUNT-S801"",
  ""t_user_id"": ""56a0f04a707318bc9f9edb47119ad8f4d863143a8a26e0cf4f692d612eb9817a"",
  ""tag_name"": ""teiren_audit"",
  ""tc_act"": ""SESSION_REFRESH"",
  ""tc_deviceProduct"": ""TEIREN_AUDIT"",
  ""tc_deviceVendor"": ""TEIREN"",
  ""tc_msg"": ""세션 재발급 성공"",
  ""tc_request"": ""/api/account/refresh"",
  ""tc_requestClientApplication"": ""Mozilla/5.0 (Macintosh; Intel Mac OS X 10_15_7) AppleWebKit/537.36 (KHTML, like Gecko) Chrome/152.0.0.0 Safari/537.36"",
  ""tc_src"": ""10.20.10.12"",
  ""tc_suser"": ""dev02@lab.internal"",
  ""teiren_timestamp"": ""2026-10-13T06:20:38.016Z"",
  ""tenancy"": ""c0ffee12a1b24d6e9f0a1234567890ab""
}",2026-09-27 02:16:30.968
"{
  ""doc_id"": ""01931007-583e-764f-da75-a256c8d5024e"",
  ""system"": ""teiren_cloud"",
  ""t_event_id"": ""DASHBOARD-S301"",
  ""t_user_id"": ""56a0f04a707318bc9f9edb47119ad8f4d863143a8a26e0cf4f692d612eb9817a"",
  ""tag_name"": ""teiren_audit"",
  ""tc_act"": ""DASHBOARD_LAYOUT_VIEW_UPDATE"",
  ""tc_deviceProduct"": ""TEIREN_AUDIT"",
  ""tc_deviceVendor"": ""TEIREN"",
  ""tc_msg"": ""대시보드 레이아웃 수정 성공"",
  ""tc_request"": ""/api/dashboard_info/layout"",
  ""tc_requestClientApplication"": ""Mozilla/5.0 (Macintosh; Intel Mac OS X 10_15_7) AppleWebKit/537.36 (KHTML, like Gecko) Chrome/152.0.0.0 Safari/537.36"",
  ""tc_src"": ""10.20.10.12"",
  ""tc_suser"": ""dev02@lab.internal"",
  ""teiren_timestamp"": ""2026-10-13T06:21:28.016Z"",
  ""tenancy"": ""c0ffee12a1b24d6e9f0a1234567890ab""
}",2026-09-27 02:16:30.968
"{
  ""doc_id"": ""013670de-b0c4-3204-78ca-8ceaa047d211"",
  ""system"": ""teiren_cloud"",
  ""t_event_id"": ""ACCOUNT-S505"",
  ""t_user_id"": ""317f64abaa2282480082cb73a793fe857ccb3c4b3e1f0e5df2afb748e05ae9dd"",
  ""tag_name"": ""teiren_audit"",
  ""tc_act"": ""IAM_LOGIN_SUCCESS"",
  ""tc_deviceProduct"": ""TEIREN_AUDIT"",
  ""tc_deviceVendor"": ""TEIREN"",
  ""tc_msg"": ""IAM 계정 로그인 성공"",
  ""tc_request"": ""/api/account/login_sub_account"",
  ""tc_requestClientApplication"": ""Mozilla/5.0 (Macintosh; Intel Mac OS X 10_15_7) AppleWebKit/537.36 (KHTML, like Gecko) Chrome/152.0.0.0 Safari/537.36"",
  ""tc_src"": ""10.20.10.21"",
  ""tc_suser"": ""ops01@lab.internal"",
  ""teiren_timestamp"": ""2026-10-13T07:10:16.870Z"",
  ""tenancy"": ""c0ffee12a1b24d6e9f0a1234567890ab""
}",2026-09-27 02:16:30.968
"{
  ""doc_id"": ""014de1be-e0a9-3121-ce3d-b919437b3726"",
  ""system"": ""teiren_cloud"",
  ""t_event_id"": ""ACCOUNT-S801"",
  ""t_user_id"": ""317f64abaa2282480082cb73a793fe857ccb3c4b3e1f0e5df2afb748e05ae9dd"",
  ""tag_name"": ""teiren_audit"",
  ""tc_act"": ""SESSION_REFRESH"",
  ""tc_deviceProduct"": ""TEIREN_AUDIT"",
  ""tc_deviceVendor"": ""TEIREN"",
  ""tc_msg"": ""세션 재발급 성공"",
  ""tc_request"": ""/api/account/refresh"",
  ""tc_requestClientApplication"": ""Mozilla/5.0 (Macintosh; Intel Mac OS X 10_15_7) AppleWebKit/537.36 (KHTML, like Gecko) Chrome/152.0.0.0 Safari/537.36"",
  ""tc_src"": ""10.20.10.21"",
  ""tc_suser"": ""ops01@lab.internal"",
  ""teiren_timestamp"": ""2026-10-13T07:10:54.870Z"",
  ""tenancy"": ""c0ffee12a1b24d6e9f0a1234567890ab""
}",2026-09-27 02:16:30.968
"{
  ""doc_id"": ""01b828c9-2e98-937c-64b5-9cd6e9b34c75"",
  ""system"": ""teiren_cloud"",
  ""t_event_id"": ""RESOURCE-S302"",
  ""t_user_id"": ""317f64abaa2282480082cb73a793fe857ccb3c4b3e1f0e5df2afb748e05ae9dd"",
  ""tag_name"": ""teiren_audit"",
  ""tc_act"": ""INTEGRATION_STATUS_UPDATE"",
  ""tc_deviceProduct"": ""TEIREN_AUDIT"",
  ""tc_deviceVendor"": ""TEIREN"",
  ""tc_msg"": ""연동 상태 수정 성공"",
  ""tc_request"": ""/api/resource/collect"",
  ""tc_requestClientApplication"": ""Mozilla/5.0 (Macintosh; Intel Mac OS X 10_15_7) AppleWebKit/537.36 (KHTML, like Gecko) Chrome/152.0.0.0 Safari/537.36"",
  ""tc_src"": ""10.20.10.21"",
  ""tc_suser"": ""ops01@lab.internal"",
  ""teiren_timestamp"": ""2026-10-13T07:11:44.870Z"",
  ""tenancy"": ""c0ffee12a1b24d6e9f0a1234567890ab""
}",2026-09-27 02:16:30.968
"{
  ""doc_id"": ""013b824b-2702-5253-5e26-398d9bfd9a0e"",
  ""system"": ""teiren_cloud"",
  ""t_event_id"": ""ACCOUNT-S505"",
  ""t_user_id"": ""cf8ee8443091707b132a3d3be976b80f68a97126916762537a335e5a0bd02a4b"",
  ""tag_name"": ""teiren_audit"",
  ""tc_act"": ""IAM_LOGIN_SUCCESS"",
  ""tc_deviceProduct"": ""TEIREN_AUDIT"",
  ""tc_deviceVendor"": ""TEIREN"",
  ""tc_msg"": ""IAM 계정 로그인 성공"",
  ""tc_request"": ""/api/account/login_sub_account"",
  ""tc_requestClientApplication"": ""Mozilla/5.0 (Macintosh; Intel Mac OS X 10_15_7) AppleWebKit/537.36 (KHTML, like Gecko) Chrome/152.0.0.0 Safari/537.36"",
  ""tc_src"": ""10.20.10.22"",
  ""tc_suser"": ""ops02@lab.internal"",
  ""teiren_timestamp"": ""2026-10-13T07:22:23.714Z"",
  ""tenancy"": ""c0ffee12a1b24d6e9f0a1234567890ab""
}",2026-09-27 02:16:30.968
"{
  ""doc_id"": ""017531c3-4758-3fb3-502c-51588e3b1294"",
  ""system"": ""teiren_cloud"",
  ""t_event_id"": ""ACCOUNT-S801"",
  ""t_user_id"": ""cf8ee8443091707b132a3d3be976b80f68a97126916762537a335e5a0bd02a4b"",
  ""tag_name"": ""teiren_audit"",
  ""tc_act"": ""SESSION_REFRESH"",
  ""tc_deviceProduct"": ""TEIREN_AUDIT"",
  ""tc_deviceVendor"": ""TEIREN"",
  ""tc_msg"": ""세션 재발급 성공"",
  ""tc_request"": ""/api/account/refresh"",
  ""tc_requestClientApplication"": ""Mozilla/5.0 (Macintosh; Intel Mac OS X 10_15_7) AppleWebKit/537.36 (KHTML, like Gecko) Chrome/152.0.0.0 Safari/537.36"",
  ""tc_src"": ""10.20.10.22"",
  ""tc_suser"": ""ops02@lab.internal"",
  ""teiren_timestamp"": ""2026-10-13T07:23:01.714Z"",
  ""tenancy"": ""c0ffee12a1b24d6e9f0a1234567890ab""
}",2026-09-27 02:16:30.968
"{
  ""doc_id"": ""01794212-2ac9-2305-02f6-8023d85bd3c2"",
  ""system"": ""teiren_cloud"",
  ""t_event_id"": ""RESOURCE-S302"",
  ""t_user_id"": ""cf8ee8443091707b132a3d3be976b80f68a97126916762537a335e5a0bd02a4b"",
  ""tag_name"": ""teiren_audit"",
  ""tc_act"": ""INTEGRATION_STATUS_UPDATE"",
  ""tc_deviceProduct"": ""TEIREN_AUDIT"",
  ""tc_deviceVendor"": ""TEIREN"",
  ""tc_msg"": ""연동 상태 수정 성공"",
  ""tc_request"": ""/api/resource/collect"",
  ""tc_requestClientApplication"": ""Mozilla/5.0 (Macintosh; Intel Mac OS X 10_15_7) AppleWebKit/537.36 (KHTML, like Gecko) Chrome/152.0.0.0 Safari/537.36"",
  ""tc_src"": ""10.20.10.22"",
  ""tc_suser"": ""ops02@lab.internal"",
  ""teiren_timestamp"": ""2026-10-13T07:23:51.714Z"",
  ""tenancy"": ""c0ffee12a1b24d6e9f0a1234567890ab""
}",2026-09-27 02:16:30.968
"{
  ""doc_id"": ""0110bd37-ffb0-47b0-7a4f-9d06a926cbcb"",
  ""system"": ""teiren_cloud"",
  ""t_event_id"": ""ACCOUNT-S505"",
  ""t_user_id"": ""98fdf34aeba0149327f7715ae84d8f2c464efdcafdf00d4dccc8fbaed8748ee1"",
  ""tag_name"": ""teiren_audit"",
  ""tc_act"": ""IAM_LOGIN_SUCCESS"",
  ""tc_deviceProduct"": ""TEIREN_AUDIT"",
  ""tc_deviceVendor"": ""TEIREN"",
  ""tc_msg"": ""IAM 계정 로그인 성공"",
  ""tc_request"": ""/api/account/login_sub_account"",
  ""tc_requestClientApplication"": ""Mozilla/5.0 (Macintosh; Intel Mac OS X 10_15_7) AppleWebKit/537.36 (KHTML, like Gecko) Chrome/152.0.0.0 Safari/537.36"",
  ""tc_src"": ""10.20.10.51"",
  ""tc_suser"": ""analyst01@lab.internal"",
  ""teiren_timestamp"": ""2026-10-13T07:34:25.733Z"",
  ""tenancy"": ""c0ffee12a1b24d6e9f0a1234567890ab""
}",2026-09-27 02:16:30.968
"{
  ""doc_id"": ""01b04d2a-12f7-448b-2adb-02d76b0a133e"",
  ""system"": ""teiren_cloud"",
  ""t_event_id"": ""ACCOUNT-S801"",
  ""t_user_id"": ""98fdf34aeba0149327f7715ae84d8f2c464efdcafdf00d4dccc8fbaed8748ee1"",
  ""tag_name"": ""teiren_audit"",
  ""tc_act"": ""SESSION_REFRESH"",
  ""tc_deviceProduct"": ""TEIREN_AUDIT"",
  ""tc_deviceVendor"": ""TEIREN"",
  ""tc_msg"": ""세션 재발급 성공"",
  ""tc_request"": ""/api/account/refresh"",
  ""tc_requestClientApplication"": ""Mozilla/5.0 (Macintosh; Intel Mac OS X 10_15_7) AppleWebKit/537.36 (KHTML, like Gecko) Chrome/152.0.0.0 Safari/537.36"",
  ""tc_src"": ""10.20.10.51"",
  ""tc_suser"": ""analyst01@lab.internal"",
  ""teiren_timestamp"": ""2026-10-13T07:35:03.733Z"",
  ""tenancy"": ""c0ffee12a1b24d6e9f0a1234567890ab""
}",2026-09-27 02:16:30.968
"{
  ""doc_id"": ""01aec714-ca17-8c0f-a133-d8b91de4791d"",
  ""system"": ""teiren_cloud"",
  ""t_event_id"": ""LOG-S301"",
  ""t_user_id"": ""98fdf34aeba0149327f7715ae84d8f2c464efdcafdf00d4dccc8fbaed8748ee1"",
  ""tag_name"": ""teiren_audit"",
  ""tc_act"": ""LOG_COLUMN_VIEW_UPDATE"",
  ""tc_deviceProduct"": ""TEIREN_AUDIT"",
  ""tc_deviceVendor"": ""TEIREN"",
  ""tc_msg"": ""로그 컬럼 보기 수정 성공"",
  ""tc_request"": ""/api/logs/column"",
  ""tc_requestClientApplication"": ""Mozilla/5.0 (Macintosh; Intel Mac OS X 10_15_7) AppleWebKit/537.36 (KHTML, like Gecko) Chrome/152.0.0.0 Safari/537.36"",
  ""tc_src"": ""10.20.10.51"",
  ""tc_suser"": ""analyst01@lab.internal"",
  ""teiren_timestamp"": ""2026-10-13T07:35:53.733Z"",
  ""tenancy"": ""c0ffee12a1b24d6e9f0a1234567890ab""
}",2026-09-27 02:16:30.968
"{
  ""doc_id"": ""0135fada-b55c-92e9-b154-a10c4469de2e"",
  ""system"": ""teiren_cloud"",
  ""t_event_id"": ""ACCOUNT-S505"",
  ""t_user_id"": ""fe29336cd66e0e20c63728e9d736af8b3edf0f2d0a41f4cf932709c11c50d4a4"",
  ""tag_name"": ""teiren_audit"",
  ""tc_act"": ""IAM_LOGIN_SUCCESS"",
  ""tc_deviceProduct"": ""TEIREN_AUDIT"",
  ""tc_deviceVendor"": ""TEIREN"",
  ""tc_msg"": ""IAM 계정 로그인 성공"",
  ""tc_request"": ""/api/account/login_sub_account"",
  ""tc_requestClientApplication"": ""Mozilla/5.0 (Macintosh; Intel Mac OS X 10_15_7) AppleWebKit/537.36 (KHTML, like Gecko) Chrome/152.0.0.0 Safari/537.36"",
  ""tc_src"": ""10.20.10.11"",
  ""tc_suser"": ""dev01@lab.internal"",
  ""teiren_timestamp"": ""2026-10-13T08:14:43.156Z"",
  ""tenancy"": ""c0ffee12a1b24d6e9f0a1234567890ab""
}",2026-09-27 02:16:30.968
"{
  ""doc_id"": ""017151c3-d6e0-6796-b2e7-b461378b010f"",
  ""system"": ""teiren_cloud"",
  ""t_event_id"": ""ACCOUNT-S801"",
  ""t_user_id"": ""fe29336cd66e0e20c63728e9d736af8b3edf0f2d0a41f4cf932709c11c50d4a4"",
  ""tag_name"": ""teiren_audit"",
  ""tc_act"": ""SESSION_REFRESH"",
  ""tc_deviceProduct"": ""TEIREN_AUDIT"",
  ""tc_deviceVendor"": ""TEIREN"",
  ""tc_msg"": ""세션 재발급 성공"",
  ""tc_request"": ""/api/account/refresh"",
  ""tc_requestClientApplication"": ""Mozilla/5.0 (Macintosh; Intel Mac OS X 10_15_7) AppleWebKit/537.36 (KHTML, like Gecko) Chrome/152.0.0.0 Safari/537.36"",
  ""tc_src"": ""10.20.10.11"",
  ""tc_suser"": ""dev01@lab.internal"",
  ""teiren_timestamp"": ""2026-10-13T08:15:21.156Z"",
  ""tenancy"": ""c0ffee12a1b24d6e9f0a1234567890ab""
}",2026-09-27 02:16:30.968
"{
  ""doc_id"": ""01c9be18-1023-2f22-41fb-c07dae749a5d"",
  ""system"": ""teiren_cloud"",
  ""t_event_id"": ""DASHBOARD-S301"",
  ""t_user_id"": ""fe29336cd66e0e20c63728e9d736af8b3edf0f2d0a41f4cf932709c11c50d4a4"",
  ""tag_name"": ""teiren_audit"",
  ""tc_act"": ""DASHBOARD_LAYOUT_VIEW_UPDATE"",
  ""tc_deviceProduct"": ""TEIREN_AUDIT"",
  ""tc_deviceVendor"": ""TEIREN"",
  ""tc_msg"": ""대시보드 레이아웃 수정 성공"",
  ""tc_request"": ""/api/dashboard_info/layout"",
  ""tc_requestClientApplication"": ""Mozilla/5.0 (Macintosh; Intel Mac OS X 10_15_7) AppleWebKit/537.36 (KHTML, like Gecko) Chrome/152.0.0.0 Safari/537.36"",
  ""tc_src"": ""10.20.10.11"",
  ""tc_suser"": ""dev01@lab.internal"",
  ""teiren_timestamp"": ""2026-10-13T08:16:11.156Z"",
  ""tenancy"": ""c0ffee12a1b24d6e9f0a1234567890ab""
}",2026-09-27 02:16:30.968
"{
  ""doc_id"": ""01fb56de-7b9d-2217-dc94-c669f208adc7"",
  ""system"": ""teiren_cloud"",
  ""t_event_id"": ""ACCOUNT-S505"",
  ""t_user_id"": ""fb850da41982d343a8e8587be9997a2a3b7997720fd50bd9bb01e5ff8930cc79"",
  ""tag_name"": ""teiren_audit"",
  ""tc_act"": ""IAM_LOGIN_SUCCESS"",
  ""tc_deviceProduct"": ""TEIREN_AUDIT"",
  ""tc_deviceVendor"": ""TEIREN"",
  ""tc_msg"": ""IAM 계정 로그인 성공"",
  ""tc_request"": ""/api/account/login_sub_account"",
  ""tc_requestClientApplication"": ""Mozilla/5.0 (Macintosh; Intel Mac OS X 10_15_7) AppleWebKit/537.36 (KHTML, like Gecko) Chrome/152.0.0.0 Safari/537.36"",
  ""tc_src"": ""10.20.10.81"",
  ""tc_suser"": ""web01@lab.internal"",
  ""teiren_timestamp"": ""2026-10-13T10:28:46.328Z"",
  ""tenancy"": ""c0ffee12a1b24d6e9f0a1234567890ab""
}",2026-09-27 02:16:30.968
"{
  ""doc_id"": ""01208b49-3f7f-9bb6-ab8a-5e3064382ecc"",
  ""system"": ""teiren_cloud"",
  ""t_event_id"": ""ACCOUNT-S801"",
  ""t_user_id"": ""fb850da41982d343a8e8587be9997a2a3b7997720fd50bd9bb01e5ff8930cc79"",
  ""tag_name"": ""teiren_audit"",
  ""tc_act"": ""SESSION_REFRESH"",
  ""tc_deviceProduct"": ""TEIREN_AUDIT"",
  ""tc_deviceVendor"": ""TEIREN"",
  ""tc_msg"": ""세션 재발급 성공"",
  ""tc_request"": ""/api/account/refresh"",
  ""tc_requestClientApplication"": ""Mozilla/5.0 (Macintosh; Intel Mac OS X 10_15_7) AppleWebKit/537.36 (KHTML, like Gecko) Chrome/152.0.0.0 Safari/537.36"",
  ""tc_src"": ""10.20.10.81"",
  ""tc_suser"": ""web01@lab.internal"",
  ""teiren_timestamp"": ""2026-10-13T10:29:24.328Z"",
  ""tenancy"": ""c0ffee12a1b24d6e9f0a1234567890ab""
}",2026-09-27 02:16:30.968
"{
  ""doc_id"": ""016d1a5a-9f76-5527-357b-680dc3ecdd6f"",
  ""system"": ""teiren_cloud"",
  ""t_event_id"": ""DASHBOARD-S301"",
  ""t_user_id"": ""fb850da41982d343a8e8587be9997a2a3b7997720fd50bd9bb01e5ff8930cc79"",
  ""tag_name"": ""teiren_audit"",
  ""tc_act"": ""DASHBOARD_LAYOUT_VIEW_UPDATE"",
  ""tc_deviceProduct"": ""TEIREN_AUDIT"",
  ""tc_deviceVendor"": ""TEIREN"",
  ""tc_msg"": ""대시보드 레이아웃 수정 성공"",
  ""tc_request"": ""/api/dashboard_info/layout"",
  ""tc_requestClientApplication"": ""Mozilla/5.0 (Macintosh; Intel Mac OS X 10_15_7) AppleWebKit/537.36 (KHTML, like Gecko) Chrome/152.0.0.0 Safari/537.36"",
  ""tc_src"": ""10.20.10.81"",
  ""tc_suser"": ""web01@lab.internal"",
  ""teiren_timestamp"": ""2026-10-13T10:30:14.328Z"",
  ""tenancy"": ""c0ffee12a1b24d6e9f0a1234567890ab""
}",2026-09-27 02:16:30.968
"{
  ""doc_id"": ""018c7365-ff91-0b2b-514b-e2a4a223612a"",
  ""system"": ""teiren_cloud"",
  ""t_event_id"": ""ACCOUNT-S505"",
  ""t_user_id"": ""cf8ee8443091707b132a3d3be976b80f68a97126916762537a335e5a0bd02a4b"",
  ""tag_name"": ""teiren_audit"",
  ""tc_act"": ""IAM_LOGIN_SUCCESS"",
  ""tc_deviceProduct"": ""TEIREN_AUDIT"",
  ""tc_deviceVendor"": ""TEIREN"",
  ""tc_msg"": ""IAM 계정 로그인 성공"",
  ""tc_request"": ""/api/account/login_sub_account"",
  ""tc_requestClientApplication"": ""Mozilla/5.0 (Macintosh; Intel Mac OS X 10_15_7) AppleWebKit/537.36 (KHTML, like Gecko) Chrome/152.0.0.0 Safari/537.36"",
  ""tc_src"": ""10.20.10.22"",
  ""tc_suser"": ""ops02@lab.internal"",
  ""teiren_timestamp"": ""2026-10-14T01:06:52.888Z"",
  ""tenancy"": ""c0ffee12a1b24d6e9f0a1234567890ab""
}",2026-09-27 02:16:30.968
"{
  ""doc_id"": ""01fef6e2-2de4-8c3d-5724-6d8fbc86a961"",
  ""system"": ""teiren_cloud"",
  ""t_event_id"": ""ACCOUNT-S801"",
  ""t_user_id"": ""cf8ee8443091707b132a3d3be976b80f68a97126916762537a335e5a0bd02a4b"",
  ""tag_name"": ""teiren_audit"",
  ""tc_act"": ""SESSION_REFRESH"",
  ""tc_deviceProduct"": ""TEIREN_AUDIT"",
  ""tc_deviceVendor"": ""TEIREN"",
  ""tc_msg"": ""세션 재발급 성공"",
  ""tc_request"": ""/api/account/refresh"",
  ""tc_requestClientApplication"": ""Mozilla/5.0 (Macintosh; Intel Mac OS X 10_15_7) AppleWebKit/537.36 (KHTML, like Gecko) Chrome/152.0.0.0 Safari/537.36"",
  ""tc_src"": ""10.20.10.22"",
  ""tc_suser"": ""ops02@lab.internal"",
  ""teiren_timestamp"": ""2026-10-14T01:07:30.888Z"",
  ""tenancy"": ""c0ffee12a1b24d6e9f0a1234567890ab""
}",2026-09-27 02:16:30.968
"{
  ""doc_id"": ""016f5346-28d5-4f04-91ea-c506f30ba986"",
  ""system"": ""teiren_cloud"",
  ""t_event_id"": ""RESOURCE-S302"",
  ""t_user_id"": ""cf8ee8443091707b132a3d3be976b80f68a97126916762537a335e5a0bd02a4b"",
  ""tag_name"": ""teiren_audit"",
  ""tc_act"": ""INTEGRATION_STATUS_UPDATE"",
  ""tc_deviceProduct"": ""TEIREN_AUDIT"",
  ""tc_deviceVendor"": ""TEIREN"",
  ""tc_msg"": ""연동 상태 수정 성공"",
  ""tc_request"": ""/api/resource/collect"",
  ""tc_requestClientApplication"": ""Mozilla/5.0 (Macintosh; Intel Mac OS X 10_15_7) AppleWebKit/537.36 (KHTML, like Gecko) Chrome/152.0.0.0 Safari/537.36"",
  ""tc_src"": ""10.20.10.22"",
  ""tc_suser"": ""ops02@lab.internal"",
  ""teiren_timestamp"": ""2026-10-14T01:08:20.888Z"",
  ""tenancy"": ""c0ffee12a1b24d6e9f0a1234567890ab""
}",2026-09-27 02:16:30.968
"{
  ""doc_id"": ""01cb2836-6ec8-6cc0-fc38-3286a621c847"",
  ""system"": ""teiren_cloud"",
  ""t_event_id"": ""ACCOUNT-S505"",
  ""t_user_id"": ""fe29336cd66e0e20c63728e9d736af8b3edf0f2d0a41f4cf932709c11c50d4a4"",
  ""tag_name"": ""teiren_audit"",
  ""tc_act"": ""IAM_LOGIN_SUCCESS"",
  ""tc_deviceProduct"": ""TEIREN_AUDIT"",
  ""tc_deviceVendor"": ""TEIREN"",
  ""tc_msg"": ""IAM 계정 로그인 성공"",
  ""tc_request"": ""/api/account/login_sub_account"",
  ""tc_requestClientApplication"": ""Mozilla/5.0 (Macintosh; Intel Mac OS X 10_15_7) AppleWebKit/537.36 (KHTML, like Gecko) Chrome/152.0.0.0 Safari/537.36"",
  ""tc_src"": ""10.20.10.11"",
  ""tc_suser"": ""dev01@lab.internal"",
  ""teiren_timestamp"": ""2026-10-14T01:14:55.118Z"",
  ""tenancy"": ""c0ffee12a1b24d6e9f0a1234567890ab""
}",2026-09-27 02:16:30.968
"{
  ""doc_id"": ""01cc065e-da94-dd49-a28a-8ff366a3dce0"",
  ""system"": ""teiren_cloud"",
  ""t_event_id"": ""ACCOUNT-S801"",
  ""t_user_id"": ""fe29336cd66e0e20c63728e9d736af8b3edf0f2d0a41f4cf932709c11c50d4a4"",
  ""tag_name"": ""teiren_audit"",
  ""tc_act"": ""SESSION_REFRESH"",
  ""tc_deviceProduct"": ""TEIREN_AUDIT"",
  ""tc_deviceVendor"": ""TEIREN"",
  ""tc_msg"": ""세션 재발급 성공"",
  ""tc_request"": ""/api/account/refresh"",
  ""tc_requestClientApplication"": ""Mozilla/5.0 (Macintosh; Intel Mac OS X 10_15_7) AppleWebKit/537.36 (KHTML, like Gecko) Chrome/152.0.0.0 Safari/537.36"",
  ""tc_src"": ""10.20.10.11"",
  ""tc_suser"": ""dev01@lab.internal"",
  ""teiren_timestamp"": ""2026-10-14T01:15:33.118Z"",
  ""tenancy"": ""c0ffee12a1b24d6e9f0a1234567890ab""
}",2026-09-27 02:16:30.968
"{
  ""doc_id"": ""010a6f89-32bd-6ba0-783f-81ec26416029"",
  ""system"": ""teiren_cloud"",
  ""t_event_id"": ""DASHBOARD-S301"",
  ""t_user_id"": ""fe29336cd66e0e20c63728e9d736af8b3edf0f2d0a41f4cf932709c11c50d4a4"",
  ""tag_name"": ""teiren_audit"",
  ""tc_act"": ""DASHBOARD_LAYOUT_VIEW_UPDATE"",
  ""tc_deviceProduct"": ""TEIREN_AUDIT"",
  ""tc_deviceVendor"": ""TEIREN"",
  ""tc_msg"": ""대시보드 레이아웃 수정 성공"",
  ""tc_request"": ""/api/dashboard_info/layout"",
  ""tc_requestClientApplication"": ""Mozilla/5.0 (Macintosh; Intel Mac OS X 10_15_7) AppleWebKit/537.36 (KHTML, like Gecko) Chrome/152.0.0.0 Safari/537.36"",
  ""tc_src"": ""10.20.10.11"",
  ""tc_suser"": ""dev01@lab.internal"",
  ""teiren_timestamp"": ""2026-10-14T01:16:23.118Z"",
  ""tenancy"": ""c0ffee12a1b24d6e9f0a1234567890ab""
}",2026-09-27 02:16:30.968
"{
  ""doc_id"": ""01596440-a3b0-721f-ecf2-0fa65fa58198"",
  ""system"": ""teiren_cloud"",
  ""t_event_id"": ""ACCOUNT-S505"",
  ""t_user_id"": ""317f64abaa2282480082cb73a793fe857ccb3c4b3e1f0e5df2afb748e05ae9dd"",
  ""tag_name"": ""teiren_audit"",
  ""tc_act"": ""IAM_LOGIN_SUCCESS"",
  ""tc_deviceProduct"": ""TEIREN_AUDIT"",
  ""tc_deviceVendor"": ""TEIREN"",
  ""tc_msg"": ""IAM 계정 로그인 성공"",
  ""tc_request"": ""/api/account/login_sub_account"",
  ""tc_requestClientApplication"": ""Mozilla/5.0 (Macintosh; Intel Mac OS X 10_15_7) AppleWebKit/537.36 (KHTML, like Gecko) Chrome/152.0.0.0 Safari/537.36"",
  ""tc_src"": ""10.20.10.21"",
  ""tc_suser"": ""ops01@lab.internal"",
  ""teiren_timestamp"": ""2026-10-14T02:02:52.628Z"",
  ""tenancy"": ""c0ffee12a1b24d6e9f0a1234567890ab""
}",2026-09-27 02:16:30.968
"{
  ""doc_id"": ""01ed6b9a-308c-b9ff-32a9-a29864fcb075"",
  ""system"": ""teiren_cloud"",
  ""t_event_id"": ""ACCOUNT-S801"",
  ""t_user_id"": ""317f64abaa2282480082cb73a793fe857ccb3c4b3e1f0e5df2afb748e05ae9dd"",
  ""tag_name"": ""teiren_audit"",
  ""tc_act"": ""SESSION_REFRESH"",
  ""tc_deviceProduct"": ""TEIREN_AUDIT"",
  ""tc_deviceVendor"": ""TEIREN"",
  ""tc_msg"": ""세션 재발급 성공"",
  ""tc_request"": ""/api/account/refresh"",
  ""tc_requestClientApplication"": ""Mozilla/5.0 (Macintosh; Intel Mac OS X 10_15_7) AppleWebKit/537.36 (KHTML, like Gecko) Chrome/152.0.0.0 Safari/537.36"",
  ""tc_src"": ""10.20.10.21"",
  ""tc_suser"": ""ops01@lab.internal"",
  ""teiren_timestamp"": ""2026-10-14T02:03:30.628Z"",
  ""tenancy"": ""c0ffee12a1b24d6e9f0a1234567890ab""
}",2026-09-27 02:16:30.968
"{
  ""doc_id"": ""01b5a698-4653-aae2-8263-9ef04efc6be9"",
  ""system"": ""teiren_cloud"",
  ""t_event_id"": ""RESOURCE-S302"",
  ""t_user_id"": ""317f64abaa2282480082cb73a793fe857ccb3c4b3e1f0e5df2afb748e05ae9dd"",
  ""tag_name"": ""teiren_audit"",
  ""tc_act"": ""INTEGRATION_STATUS_UPDATE"",
  ""tc_deviceProduct"": ""TEIREN_AUDIT"",
  ""tc_deviceVendor"": ""TEIREN"",
  ""tc_msg"": ""연동 상태 수정 성공"",
  ""tc_request"": ""/api/resource/collect"",
  ""tc_requestClientApplication"": ""Mozilla/5.0 (Macintosh; Intel Mac OS X 10_15_7) AppleWebKit/537.36 (KHTML, like Gecko) Chrome/152.0.0.0 Safari/537.36"",
  ""tc_src"": ""10.20.10.21"",
  ""tc_suser"": ""ops01@lab.internal"",
  ""teiren_timestamp"": ""2026-10-14T02:04:20.628Z"",
  ""tenancy"": ""c0ffee12a1b24d6e9f0a1234567890ab""
}",2026-09-27 02:16:30.968
"{
  ""doc_id"": ""0116aac6-407d-bca1-dc8c-4025288b7103"",
  ""system"": ""teiren_cloud"",
  ""t_event_id"": ""ACCOUNT-S505"",
  ""t_user_id"": ""fe29336cd66e0e20c63728e9d736af8b3edf0f2d0a41f4cf932709c11c50d4a4"",
  ""tag_name"": ""teiren_audit"",
  ""tc_act"": ""IAM_LOGIN_SUCCESS"",
  ""tc_deviceProduct"": ""TEIREN_AUDIT"",
  ""tc_deviceVendor"": ""TEIREN"",
  ""tc_msg"": ""IAM 계정 로그인 성공"",
  ""tc_request"": ""/api/account/login_sub_account"",
  ""tc_requestClientApplication"": ""Mozilla/5.0 (Macintosh; Intel Mac OS X 10_15_7) AppleWebKit/537.36 (KHTML, like Gecko) Chrome/152.0.0.0 Safari/537.36"",
  ""tc_src"": ""10.20.10.11"",
  ""tc_suser"": ""dev01@lab.internal"",
  ""teiren_timestamp"": ""2026-10-14T02:11:07.639Z"",
  ""tenancy"": ""c0ffee12a1b24d6e9f0a1234567890ab""
}",2026-09-27 02:16:30.968
"{
  ""doc_id"": ""01f026ff-1437-48d0-8f27-54b82096f749"",
  ""system"": ""teiren_cloud"",
  ""t_event_id"": ""ACCOUNT-S801"",
  ""t_user_id"": ""fe29336cd66e0e20c63728e9d736af8b3edf0f2d0a41f4cf932709c11c50d4a4"",
  ""tag_name"": ""teiren_audit"",
  ""tc_act"": ""SESSION_REFRESH"",
  ""tc_deviceProduct"": ""TEIREN_AUDIT"",
  ""tc_deviceVendor"": ""TEIREN"",
  ""tc_msg"": ""세션 재발급 성공"",
  ""tc_request"": ""/api/account/refresh"",
  ""tc_requestClientApplication"": ""Mozilla/5.0 (Macintosh; Intel Mac OS X 10_15_7) AppleWebKit/537.36 (KHTML, like Gecko) Chrome/152.0.0.0 Safari/537.36"",
  ""tc_src"": ""10.20.10.11"",
  ""tc_suser"": ""dev01@lab.internal"",
  ""teiren_timestamp"": ""2026-10-14T02:11:45.639Z"",
  ""tenancy"": ""c0ffee12a1b24d6e9f0a1234567890ab""
}",2026-09-27 02:16:30.968
"{
  ""doc_id"": ""011b0e19-a182-e709-035f-24264887d0c0"",
  ""system"": ""teiren_cloud"",
  ""t_event_id"": ""DASHBOARD-S301"",
  ""t_user_id"": ""fe29336cd66e0e20c63728e9d736af8b3edf0f2d0a41f4cf932709c11c50d4a4"",
  ""tag_name"": ""teiren_audit"",
  ""tc_act"": ""DASHBOARD_LAYOUT_VIEW_UPDATE"",
  ""tc_deviceProduct"": ""TEIREN_AUDIT"",
  ""tc_deviceVendor"": ""TEIREN"",
  ""tc_msg"": ""대시보드 레이아웃 수정 성공"",
  ""tc_request"": ""/api/dashboard_info/layout"",
  ""tc_requestClientApplication"": ""Mozilla/5.0 (Macintosh; Intel Mac OS X 10_15_7) AppleWebKit/537.36 (KHTML, like Gecko) Chrome/152.0.0.0 Safari/537.36"",
  ""tc_src"": ""10.20.10.11"",
  ""tc_suser"": ""dev01@lab.internal"",
  ""teiren_timestamp"": ""2026-10-14T02:12:35.639Z"",
  ""tenancy"": ""c0ffee12a1b24d6e9f0a1234567890ab""
}",2026-09-27 02:16:30.968
"{
  ""doc_id"": ""01705e9b-0105-bdcc-eae5-9632efa890b0"",
  ""system"": ""teiren_cloud"",
  ""t_event_id"": ""ACCOUNT-S505"",
  ""t_user_id"": ""317f64abaa2282480082cb73a793fe857ccb3c4b3e1f0e5df2afb748e05ae9dd"",
  ""tag_name"": ""teiren_audit"",
  ""tc_act"": ""IAM_LOGIN_SUCCESS"",
  ""tc_deviceProduct"": ""TEIREN_AUDIT"",
  ""tc_deviceVendor"": ""TEIREN"",
  ""tc_msg"": ""IAM 계정 로그인 성공"",
  ""tc_request"": ""/api/account/login_sub_account"",
  ""tc_requestClientApplication"": ""Mozilla/5.0 (Macintosh; Intel Mac OS X 10_15_7) AppleWebKit/537.36 (KHTML, like Gecko) Chrome/152.0.0.0 Safari/537.36"",
  ""tc_src"": ""10.20.10.21"",
  ""tc_suser"": ""ops01@lab.internal"",
  ""teiren_timestamp"": ""2026-10-14T04:06:11.446Z"",
  ""tenancy"": ""c0ffee12a1b24d6e9f0a1234567890ab""
}",2026-09-27 02:16:30.968
"{
  ""doc_id"": ""0142b1a5-1139-6d81-9a35-2a4a3b0de7a7"",
  ""system"": ""teiren_cloud"",
  ""t_event_id"": ""ACCOUNT-S801"",
  ""t_user_id"": ""317f64abaa2282480082cb73a793fe857ccb3c4b3e1f0e5df2afb748e05ae9dd"",
  ""tag_name"": ""teiren_audit"",
  ""tc_act"": ""SESSION_REFRESH"",
  ""tc_deviceProduct"": ""TEIREN_AUDIT"",
  ""tc_deviceVendor"": ""TEIREN"",
  ""tc_msg"": ""세션 재발급 성공"",
  ""tc_request"": ""/api/account/refresh"",
  ""tc_requestClientApplication"": ""Mozilla/5.0 (Macintosh; Intel Mac OS X 10_15_7) AppleWebKit/537.36 (KHTML, like Gecko) Chrome/152.0.0.0 Safari/537.36"",
  ""tc_src"": ""10.20.10.21"",
  ""tc_suser"": ""ops01@lab.internal"",
  ""teiren_timestamp"": ""2026-10-14T04:06:49.446Z"",
  ""tenancy"": ""c0ffee12a1b24d6e9f0a1234567890ab""
}",2026-09-27 02:16:30.968
"{
  ""doc_id"": ""01d79b19-cb7c-2aa4-8645-4087c49d5dda"",
  ""system"": ""teiren_cloud"",
  ""t_event_id"": ""RESOURCE-S302"",
  ""t_user_id"": ""317f64abaa2282480082cb73a793fe857ccb3c4b3e1f0e5df2afb748e05ae9dd"",
  ""tag_name"": ""teiren_audit"",
  ""tc_act"": ""INTEGRATION_STATUS_UPDATE"",
  ""tc_deviceProduct"": ""TEIREN_AUDIT"",
  ""tc_deviceVendor"": ""TEIREN"",
  ""tc_msg"": ""연동 상태 수정 성공"",
  ""tc_request"": ""/api/resource/collect"",
  ""tc_requestClientApplication"": ""Mozilla/5.0 (Macintosh; Intel Mac OS X 10_15_7) AppleWebKit/537.36 (KHTML, like Gecko) Chrome/152.0.0.0 Safari/537.36"",
  ""tc_src"": ""10.20.10.21"",
  ""tc_suser"": ""ops01@lab.internal"",
  ""teiren_timestamp"": ""2026-10-14T04:07:39.446Z"",
  ""tenancy"": ""c0ffee12a1b24d6e9f0a1234567890ab""
}",2026-09-27 02:16:30.968
"{
  ""doc_id"": ""01867224-4c68-e0e3-2842-c834e55f0705"",
  ""system"": ""teiren_cloud"",
  ""t_event_id"": ""ACCOUNT-S505"",
  ""t_user_id"": ""317f64abaa2282480082cb73a793fe857ccb3c4b3e1f0e5df2afb748e05ae9dd"",
  ""tag_name"": ""teiren_audit"",
  ""tc_act"": ""IAM_LOGIN_SUCCESS"",
  ""tc_deviceProduct"": ""TEIREN_AUDIT"",
  ""tc_deviceVendor"": ""TEIREN"",
  ""tc_msg"": ""IAM 계정 로그인 성공"",
  ""tc_request"": ""/api/account/login_sub_account"",
  ""tc_requestClientApplication"": ""Mozilla/5.0 (Macintosh; Intel Mac OS X 10_15_7) AppleWebKit/537.36 (KHTML, like Gecko) Chrome/152.0.0.0 Safari/537.36"",
  ""tc_src"": ""10.20.10.21"",
  ""tc_suser"": ""ops01@lab.internal"",
  ""teiren_timestamp"": ""2026-10-14T05:09:51.111Z"",
  ""tenancy"": ""c0ffee12a1b24d6e9f0a1234567890ab""
}",2026-09-27 02:16:30.968
"{
  ""doc_id"": ""010af36c-c4c4-f7f0-6eeb-0f1543d2b804"",
  ""system"": ""teiren_cloud"",
  ""t_event_id"": ""ACCOUNT-S801"",
  ""t_user_id"": ""317f64abaa2282480082cb73a793fe857ccb3c4b3e1f0e5df2afb748e05ae9dd"",
  ""tag_name"": ""teiren_audit"",
  ""tc_act"": ""SESSION_REFRESH"",
  ""tc_deviceProduct"": ""TEIREN_AUDIT"",
  ""tc_deviceVendor"": ""TEIREN"",
  ""tc_msg"": ""세션 재발급 성공"",
  ""tc_request"": ""/api/account/refresh"",
  ""tc_requestClientApplication"": ""Mozilla/5.0 (Macintosh; Intel Mac OS X 10_15_7) AppleWebKit/537.36 (KHTML, like Gecko) Chrome/152.0.0.0 Safari/537.36"",
  ""tc_src"": ""10.20.10.21"",
  ""tc_suser"": ""ops01@lab.internal"",
  ""teiren_timestamp"": ""2026-10-14T05:10:29.111Z"",
  ""tenancy"": ""c0ffee12a1b24d6e9f0a1234567890ab""
}",2026-09-27 02:16:30.968
"{
  ""doc_id"": ""0110a2f0-f806-9a57-7a6e-6a3137235342"",
  ""system"": ""teiren_cloud"",
  ""t_event_id"": ""RESOURCE-S302"",
  ""t_user_id"": ""317f64abaa2282480082cb73a793fe857ccb3c4b3e1f0e5df2afb748e05ae9dd"",
  ""tag_name"": ""teiren_audit"",
  ""tc_act"": ""INTEGRATION_STATUS_UPDATE"",
  ""tc_deviceProduct"": ""TEIREN_AUDIT"",
  ""tc_deviceVendor"": ""TEIREN"",
  ""tc_msg"": ""연동 상태 수정 성공"",
  ""tc_request"": ""/api/resource/collect"",
  ""tc_requestClientApplication"": ""Mozilla/5.0 (Macintosh; Intel Mac OS X 10_15_7) AppleWebKit/537.36 (KHTML, like Gecko) Chrome/152.0.0.0 Safari/537.36"",
  ""tc_src"": ""10.20.10.21"",
  ""tc_suser"": ""ops01@lab.internal"",
  ""teiren_timestamp"": ""2026-10-14T05:11:19.111Z"",
  ""tenancy"": ""c0ffee12a1b24d6e9f0a1234567890ab""
}",2026-09-27 02:16:30.968
"{
  ""doc_id"": ""015124ee-7e6f-409e-3690-9f55d53a34bc"",
  ""system"": ""teiren_cloud"",
  ""t_event_id"": ""ACCOUNT-S505"",
  ""t_user_id"": ""e4afab0fb14e16dc0d365415df887786ddc2a78cfa31e91ecd965540042f03ad"",
  ""tag_name"": ""teiren_audit"",
  ""tc_act"": ""IAM_LOGIN_SUCCESS"",
  ""tc_deviceProduct"": ""TEIREN_AUDIT"",
  ""tc_deviceVendor"": ""TEIREN"",
  ""tc_msg"": ""IAM 계정 로그인 성공"",
  ""tc_request"": ""/api/account/login_sub_account"",
  ""tc_requestClientApplication"": ""Mozilla/5.0 (Macintosh; Intel Mac OS X 10_15_7) AppleWebKit/537.36 (KHTML, like Gecko) Chrome/152.0.0.0 Safari/537.36"",
  ""tc_src"": ""10.20.10.61"",
  ""tc_suser"": ""intern01@lab.internal"",
  ""teiren_timestamp"": ""2026-10-14T06:35:58.475Z"",
  ""tenancy"": ""c0ffee12a1b24d6e9f0a1234567890ab""
}",2026-09-27 02:16:30.968
"{
  ""doc_id"": ""01348ede-0f7b-21a0-9144-ad9ea6d9bd2b"",
  ""system"": ""teiren_cloud"",
  ""t_event_id"": ""ACCOUNT-S801"",
  ""t_user_id"": ""e4afab0fb14e16dc0d365415df887786ddc2a78cfa31e91ecd965540042f03ad"",
  ""tag_name"": ""teiren_audit"",
  ""tc_act"": ""SESSION_REFRESH"",
  ""tc_deviceProduct"": ""TEIREN_AUDIT"",
  ""tc_deviceVendor"": ""TEIREN"",
  ""tc_msg"": ""세션 재발급 성공"",
  ""tc_request"": ""/api/account/refresh"",
  ""tc_requestClientApplication"": ""Mozilla/5.0 (Macintosh; Intel Mac OS X 10_15_7) AppleWebKit/537.36 (KHTML, like Gecko) Chrome/152.0.0.0 Safari/537.36"",
  ""tc_src"": ""10.20.10.61"",
  ""tc_suser"": ""intern01@lab.internal"",
  ""teiren_timestamp"": ""2026-10-14T06:36:36.475Z"",
  ""tenancy"": ""c0ffee12a1b24d6e9f0a1234567890ab""
}",2026-09-27 02:16:30.968
"{
  ""doc_id"": ""012958bf-33d1-04ed-054a-0ad21420f82a"",
  ""system"": ""teiren_cloud"",
  ""t_event_id"": ""LOG-S301"",
  ""t_user_id"": ""e4afab0fb14e16dc0d365415df887786ddc2a78cfa31e91ecd965540042f03ad"",
  ""tag_name"": ""teiren_audit"",
  ""tc_act"": ""LOG_COLUMN_VIEW_UPDATE"",
  ""tc_deviceProduct"": ""TEIREN_AUDIT"",
  ""tc_deviceVendor"": ""TEIREN"",
  ""tc_msg"": ""로그 컬럼 보기 수정 성공"",
  ""tc_request"": ""/api/logs/column"",
  ""tc_requestClientApplication"": ""Mozilla/5.0 (Macintosh; Intel Mac OS X 10_15_7) AppleWebKit/537.36 (KHTML, like Gecko) Chrome/152.0.0.0 Safari/537.36"",
  ""tc_src"": ""10.20.10.61"",
  ""tc_suser"": ""intern01@lab.internal"",
  ""teiren_timestamp"": ""2026-10-14T06:37:26.475Z"",
  ""tenancy"": ""c0ffee12a1b24d6e9f0a1234567890ab""
}",2026-09-27 02:16:30.968
"{
  ""doc_id"": ""019d0dd1-e15e-42ea-03b8-b3df77f384b8"",
  ""system"": ""teiren_cloud"",
  ""t_event_id"": ""ACCOUNT-S505"",
  ""t_user_id"": ""fb850da41982d343a8e8587be9997a2a3b7997720fd50bd9bb01e5ff8930cc79"",
  ""tag_name"": ""teiren_audit"",
  ""tc_act"": ""IAM_LOGIN_SUCCESS"",
  ""tc_deviceProduct"": ""TEIREN_AUDIT"",
  ""tc_deviceVendor"": ""TEIREN"",
  ""tc_msg"": ""IAM 계정 로그인 성공"",
  ""tc_request"": ""/api/account/login_sub_account"",
  ""tc_requestClientApplication"": ""Mozilla/5.0 (Macintosh; Intel Mac OS X 10_15_7) AppleWebKit/537.36 (KHTML, like Gecko) Chrome/152.0.0.0 Safari/537.36"",
  ""tc_src"": ""10.20.10.81"",
  ""tc_suser"": ""web01@lab.internal"",
  ""teiren_timestamp"": ""2026-10-14T06:50:50.690Z"",
  ""tenancy"": ""c0ffee12a1b24d6e9f0a1234567890ab""
}",2026-09-27 02:16:30.968
"{
  ""doc_id"": ""01b507e3-7bff-089b-1976-55478ad3e419"",
  ""system"": ""teiren_cloud"",
  ""t_event_id"": ""ACCOUNT-S801"",
  ""t_user_id"": ""fb850da41982d343a8e8587be9997a2a3b7997720fd50bd9bb01e5ff8930cc79"",
  ""tag_name"": ""teiren_audit"",
  ""tc_act"": ""SESSION_REFRESH"",
  ""tc_deviceProduct"": ""TEIREN_AUDIT"",
  ""tc_deviceVendor"": ""TEIREN"",
  ""tc_msg"": ""세션 재발급 성공"",
  ""tc_request"": ""/api/account/refresh"",
  ""tc_requestClientApplication"": ""Mozilla/5.0 (Macintosh; Intel Mac OS X 10_15_7) AppleWebKit/537.36 (KHTML, like Gecko) Chrome/152.0.0.0 Safari/537.36"",
  ""tc_src"": ""10.20.10.81"",
  ""tc_suser"": ""web01@lab.internal"",
  ""teiren_timestamp"": ""2026-10-14T06:51:28.690Z"",
  ""tenancy"": ""c0ffee12a1b24d6e9f0a1234567890ab""
}",2026-09-27 02:16:30.968
"{
  ""doc_id"": ""013c01ba-be97-4976-f2c3-ef2e22d011fa"",
  ""system"": ""teiren_cloud"",
  ""t_event_id"": ""DASHBOARD-S301"",
  ""t_user_id"": ""fb850da41982d343a8e8587be9997a2a3b7997720fd50bd9bb01e5ff8930cc79"",
  ""tag_name"": ""teiren_audit"",
  ""tc_act"": ""DASHBOARD_LAYOUT_VIEW_UPDATE"",
  ""tc_deviceProduct"": ""TEIREN_AUDIT"",
  ""tc_deviceVendor"": ""TEIREN"",
  ""tc_msg"": ""대시보드 레이아웃 수정 성공"",
  ""tc_request"": ""/api/dashboard_info/layout"",
  ""tc_requestClientApplication"": ""Mozilla/5.0 (Macintosh; Intel Mac OS X 10_15_7) AppleWebKit/537.36 (KHTML, like Gecko) Chrome/152.0.0.0 Safari/537.36"",
  ""tc_src"": ""10.20.10.81"",
  ""tc_suser"": ""web01@lab.internal"",
  ""teiren_timestamp"": ""2026-10-14T06:52:18.690Z"",
  ""tenancy"": ""c0ffee12a1b24d6e9f0a1234567890ab""
}",2026-09-27 02:16:30.968
"{
  ""doc_id"": ""01d7a48a-f94f-d510-b3ab-fb350551634e"",
  ""system"": ""teiren_cloud"",
  ""t_event_id"": ""ACCOUNT-S505"",
  ""t_user_id"": ""98fdf34aeba0149327f7715ae84d8f2c464efdcafdf00d4dccc8fbaed8748ee1"",
  ""tag_name"": ""teiren_audit"",
  ""tc_act"": ""IAM_LOGIN_SUCCESS"",
  ""tc_deviceProduct"": ""TEIREN_AUDIT"",
  ""tc_deviceVendor"": ""TEIREN"",
  ""tc_msg"": ""IAM 계정 로그인 성공"",
  ""tc_request"": ""/api/account/login_sub_account"",
  ""tc_requestClientApplication"": ""Mozilla/5.0 (Macintosh; Intel Mac OS X 10_15_7) AppleWebKit/537.36 (KHTML, like Gecko) Chrome/152.0.0.0 Safari/537.36"",
  ""tc_src"": ""10.20.10.51"",
  ""tc_suser"": ""analyst01@lab.internal"",
  ""teiren_timestamp"": ""2026-10-14T07:44:03.798Z"",
  ""tenancy"": ""c0ffee12a1b24d6e9f0a1234567890ab""
}",2026-09-27 02:16:30.968
"{
  ""doc_id"": ""018068e7-248b-3cdc-07b0-1b6cff1ffc59"",
  ""system"": ""teiren_cloud"",
  ""t_event_id"": ""ACCOUNT-S801"",
  ""t_user_id"": ""98fdf34aeba0149327f7715ae84d8f2c464efdcafdf00d4dccc8fbaed8748ee1"",
  ""tag_name"": ""teiren_audit"",
  ""tc_act"": ""SESSION_REFRESH"",
  ""tc_deviceProduct"": ""TEIREN_AUDIT"",
  ""tc_deviceVendor"": ""TEIREN"",
  ""tc_msg"": ""세션 재발급 성공"",
  ""tc_request"": ""/api/account/refresh"",
  ""tc_requestClientApplication"": ""Mozilla/5.0 (Macintosh; Intel Mac OS X 10_15_7) AppleWebKit/537.36 (KHTML, like Gecko) Chrome/152.0.0.0 Safari/537.36"",
  ""tc_src"": ""10.20.10.51"",
  ""tc_suser"": ""analyst01@lab.internal"",
  ""teiren_timestamp"": ""2026-10-14T07:44:41.798Z"",
  ""tenancy"": ""c0ffee12a1b24d6e9f0a1234567890ab""
}",2026-09-27 02:16:30.968
"{
  ""doc_id"": ""0190367e-5849-c8c4-4611-33777d9cc3cb"",
  ""system"": ""teiren_cloud"",
  ""t_event_id"": ""LOG-S301"",
  ""t_user_id"": ""98fdf34aeba0149327f7715ae84d8f2c464efdcafdf00d4dccc8fbaed8748ee1"",
  ""tag_name"": ""teiren_audit"",
  ""tc_act"": ""LOG_COLUMN_VIEW_UPDATE"",
  ""tc_deviceProduct"": ""TEIREN_AUDIT"",
  ""tc_deviceVendor"": ""TEIREN"",
  ""tc_msg"": ""로그 컬럼 보기 수정 성공"",
  ""tc_request"": ""/api/logs/column"",
  ""tc_requestClientApplication"": ""Mozilla/5.0 (Macintosh; Intel Mac OS X 10_15_7) AppleWebKit/537.36 (KHTML, like Gecko) Chrome/152.0.0.0 Safari/537.36"",
  ""tc_src"": ""10.20.10.51"",
  ""tc_suser"": ""analyst01@lab.internal"",
  ""teiren_timestamp"": ""2026-10-14T07:45:31.798Z"",
  ""tenancy"": ""c0ffee12a1b24d6e9f0a1234567890ab""
}",2026-09-27 02:16:30.968
"{
  ""doc_id"": ""01dbfad1-a228-64f8-d5a2-172a146f69d9"",
  ""system"": ""teiren_cloud"",
  ""t_event_id"": ""ACCOUNT-S501"",
  ""t_user_id"": ""3fddc8f2cea3f9ec4c966cc6b114d23338e20b90ef0b0c2e2373049ff18193d9"",
  ""tag_name"": ""teiren_audit"",
  ""tc_act"": ""ROOT_LOGIN_NO_MFA"",
  ""tc_deviceProduct"": ""TEIREN_AUDIT"",
  ""tc_deviceVendor"": ""TEIREN"",
  ""tc_msg"": ""Root 계정 로그인 성공"",
  ""tc_request"": ""/api/account/login_root"",
  ""tc_requestClientApplication"": ""Mozilla/5.0 (Macintosh; Intel Mac OS X 10_15_7) AppleWebKit/537.36 (KHTML, like Gecko) Chrome/152.0.0.0 Safari/537.36"",
  ""tc_src"": ""10.20.10.71"",
  ""tc_suser"": ""admin01@lab.internal"",
  ""teiren_timestamp"": ""2026-10-14T08:16:48.140Z"",
  ""tenancy"": ""c0ffee12a1b24d6e9f0a1234567890ab""
}",2026-09-27 02:16:30.968
"{
  ""doc_id"": ""01d0cdc0-2b6f-d4b5-614e-c631b4f4dbb9"",
  ""system"": ""teiren_cloud"",
  ""t_event_id"": ""ACCOUNT-S801"",
  ""t_user_id"": ""3fddc8f2cea3f9ec4c966cc6b114d23338e20b90ef0b0c2e2373049ff18193d9"",
  ""tag_name"": ""teiren_audit"",
  ""tc_act"": ""SESSION_REFRESH"",
  ""tc_deviceProduct"": ""TEIREN_AUDIT"",
  ""tc_deviceVendor"": ""TEIREN"",
  ""tc_msg"": ""세션 재발급 성공"",
  ""tc_request"": ""/api/account/refresh"",
  ""tc_requestClientApplication"": ""Mozilla/5.0 (Macintosh; Intel Mac OS X 10_15_7) AppleWebKit/537.36 (KHTML, like Gecko) Chrome/152.0.0.0 Safari/537.36"",
  ""tc_src"": ""10.20.10.71"",
  ""tc_suser"": ""admin01@lab.internal"",
  ""teiren_timestamp"": ""2026-10-14T08:17:26.140Z"",
  ""tenancy"": ""c0ffee12a1b24d6e9f0a1234567890ab""
}",2026-09-27 02:16:30.968
"{
  ""doc_id"": ""01715fd6-a31d-4c97-7910-0b92d1a37dda"",
  ""system"": ""teiren_cloud"",
  ""t_event_id"": ""DASHBOARD-S301"",
  ""t_user_id"": ""3fddc8f2cea3f9ec4c966cc6b114d23338e20b90ef0b0c2e2373049ff18193d9"",
  ""tag_name"": ""teiren_audit"",
  ""tc_act"": ""DASHBOARD_LAYOUT_VIEW_UPDATE"",
  ""tc_deviceProduct"": ""TEIREN_AUDIT"",
  ""tc_deviceVendor"": ""TEIREN"",
  ""tc_msg"": ""대시보드 레이아웃 수정 성공"",
  ""tc_request"": ""/api/dashboard_info/layout"",
  ""tc_requestClientApplication"": ""Mozilla/5.0 (Macintosh; Intel Mac OS X 10_15_7) AppleWebKit/537.36 (KHTML, like Gecko) Chrome/152.0.0.0 Safari/537.36"",
  ""tc_src"": ""10.20.10.71"",
  ""tc_suser"": ""admin01@lab.internal"",
  ""teiren_timestamp"": ""2026-10-14T08:18:16.140Z"",
  ""tenancy"": ""c0ffee12a1b24d6e9f0a1234567890ab""
}",2026-09-27 02:16:30.968
"{
  ""doc_id"": ""0177b322-6f24-6f69-15e6-cd2fd023db37"",
  ""system"": ""teiren_cloud"",
  ""t_event_id"": ""ACCOUNT-S505"",
  ""t_user_id"": ""56a0f04a707318bc9f9edb47119ad8f4d863143a8a26e0cf4f692d612eb9817a"",
  ""tag_name"": ""teiren_audit"",
  ""tc_act"": ""IAM_LOGIN_SUCCESS"",
  ""tc_deviceProduct"": ""TEIREN_AUDIT"",
  ""tc_deviceVendor"": ""TEIREN"",
  ""tc_msg"": ""IAM 계정 로그인 성공"",
  ""tc_request"": ""/api/account/login_sub_account"",
  ""tc_requestClientApplication"": ""Mozilla/5.0 (Macintosh; Intel Mac OS X 10_15_7) AppleWebKit/537.36 (KHTML, like Gecko) Chrome/152.0.0.0 Safari/537.36"",
  ""tc_src"": ""10.20.10.12"",
  ""tc_suser"": ""dev02@lab.internal"",
  ""teiren_timestamp"": ""2026-10-14T09:09:17.201Z"",
  ""tenancy"": ""c0ffee12a1b24d6e9f0a1234567890ab""
}",2026-09-27 02:16:30.968
"{
  ""doc_id"": ""01caab87-5e9f-bfeb-fe36-e2578d64e2a2"",
  ""system"": ""teiren_cloud"",
  ""t_event_id"": ""ACCOUNT-S801"",
  ""t_user_id"": ""56a0f04a707318bc9f9edb47119ad8f4d863143a8a26e0cf4f692d612eb9817a"",
  ""tag_name"": ""teiren_audit"",
  ""tc_act"": ""SESSION_REFRESH"",
  ""tc_deviceProduct"": ""TEIREN_AUDIT"",
  ""tc_deviceVendor"": ""TEIREN"",
  ""tc_msg"": ""세션 재발급 성공"",
  ""tc_request"": ""/api/account/refresh"",
  ""tc_requestClientApplication"": ""Mozilla/5.0 (Macintosh; Intel Mac OS X 10_15_7) AppleWebKit/537.36 (KHTML, like Gecko) Chrome/152.0.0.0 Safari/537.36"",
  ""tc_src"": ""10.20.10.12"",
  ""tc_suser"": ""dev02@lab.internal"",
  ""teiren_timestamp"": ""2026-10-14T09:09:55.201Z"",
  ""tenancy"": ""c0ffee12a1b24d6e9f0a1234567890ab""
}",2026-09-27 02:16:30.968
"{
  ""doc_id"": ""01801a08-f940-5c8b-7496-5f1a59d8b0f2"",
  ""system"": ""teiren_cloud"",
  ""t_event_id"": ""DASHBOARD-S301"",
  ""t_user_id"": ""56a0f04a707318bc9f9edb47119ad8f4d863143a8a26e0cf4f692d612eb9817a"",
  ""tag_name"": ""teiren_audit"",
  ""tc_act"": ""DASHBOARD_LAYOUT_VIEW_UPDATE"",
  ""tc_deviceProduct"": ""TEIREN_AUDIT"",
  ""tc_deviceVendor"": ""TEIREN"",
  ""tc_msg"": ""대시보드 레이아웃 수정 성공"",
  ""tc_request"": ""/api/dashboard_info/layout"",
  ""tc_requestClientApplication"": ""Mozilla/5.0 (Macintosh; Intel Mac OS X 10_15_7) AppleWebKit/537.36 (KHTML, like Gecko) Chrome/152.0.0.0 Safari/537.36"",
  ""tc_src"": ""10.20.10.12"",
  ""tc_suser"": ""dev02@lab.internal"",
  ""teiren_timestamp"": ""2026-10-14T09:10:45.201Z"",
  ""tenancy"": ""c0ffee12a1b24d6e9f0a1234567890ab""
}",2026-09-27 02:16:30.968
"{
  ""doc_id"": ""01b4aa0e-12a1-6f15-1f26-ad9415ee7f07"",
  ""system"": ""teiren_cloud"",
  ""t_event_id"": ""ACCOUNT-S505"",
  ""t_user_id"": ""fb850da41982d343a8e8587be9997a2a3b7997720fd50bd9bb01e5ff8930cc79"",
  ""tag_name"": ""teiren_audit"",
  ""tc_act"": ""IAM_LOGIN_SUCCESS"",
  ""tc_deviceProduct"": ""TEIREN_AUDIT"",
  ""tc_deviceVendor"": ""TEIREN"",
  ""tc_msg"": ""IAM 계정 로그인 성공"",
  ""tc_request"": ""/api/account/login_sub_account"",
  ""tc_requestClientApplication"": ""Mozilla/5.0 (Macintosh; Intel Mac OS X 10_15_7) AppleWebKit/537.36 (KHTML, like Gecko) Chrome/152.0.0.0 Safari/537.36"",
  ""tc_src"": ""10.20.10.81"",
  ""tc_suser"": ""web01@lab.internal"",
  ""teiren_timestamp"": ""2026-10-14T09:42:41.129Z"",
  ""tenancy"": ""c0ffee12a1b24d6e9f0a1234567890ab""
}",2026-09-27 02:16:30.968
"{
  ""doc_id"": ""01841243-f006-8c1e-48dc-88d6e4b59263"",
  ""system"": ""teiren_cloud"",
  ""t_event_id"": ""ACCOUNT-S801"",
  ""t_user_id"": ""fb850da41982d343a8e8587be9997a2a3b7997720fd50bd9bb01e5ff8930cc79"",
  ""tag_name"": ""teiren_audit"",
  ""tc_act"": ""SESSION_REFRESH"",
  ""tc_deviceProduct"": ""TEIREN_AUDIT"",
  ""tc_deviceVendor"": ""TEIREN"",
  ""tc_msg"": ""세션 재발급 성공"",
  ""tc_request"": ""/api/account/refresh"",
  ""tc_requestClientApplication"": ""Mozilla/5.0 (Macintosh; Intel Mac OS X 10_15_7) AppleWebKit/537.36 (KHTML, like Gecko) Chrome/152.0.0.0 Safari/537.36"",
  ""tc_src"": ""10.20.10.81"",
  ""tc_suser"": ""web01@lab.internal"",
  ""teiren_timestamp"": ""2026-10-14T09:43:19.129Z"",
  ""tenancy"": ""c0ffee12a1b24d6e9f0a1234567890ab""
}",2026-09-27 02:16:30.968
"{
  ""doc_id"": ""014f6ff1-893d-a58f-ee4c-e6c0101b49b4"",
  ""system"": ""teiren_cloud"",
  ""t_event_id"": ""DASHBOARD-S301"",
  ""t_user_id"": ""fb850da41982d343a8e8587be9997a2a3b7997720fd50bd9bb01e5ff8930cc79"",
  ""tag_name"": ""teiren_audit"",
  ""tc_act"": ""DASHBOARD_LAYOUT_VIEW_UPDATE"",
  ""tc_deviceProduct"": ""TEIREN_AUDIT"",
  ""tc_deviceVendor"": ""TEIREN"",
  ""tc_msg"": ""대시보드 레이아웃 수정 성공"",
  ""tc_request"": ""/api/dashboard_info/layout"",
  ""tc_requestClientApplication"": ""Mozilla/5.0 (Macintosh; Intel Mac OS X 10_15_7) AppleWebKit/537.36 (KHTML, like Gecko) Chrome/152.0.0.0 Safari/537.36"",
  ""tc_src"": ""10.20.10.81"",
  ""tc_suser"": ""web01@lab.internal"",
  ""teiren_timestamp"": ""2026-10-14T09:44:09.129Z"",
  ""tenancy"": ""c0ffee12a1b24d6e9f0a1234567890ab""
}",2026-09-27 02:16:30.968
"{
  ""doc_id"": ""0110ee50-3edc-63a7-aa6a-4136d5718f98"",
  ""system"": ""teiren_cloud"",
  ""t_event_id"": ""ACCOUNT-S505"",
  ""t_user_id"": ""cf8ee8443091707b132a3d3be976b80f68a97126916762537a335e5a0bd02a4b"",
  ""tag_name"": ""teiren_audit"",
  ""tc_act"": ""IAM_LOGIN_SUCCESS"",
  ""tc_deviceProduct"": ""TEIREN_AUDIT"",
  ""tc_deviceVendor"": ""TEIREN"",
  ""tc_msg"": ""IAM 계정 로그인 성공"",
  ""tc_request"": ""/api/account/login_sub_account"",
  ""tc_requestClientApplication"": ""Mozilla/5.0 (Macintosh; Intel Mac OS X 10_15_7) AppleWebKit/537.36 (KHTML, like Gecko) Chrome/152.0.0.0 Safari/537.36"",
  ""tc_src"": ""10.20.10.22"",
  ""tc_suser"": ""ops02@lab.internal"",
  ""teiren_timestamp"": ""2026-10-14T23:26:04.042Z"",
  ""tenancy"": ""c0ffee12a1b24d6e9f0a1234567890ab""
}",2026-09-27 02:16:30.968
"{
  ""doc_id"": ""01b07642-ae50-6770-9bda-3671517a78be"",
  ""system"": ""teiren_cloud"",
  ""t_event_id"": ""ACCOUNT-S801"",
  ""t_user_id"": ""cf8ee8443091707b132a3d3be976b80f68a97126916762537a335e5a0bd02a4b"",
  ""tag_name"": ""teiren_audit"",
  ""tc_act"": ""SESSION_REFRESH"",
  ""tc_deviceProduct"": ""TEIREN_AUDIT"",
  ""tc_deviceVendor"": ""TEIREN"",
  ""tc_msg"": ""세션 재발급 성공"",
  ""tc_request"": ""/api/account/refresh"",
  ""tc_requestClientApplication"": ""Mozilla/5.0 (Macintosh; Intel Mac OS X 10_15_7) AppleWebKit/537.36 (KHTML, like Gecko) Chrome/152.0.0.0 Safari/537.36"",
  ""tc_src"": ""10.20.10.22"",
  ""tc_suser"": ""ops02@lab.internal"",
  ""teiren_timestamp"": ""2026-10-14T23:26:42.042Z"",
  ""tenancy"": ""c0ffee12a1b24d6e9f0a1234567890ab""
}",2026-09-27 02:16:30.968
"{
  ""doc_id"": ""015dafed-3e0f-6e8e-5e82-cf5e40250476"",
  ""system"": ""teiren_cloud"",
  ""t_event_id"": ""RESOURCE-S302"",
  ""t_user_id"": ""cf8ee8443091707b132a3d3be976b80f68a97126916762537a335e5a0bd02a4b"",
  ""tag_name"": ""teiren_audit"",
  ""tc_act"": ""INTEGRATION_STATUS_UPDATE"",
  ""tc_deviceProduct"": ""TEIREN_AUDIT"",
  ""tc_deviceVendor"": ""TEIREN"",
  ""tc_msg"": ""연동 상태 수정 성공"",
  ""tc_request"": ""/api/resource/collect"",
  ""tc_requestClientApplication"": ""Mozilla/5.0 (Macintosh; Intel Mac OS X 10_15_7) AppleWebKit/537.36 (KHTML, like Gecko) Chrome/152.0.0.0 Safari/537.36"",
  ""tc_src"": ""10.20.10.22"",
  ""tc_suser"": ""ops02@lab.internal"",
  ""teiren_timestamp"": ""2026-10-14T23:27:32.042Z"",
  ""tenancy"": ""c0ffee12a1b24d6e9f0a1234567890ab""
}",2026-09-27 02:16:30.968
"{
  ""doc_id"": ""01dfddaa-03c5-3e49-94b8-6876c607e133"",
  ""system"": ""teiren_cloud"",
  ""t_event_id"": ""ACCOUNT-S505"",
  ""t_user_id"": ""fe29336cd66e0e20c63728e9d736af8b3edf0f2d0a41f4cf932709c11c50d4a4"",
  ""tag_name"": ""teiren_audit"",
  ""tc_act"": ""IAM_LOGIN_SUCCESS"",
  ""tc_deviceProduct"": ""TEIREN_AUDIT"",
  ""tc_deviceVendor"": ""TEIREN"",
  ""tc_msg"": ""IAM 계정 로그인 성공"",
  ""tc_request"": ""/api/account/login_sub_account"",
  ""tc_requestClientApplication"": ""Mozilla/5.0 (Macintosh; Intel Mac OS X 10_15_7) AppleWebKit/537.36 (KHTML, like Gecko) Chrome/152.0.0.0 Safari/537.36"",
  ""tc_src"": ""10.20.10.11"",
  ""tc_suser"": ""dev01@lab.internal"",
  ""teiren_timestamp"": ""2026-10-15T00:50:23.255Z"",
  ""tenancy"": ""c0ffee12a1b24d6e9f0a1234567890ab""
}",2026-09-27 02:16:30.968
"{
  ""doc_id"": ""01725e15-76d5-3fc5-740e-9e2c73afde74"",
  ""system"": ""teiren_cloud"",
  ""t_event_id"": ""ACCOUNT-S801"",
  ""t_user_id"": ""fe29336cd66e0e20c63728e9d736af8b3edf0f2d0a41f4cf932709c11c50d4a4"",
  ""tag_name"": ""teiren_audit"",
  ""tc_act"": ""SESSION_REFRESH"",
  ""tc_deviceProduct"": ""TEIREN_AUDIT"",
  ""tc_deviceVendor"": ""TEIREN"",
  ""tc_msg"": ""세션 재발급 성공"",
  ""tc_request"": ""/api/account/refresh"",
  ""tc_requestClientApplication"": ""Mozilla/5.0 (Macintosh; Intel Mac OS X 10_15_7) AppleWebKit/537.36 (KHTML, like Gecko) Chrome/152.0.0.0 Safari/537.36"",
  ""tc_src"": ""10.20.10.11"",
  ""tc_suser"": ""dev01@lab.internal"",
  ""teiren_timestamp"": ""2026-10-15T00:51:01.255Z"",
  ""tenancy"": ""c0ffee12a1b24d6e9f0a1234567890ab""
}",2026-09-27 02:16:30.968
"{
  ""doc_id"": ""0183a9a9-ad5f-60ae-a204-42ddaf6f609f"",
  ""system"": ""teiren_cloud"",
  ""t_event_id"": ""DASHBOARD-S301"",
  ""t_user_id"": ""fe29336cd66e0e20c63728e9d736af8b3edf0f2d0a41f4cf932709c11c50d4a4"",
  ""tag_name"": ""teiren_audit"",
  ""tc_act"": ""DASHBOARD_LAYOUT_VIEW_UPDATE"",
  ""tc_deviceProduct"": ""TEIREN_AUDIT"",
  ""tc_deviceVendor"": ""TEIREN"",
  ""tc_msg"": ""대시보드 레이아웃 수정 성공"",
  ""tc_request"": ""/api/dashboard_info/layout"",
  ""tc_requestClientApplication"": ""Mozilla/5.0 (Macintosh; Intel Mac OS X 10_15_7) AppleWebKit/537.36 (KHTML, like Gecko) Chrome/152.0.0.0 Safari/537.36"",
  ""tc_src"": ""10.20.10.11"",
  ""tc_suser"": ""dev01@lab.internal"",
  ""teiren_timestamp"": ""2026-10-15T00:51:51.255Z"",
  ""tenancy"": ""c0ffee12a1b24d6e9f0a1234567890ab""
}",2026-09-27 02:16:30.968
"{
  ""doc_id"": ""01bd8d1f-cb04-2577-0ef9-1a11e5125115"",
  ""system"": ""teiren_cloud"",
  ""t_event_id"": ""ACCOUNT-S501"",
  ""t_user_id"": ""3fddc8f2cea3f9ec4c966cc6b114d23338e20b90ef0b0c2e2373049ff18193d9"",
  ""tag_name"": ""teiren_audit"",
  ""tc_act"": ""ROOT_LOGIN_NO_MFA"",
  ""tc_deviceProduct"": ""TEIREN_AUDIT"",
  ""tc_deviceVendor"": ""TEIREN"",
  ""tc_msg"": ""Root 계정 로그인 성공"",
  ""tc_request"": ""/api/account/login_root"",
  ""tc_requestClientApplication"": ""Mozilla/5.0 (Macintosh; Intel Mac OS X 10_15_7) AppleWebKit/537.36 (KHTML, like Gecko) Chrome/152.0.0.0 Safari/537.36"",
  ""tc_src"": ""10.20.10.71"",
  ""tc_suser"": ""admin01@lab.internal"",
  ""teiren_timestamp"": ""2026-10-15T01:15:25.003Z"",
  ""tenancy"": ""c0ffee12a1b24d6e9f0a1234567890ab""
}",2026-09-27 02:16:30.968
"{
  ""doc_id"": ""015c7418-d98b-8b9a-6797-277ad53d019c"",
  ""system"": ""teiren_cloud"",
  ""t_event_id"": ""ACCOUNT-S801"",
  ""t_user_id"": ""3fddc8f2cea3f9ec4c966cc6b114d23338e20b90ef0b0c2e2373049ff18193d9"",
  ""tag_name"": ""teiren_audit"",
  ""tc_act"": ""SESSION_REFRESH"",
  ""tc_deviceProduct"": ""TEIREN_AUDIT"",
  ""tc_deviceVendor"": ""TEIREN"",
  ""tc_msg"": ""세션 재발급 성공"",
  ""tc_request"": ""/api/account/refresh"",
  ""tc_requestClientApplication"": ""Mozilla/5.0 (Macintosh; Intel Mac OS X 10_15_7) AppleWebKit/537.36 (KHTML, like Gecko) Chrome/152.0.0.0 Safari/537.36"",
  ""tc_src"": ""10.20.10.71"",
  ""tc_suser"": ""admin01@lab.internal"",
  ""teiren_timestamp"": ""2026-10-15T01:16:03.003Z"",
  ""tenancy"": ""c0ffee12a1b24d6e9f0a1234567890ab""
}",2026-09-27 02:16:30.968
"{
  ""doc_id"": ""0129799a-b48f-13bb-fb56-91c7d0407852"",
  ""system"": ""teiren_cloud"",
  ""t_event_id"": ""DASHBOARD-S301"",
  ""t_user_id"": ""3fddc8f2cea3f9ec4c966cc6b114d23338e20b90ef0b0c2e2373049ff18193d9"",
  ""tag_name"": ""teiren_audit"",
  ""tc_act"": ""DASHBOARD_LAYOUT_VIEW_UPDATE"",
  ""tc_deviceProduct"": ""TEIREN_AUDIT"",
  ""tc_deviceVendor"": ""TEIREN"",
  ""tc_msg"": ""대시보드 레이아웃 수정 성공"",
  ""tc_request"": ""/api/dashboard_info/layout"",
  ""tc_requestClientApplication"": ""Mozilla/5.0 (Macintosh; Intel Mac OS X 10_15_7) AppleWebKit/537.36 (KHTML, like Gecko) Chrome/152.0.0.0 Safari/537.36"",
  ""tc_src"": ""10.20.10.71"",
  ""tc_suser"": ""admin01@lab.internal"",
  ""teiren_timestamp"": ""2026-10-15T01:16:53.003Z"",
  ""tenancy"": ""c0ffee12a1b24d6e9f0a1234567890ab""
}",2026-09-27 02:16:30.968
"{
  ""doc_id"": ""01fb0aac-3b10-28ac-af6a-55a147fb6070"",
  ""system"": ""teiren_cloud"",
  ""t_event_id"": ""ACCOUNT-S505"",
  ""t_user_id"": ""e4afab0fb14e16dc0d365415df887786ddc2a78cfa31e91ecd965540042f03ad"",
  ""tag_name"": ""teiren_audit"",
  ""tc_act"": ""IAM_LOGIN_SUCCESS"",
  ""tc_deviceProduct"": ""TEIREN_AUDIT"",
  ""tc_deviceVendor"": ""TEIREN"",
  ""tc_msg"": ""IAM 계정 로그인 성공"",
  ""tc_request"": ""/api/account/login_sub_account"",
  ""tc_requestClientApplication"": ""Mozilla/5.0 (Macintosh; Intel Mac OS X 10_15_7) AppleWebKit/537.36 (KHTML, like Gecko) Chrome/152.0.0.0 Safari/537.36"",
  ""tc_src"": ""10.20.10.61"",
  ""tc_suser"": ""intern01@lab.internal"",
  ""teiren_timestamp"": ""2026-10-15T01:40:30.607Z"",
  ""tenancy"": ""c0ffee12a1b24d6e9f0a1234567890ab""
}",2026-09-27 02:16:30.968
"{
  ""doc_id"": ""015894de-9e0d-c7a0-d29f-390e18321926"",
  ""system"": ""teiren_cloud"",
  ""t_event_id"": ""ACCOUNT-S801"",
  ""t_user_id"": ""e4afab0fb14e16dc0d365415df887786ddc2a78cfa31e91ecd965540042f03ad"",
  ""tag_name"": ""teiren_audit"",
  ""tc_act"": ""SESSION_REFRESH"",
  ""tc_deviceProduct"": ""TEIREN_AUDIT"",
  ""tc_deviceVendor"": ""TEIREN"",
  ""tc_msg"": ""세션 재발급 성공"",
  ""tc_request"": ""/api/account/refresh"",
  ""tc_requestClientApplication"": ""Mozilla/5.0 (Macintosh; Intel Mac OS X 10_15_7) AppleWebKit/537.36 (KHTML, like Gecko) Chrome/152.0.0.0 Safari/537.36"",
  ""tc_src"": ""10.20.10.61"",
  ""tc_suser"": ""intern01@lab.internal"",
  ""teiren_timestamp"": ""2026-10-15T01:41:08.607Z"",
  ""tenancy"": ""c0ffee12a1b24d6e9f0a1234567890ab""
}",2026-09-27 02:16:30.968
"{
  ""doc_id"": ""012141e0-9531-2377-8cfe-8bd737dad9cf"",
  ""system"": ""teiren_cloud"",
  ""t_event_id"": ""LOG-S301"",
  ""t_user_id"": ""e4afab0fb14e16dc0d365415df887786ddc2a78cfa31e91ecd965540042f03ad"",
  ""tag_name"": ""teiren_audit"",
  ""tc_act"": ""LOG_COLUMN_VIEW_UPDATE"",
  ""tc_deviceProduct"": ""TEIREN_AUDIT"",
  ""tc_deviceVendor"": ""TEIREN"",
  ""tc_msg"": ""로그 컬럼 보기 수정 성공"",
  ""tc_request"": ""/api/logs/column"",
  ""tc_requestClientApplication"": ""Mozilla/5.0 (Macintosh; Intel Mac OS X 10_15_7) AppleWebKit/537.36 (KHTML, like Gecko) Chrome/152.0.0.0 Safari/537.36"",
  ""tc_src"": ""10.20.10.61"",
  ""tc_suser"": ""intern01@lab.internal"",
  ""teiren_timestamp"": ""2026-10-15T01:41:58.607Z"",
  ""tenancy"": ""c0ffee12a1b24d6e9f0a1234567890ab""
}",2026-09-27 02:16:30.968
"{
  ""doc_id"": ""010034e4-3cf5-c046-a72b-9a51d3cf08a4"",
  ""system"": ""teiren_cloud"",
  ""t_event_id"": ""ACCOUNT-S505"",
  ""t_user_id"": ""fe29336cd66e0e20c63728e9d736af8b3edf0f2d0a41f4cf932709c11c50d4a4"",
  ""tag_name"": ""teiren_audit"",
  ""tc_act"": ""IAM_LOGIN_SUCCESS"",
  ""tc_deviceProduct"": ""TEIREN_AUDIT"",
  ""tc_deviceVendor"": ""TEIREN"",
  ""tc_msg"": ""IAM 계정 로그인 성공"",
  ""tc_request"": ""/api/account/login_sub_account"",
  ""tc_requestClientApplication"": ""Mozilla/5.0 (Macintosh; Intel Mac OS X 10_15_7) AppleWebKit/537.36 (KHTML, like Gecko) Chrome/152.0.0.0 Safari/537.36"",
  ""tc_src"": ""10.20.10.11"",
  ""tc_suser"": ""dev01@lab.internal"",
  ""teiren_timestamp"": ""2026-10-15T02:06:00.309Z"",
  ""tenancy"": ""c0ffee12a1b24d6e9f0a1234567890ab""
}",2026-09-27 02:16:30.968
"{
  ""doc_id"": ""01cc9d8d-4c88-cbca-976f-4d830796f58b"",
  ""system"": ""teiren_cloud"",
  ""t_event_id"": ""ACCOUNT-S801"",
  ""t_user_id"": ""fe29336cd66e0e20c63728e9d736af8b3edf0f2d0a41f4cf932709c11c50d4a4"",
  ""tag_name"": ""teiren_audit"",
  ""tc_act"": ""SESSION_REFRESH"",
  ""tc_deviceProduct"": ""TEIREN_AUDIT"",
  ""tc_deviceVendor"": ""TEIREN"",
  ""tc_msg"": ""세션 재발급 성공"",
  ""tc_request"": ""/api/account/refresh"",
  ""tc_requestClientApplication"": ""Mozilla/5.0 (Macintosh; Intel Mac OS X 10_15_7) AppleWebKit/537.36 (KHTML, like Gecko) Chrome/152.0.0.0 Safari/537.36"",
  ""tc_src"": ""10.20.10.11"",
  ""tc_suser"": ""dev01@lab.internal"",
  ""teiren_timestamp"": ""2026-10-15T02:06:38.309Z"",
  ""tenancy"": ""c0ffee12a1b24d6e9f0a1234567890ab""
}",2026-09-27 02:16:30.968
"{
  ""doc_id"": ""010afe87-d15e-d066-8a56-d960c41c0562"",
  ""system"": ""teiren_cloud"",
  ""t_event_id"": ""DASHBOARD-S301"",
  ""t_user_id"": ""fe29336cd66e0e20c63728e9d736af8b3edf0f2d0a41f4cf932709c11c50d4a4"",
  ""tag_name"": ""teiren_audit"",
  ""tc_act"": ""DASHBOARD_LAYOUT_VIEW_UPDATE"",
  ""tc_deviceProduct"": ""TEIREN_AUDIT"",
  ""tc_deviceVendor"": ""TEIREN"",
  ""tc_msg"": ""대시보드 레이아웃 수정 성공"",
  ""tc_request"": ""/api/dashboard_info/layout"",
  ""tc_requestClientApplication"": ""Mozilla/5.0 (Macintosh; Intel Mac OS X 10_15_7) AppleWebKit/537.36 (KHTML, like Gecko) Chrome/152.0.0.0 Safari/537.36"",
  ""tc_src"": ""10.20.10.11"",
  ""tc_suser"": ""dev01@lab.internal"",
  ""teiren_timestamp"": ""2026-10-15T02:07:28.309Z"",
  ""tenancy"": ""c0ffee12a1b24d6e9f0a1234567890ab""
}",2026-09-27 02:16:30.968
"{
  ""doc_id"": ""01f6fc30-9c78-2ec8-b6f3-dd94ce6ef336"",
  ""system"": ""teiren_cloud"",
  ""t_event_id"": ""ACCOUNT-S505"",
  ""t_user_id"": ""fb850da41982d343a8e8587be9997a2a3b7997720fd50bd9bb01e5ff8930cc79"",
  ""tag_name"": ""teiren_audit"",
  ""tc_act"": ""IAM_LOGIN_SUCCESS"",
  ""tc_deviceProduct"": ""TEIREN_AUDIT"",
  ""tc_deviceVendor"": ""TEIREN"",
  ""tc_msg"": ""IAM 계정 로그인 성공"",
  ""tc_request"": ""/api/account/login_sub_account"",
  ""tc_requestClientApplication"": ""Mozilla/5.0 (Macintosh; Intel Mac OS X 10_15_7) AppleWebKit/537.36 (KHTML, like Gecko) Chrome/152.0.0.0 Safari/537.36"",
  ""tc_src"": ""10.20.10.81"",
  ""tc_suser"": ""web01@lab.internal"",
  ""teiren_timestamp"": ""2026-10-15T02:14:54.303Z"",
  ""tenancy"": ""c0ffee12a1b24d6e9f0a1234567890ab""
}",2026-09-27 02:16:30.968
"{
  ""doc_id"": ""01ec7674-f519-a3bb-b5d3-bed0f3efdd5e"",
  ""system"": ""teiren_cloud"",
  ""t_event_id"": ""ACCOUNT-S501"",
  ""t_user_id"": ""3fddc8f2cea3f9ec4c966cc6b114d23338e20b90ef0b0c2e2373049ff18193d9"",
  ""tag_name"": ""teiren_audit"",
  ""tc_act"": ""ROOT_LOGIN_NO_MFA"",
  ""tc_deviceProduct"": ""TEIREN_AUDIT"",
  ""tc_deviceVendor"": ""TEIREN"",
  ""tc_msg"": ""Root 계정 로그인 성공"",
  ""tc_request"": ""/api/account/login_root"",
  ""tc_requestClientApplication"": ""Mozilla/5.0 (Macintosh; Intel Mac OS X 10_15_7) AppleWebKit/537.36 (KHTML, like Gecko) Chrome/152.0.0.0 Safari/537.36"",
  ""tc_src"": ""10.20.10.71"",
  ""tc_suser"": ""admin01@lab.internal"",
  ""teiren_timestamp"": ""2026-10-15T02:15:05.569Z"",
  ""tenancy"": ""c0ffee12a1b24d6e9f0a1234567890ab""
}",2026-09-27 02:16:30.968
"{
  ""doc_id"": ""018daf28-3d80-43a5-333a-2b3b6ce5b8d7"",
  ""system"": ""teiren_cloud"",
  ""t_event_id"": ""ACCOUNT-S801"",
  ""t_user_id"": ""fb850da41982d343a8e8587be9997a2a3b7997720fd50bd9bb01e5ff8930cc79"",
  ""tag_name"": ""teiren_audit"",
  ""tc_act"": ""SESSION_REFRESH"",
  ""tc_deviceProduct"": ""TEIREN_AUDIT"",
  ""tc_deviceVendor"": ""TEIREN"",
  ""tc_msg"": ""세션 재발급 성공"",
  ""tc_request"": ""/api/account/refresh"",
  ""tc_requestClientApplication"": ""Mozilla/5.0 (Macintosh; Intel Mac OS X 10_15_7) AppleWebKit/537.36 (KHTML, like Gecko) Chrome/152.0.0.0 Safari/537.36"",
  ""tc_src"": ""10.20.10.81"",
  ""tc_suser"": ""web01@lab.internal"",
  ""teiren_timestamp"": ""2026-10-15T02:15:32.303Z"",
  ""tenancy"": ""c0ffee12a1b24d6e9f0a1234567890ab""
}",2026-09-27 02:16:30.968
"{
  ""doc_id"": ""01583e21-8e9f-1bdf-3d57-bb331deaba83"",
  ""system"": ""teiren_cloud"",
  ""t_event_id"": ""ACCOUNT-S801"",
  ""t_user_id"": ""3fddc8f2cea3f9ec4c966cc6b114d23338e20b90ef0b0c2e2373049ff18193d9"",
  ""tag_name"": ""teiren_audit"",
  ""tc_act"": ""SESSION_REFRESH"",
  ""tc_deviceProduct"": ""TEIREN_AUDIT"",
  ""tc_deviceVendor"": ""TEIREN"",
  ""tc_msg"": ""세션 재발급 성공"",
  ""tc_request"": ""/api/account/refresh"",
  ""tc_requestClientApplication"": ""Mozilla/5.0 (Macintosh; Intel Mac OS X 10_15_7) AppleWebKit/537.36 (KHTML, like Gecko) Chrome/152.0.0.0 Safari/537.36"",
  ""tc_src"": ""10.20.10.71"",
  ""tc_suser"": ""admin01@lab.internal"",
  ""teiren_timestamp"": ""2026-10-15T02:15:43.569Z"",
  ""tenancy"": ""c0ffee12a1b24d6e9f0a1234567890ab""
}",2026-09-27 02:16:30.968
"{
  ""doc_id"": ""0125d2b5-601c-c7a3-60c8-8caf4dcb7a1c"",
  ""system"": ""teiren_cloud"",
  ""t_event_id"": ""DASHBOARD-S301"",
  ""t_user_id"": ""fb850da41982d343a8e8587be9997a2a3b7997720fd50bd9bb01e5ff8930cc79"",
  ""tag_name"": ""teiren_audit"",
  ""tc_act"": ""DASHBOARD_LAYOUT_VIEW_UPDATE"",
  ""tc_deviceProduct"": ""TEIREN_AUDIT"",
  ""tc_deviceVendor"": ""TEIREN"",
  ""tc_msg"": ""대시보드 레이아웃 수정 성공"",
  ""tc_request"": ""/api/dashboard_info/layout"",
  ""tc_requestClientApplication"": ""Mozilla/5.0 (Macintosh; Intel Mac OS X 10_15_7) AppleWebKit/537.36 (KHTML, like Gecko) Chrome/152.0.0.0 Safari/537.36"",
  ""tc_src"": ""10.20.10.81"",
  ""tc_suser"": ""web01@lab.internal"",
  ""teiren_timestamp"": ""2026-10-15T02:16:22.303Z"",
  ""tenancy"": ""c0ffee12a1b24d6e9f0a1234567890ab""
}",2026-09-27 02:16:30.968
"{
  ""doc_id"": ""0160aff2-07f2-7e87-3d0d-15920677a594"",
  ""system"": ""teiren_cloud"",
  ""t_event_id"": ""DASHBOARD-S301"",
  ""t_user_id"": ""3fddc8f2cea3f9ec4c966cc6b114d23338e20b90ef0b0c2e2373049ff18193d9"",
  ""tag_name"": ""teiren_audit"",
  ""tc_act"": ""DASHBOARD_LAYOUT_VIEW_UPDATE"",
  ""tc_deviceProduct"": ""TEIREN_AUDIT"",
  ""tc_deviceVendor"": ""TEIREN"",
  ""tc_msg"": ""대시보드 레이아웃 수정 성공"",
  ""tc_request"": ""/api/dashboard_info/layout"",
  ""tc_requestClientApplication"": ""Mozilla/5.0 (Macintosh; Intel Mac OS X 10_15_7) AppleWebKit/537.36 (KHTML, like Gecko) Chrome/152.0.0.0 Safari/537.36"",
  ""tc_src"": ""10.20.10.71"",
  ""tc_suser"": ""admin01@lab.internal"",
  ""teiren_timestamp"": ""2026-10-15T02:16:33.569Z"",
  ""tenancy"": ""c0ffee12a1b24d6e9f0a1234567890ab""
}",2026-09-27 02:16:30.968
"{
  ""doc_id"": ""01e017ca-f99b-1401-290f-5c7695a1076f"",
  ""system"": ""teiren_cloud"",
  ""t_event_id"": ""ACCOUNT-S505"",
  ""t_user_id"": ""cf8ee8443091707b132a3d3be976b80f68a97126916762537a335e5a0bd02a4b"",
  ""tag_name"": ""teiren_audit"",
  ""tc_act"": ""IAM_LOGIN_SUCCESS"",
  ""tc_deviceProduct"": ""TEIREN_AUDIT"",
  ""tc_deviceVendor"": ""TEIREN"",
  ""tc_msg"": ""IAM 계정 로그인 성공"",
  ""tc_request"": ""/api/account/login_sub_account"",
  ""tc_requestClientApplication"": ""Mozilla/5.0 (Macintosh; Intel Mac OS X 10_15_7) AppleWebKit/537.36 (KHTML, like Gecko) Chrome/152.0.0.0 Safari/537.36"",
  ""tc_src"": ""10.20.10.22"",
  ""tc_suser"": ""ops02@lab.internal"",
  ""teiren_timestamp"": ""2026-10-15T02:47:45.341Z"",
  ""tenancy"": ""c0ffee12a1b24d6e9f0a1234567890ab""
}",2026-09-27 02:16:30.968
"{
  ""doc_id"": ""01df2170-bba5-958f-ec75-ba2b16505cd8"",
  ""system"": ""teiren_cloud"",
  ""t_event_id"": ""ACCOUNT-S801"",
  ""t_user_id"": ""cf8ee8443091707b132a3d3be976b80f68a97126916762537a335e5a0bd02a4b"",
  ""tag_name"": ""teiren_audit"",
  ""tc_act"": ""SESSION_REFRESH"",
  ""tc_deviceProduct"": ""TEIREN_AUDIT"",
  ""tc_deviceVendor"": ""TEIREN"",
  ""tc_msg"": ""세션 재발급 성공"",
  ""tc_request"": ""/api/account/refresh"",
  ""tc_requestClientApplication"": ""Mozilla/5.0 (Macintosh; Intel Mac OS X 10_15_7) AppleWebKit/537.36 (KHTML, like Gecko) Chrome/152.0.0.0 Safari/537.36"",
  ""tc_src"": ""10.20.10.22"",
  ""tc_suser"": ""ops02@lab.internal"",
  ""teiren_timestamp"": ""2026-10-15T02:48:23.341Z"",
  ""tenancy"": ""c0ffee12a1b24d6e9f0a1234567890ab""
}",2026-09-27 02:16:30.968
"{
  ""doc_id"": ""0178a21f-8a89-7ac5-6f25-25a4298d3b34"",
  ""system"": ""teiren_cloud"",
  ""t_event_id"": ""RESOURCE-S302"",
  ""t_user_id"": ""cf8ee8443091707b132a3d3be976b80f68a97126916762537a335e5a0bd02a4b"",
  ""tag_name"": ""teiren_audit"",
  ""tc_act"": ""INTEGRATION_STATUS_UPDATE"",
  ""tc_deviceProduct"": ""TEIREN_AUDIT"",
  ""tc_deviceVendor"": ""TEIREN"",
  ""tc_msg"": ""연동 상태 수정 성공"",
  ""tc_request"": ""/api/resource/collect"",
  ""tc_requestClientApplication"": ""Mozilla/5.0 (Macintosh; Intel Mac OS X 10_15_7) AppleWebKit/537.36 (KHTML, like Gecko) Chrome/152.0.0.0 Safari/537.36"",
  ""tc_src"": ""10.20.10.22"",
  ""tc_suser"": ""ops02@lab.internal"",
  ""teiren_timestamp"": ""2026-10-15T02:49:13.341Z"",
  ""tenancy"": ""c0ffee12a1b24d6e9f0a1234567890ab""
}",2026-09-27 02:16:30.968
"{
  ""doc_id"": ""01eacd32-d79f-36af-e269-42d2a068f050"",
  ""system"": ""teiren_cloud"",
  ""t_event_id"": ""ACCOUNT-S505"",
  ""t_user_id"": ""317f64abaa2282480082cb73a793fe857ccb3c4b3e1f0e5df2afb748e05ae9dd"",
  ""tag_name"": ""teiren_audit"",
  ""tc_act"": ""IAM_LOGIN_SUCCESS"",
  ""tc_deviceProduct"": ""TEIREN_AUDIT"",
  ""tc_deviceVendor"": ""TEIREN"",
  ""tc_msg"": ""IAM 계정 로그인 성공"",
  ""tc_request"": ""/api/account/login_sub_account"",
  ""tc_requestClientApplication"": ""Mozilla/5.0 (Macintosh; Intel Mac OS X 10_15_7) AppleWebKit/537.36 (KHTML, like Gecko) Chrome/152.0.0.0 Safari/537.36"",
  ""tc_src"": ""10.20.10.21"",
  ""tc_suser"": ""ops01@lab.internal"",
  ""teiren_timestamp"": ""2026-10-15T03:39:11.088Z"",
  ""tenancy"": ""c0ffee12a1b24d6e9f0a1234567890ab""
}",2026-09-27 02:16:30.968
"{
  ""doc_id"": ""019c9a56-589e-7d51-a7db-d9875cd2011c"",
  ""system"": ""teiren_cloud"",
  ""t_event_id"": ""ACCOUNT-S801"",
  ""t_user_id"": ""317f64abaa2282480082cb73a793fe857ccb3c4b3e1f0e5df2afb748e05ae9dd"",
  ""tag_name"": ""teiren_audit"",
  ""tc_act"": ""SESSION_REFRESH"",
  ""tc_deviceProduct"": ""TEIREN_AUDIT"",
  ""tc_deviceVendor"": ""TEIREN"",
  ""tc_msg"": ""세션 재발급 성공"",
  ""tc_request"": ""/api/account/refresh"",
  ""tc_requestClientApplication"": ""Mozilla/5.0 (Macintosh; Intel Mac OS X 10_15_7) AppleWebKit/537.36 (KHTML, like Gecko) Chrome/152.0.0.0 Safari/537.36"",
  ""tc_src"": ""10.20.10.21"",
  ""tc_suser"": ""ops01@lab.internal"",
  ""teiren_timestamp"": ""2026-10-15T03:39:49.088Z"",
  ""tenancy"": ""c0ffee12a1b24d6e9f0a1234567890ab""
}",2026-09-27 02:16:30.968
"{
  ""doc_id"": ""01dd1846-7b3b-d1d4-1bc3-c9848efbe610"",
  ""system"": ""teiren_cloud"",
  ""t_event_id"": ""RESOURCE-S302"",
  ""t_user_id"": ""317f64abaa2282480082cb73a793fe857ccb3c4b3e1f0e5df2afb748e05ae9dd"",
  ""tag_name"": ""teiren_audit"",
  ""tc_act"": ""INTEGRATION_STATUS_UPDATE"",
  ""tc_deviceProduct"": ""TEIREN_AUDIT"",
  ""tc_deviceVendor"": ""TEIREN"",
  ""tc_msg"": ""연동 상태 수정 성공"",
  ""tc_request"": ""/api/resource/collect"",
  ""tc_requestClientApplication"": ""Mozilla/5.0 (Macintosh; Intel Mac OS X 10_15_7) AppleWebKit/537.36 (KHTML, like Gecko) Chrome/152.0.0.0 Safari/537.36"",
  ""tc_src"": ""10.20.10.21"",
  ""tc_suser"": ""ops01@lab.internal"",
  ""teiren_timestamp"": ""2026-10-15T03:40:39.088Z"",
  ""tenancy"": ""c0ffee12a1b24d6e9f0a1234567890ab""
}",2026-09-27 02:16:30.968
"{
  ""doc_id"": ""0138963c-cc4b-9a4a-58f7-5c42449a470f"",
  ""system"": ""teiren_cloud"",
  ""t_event_id"": ""ACCOUNT-S505"",
  ""t_user_id"": ""317f64abaa2282480082cb73a793fe857ccb3c4b3e1f0e5df2afb748e05ae9dd"",
  ""tag_name"": ""teiren_audit"",
  ""tc_act"": ""IAM_LOGIN_SUCCESS"",
  ""tc_deviceProduct"": ""TEIREN_AUDIT"",
  ""tc_deviceVendor"": ""TEIREN"",
  ""tc_msg"": ""IAM 계정 로그인 성공"",
  ""tc_request"": ""/api/account/login_sub_account"",
  ""tc_requestClientApplication"": ""Mozilla/5.0 (Macintosh; Intel Mac OS X 10_15_7) AppleWebKit/537.36 (KHTML, like Gecko) Chrome/152.0.0.0 Safari/537.36"",
  ""tc_src"": ""10.20.10.21"",
  ""tc_suser"": ""ops01@lab.internal"",
  ""teiren_timestamp"": ""2026-10-15T04:01:28.127Z"",
  ""tenancy"": ""c0ffee12a1b24d6e9f0a1234567890ab""
}",2026-09-27 02:16:30.968
"{
  ""doc_id"": ""01ba5682-76a5-2d22-b4a3-e08993b8a0aa"",
  ""system"": ""teiren_cloud"",
  ""t_event_id"": ""ACCOUNT-S801"",
  ""t_user_id"": ""317f64abaa2282480082cb73a793fe857ccb3c4b3e1f0e5df2afb748e05ae9dd"",
  ""tag_name"": ""teiren_audit"",
  ""tc_act"": ""SESSION_REFRESH"",
  ""tc_deviceProduct"": ""TEIREN_AUDIT"",
  ""tc_deviceVendor"": ""TEIREN"",
  ""tc_msg"": ""세션 재발급 성공"",
  ""tc_request"": ""/api/account/refresh"",
  ""tc_requestClientApplication"": ""Mozilla/5.0 (Macintosh; Intel Mac OS X 10_15_7) AppleWebKit/537.36 (KHTML, like Gecko) Chrome/152.0.0.0 Safari/537.36"",
  ""tc_src"": ""10.20.10.21"",
  ""tc_suser"": ""ops01@lab.internal"",
  ""teiren_timestamp"": ""2026-10-15T04:02:06.127Z"",
  ""tenancy"": ""c0ffee12a1b24d6e9f0a1234567890ab""
}",2026-09-27 02:16:30.968
"{
  ""doc_id"": ""014e3ea5-ea56-3de1-36b8-9e7e237c91c9"",
  ""system"": ""teiren_cloud"",
  ""t_event_id"": ""RESOURCE-S302"",
  ""t_user_id"": ""317f64abaa2282480082cb73a793fe857ccb3c4b3e1f0e5df2afb748e05ae9dd"",
  ""tag_name"": ""teiren_audit"",
  ""tc_act"": ""INTEGRATION_STATUS_UPDATE"",
  ""tc_deviceProduct"": ""TEIREN_AUDIT"",
  ""tc_deviceVendor"": ""TEIREN"",
  ""tc_msg"": ""연동 상태 수정 성공"",
  ""tc_request"": ""/api/resource/collect"",
  ""tc_requestClientApplication"": ""Mozilla/5.0 (Macintosh; Intel Mac OS X 10_15_7) AppleWebKit/537.36 (KHTML, like Gecko) Chrome/152.0.0.0 Safari/537.36"",
  ""tc_src"": ""10.20.10.21"",
  ""tc_suser"": ""ops01@lab.internal"",
  ""teiren_timestamp"": ""2026-10-15T04:02:56.127Z"",
  ""tenancy"": ""c0ffee12a1b24d6e9f0a1234567890ab""
}",2026-09-27 02:16:30.968
"{
  ""doc_id"": ""01639b52-9ea0-6294-8155-c01c94322c0f"",
  ""system"": ""teiren_cloud"",
  ""t_event_id"": ""ACCOUNT-S505"",
  ""t_user_id"": ""317f64abaa2282480082cb73a793fe857ccb3c4b3e1f0e5df2afb748e05ae9dd"",
  ""tag_name"": ""teiren_audit"",
  ""tc_act"": ""IAM_LOGIN_SUCCESS"",
  ""tc_deviceProduct"": ""TEIREN_AUDIT"",
  ""tc_deviceVendor"": ""TEIREN"",
  ""tc_msg"": ""IAM 계정 로그인 성공"",
  ""tc_request"": ""/api/account/login_sub_account"",
  ""tc_requestClientApplication"": ""Mozilla/5.0 (Macintosh; Intel Mac OS X 10_15_7) AppleWebKit/537.36 (KHTML, like Gecko) Chrome/152.0.0.0 Safari/537.36"",
  ""tc_src"": ""10.20.10.21"",
  ""tc_suser"": ""ops01@lab.internal"",
  ""teiren_timestamp"": ""2026-10-15T04:08:47.459Z"",
  ""tenancy"": ""c0ffee12a1b24d6e9f0a1234567890ab""
}",2026-09-27 02:16:30.968
"{
  ""doc_id"": ""01db031f-f72a-abdb-8944-29772f88c45f"",
  ""system"": ""teiren_cloud"",
  ""t_event_id"": ""ACCOUNT-S801"",
  ""t_user_id"": ""317f64abaa2282480082cb73a793fe857ccb3c4b3e1f0e5df2afb748e05ae9dd"",
  ""tag_name"": ""teiren_audit"",
  ""tc_act"": ""SESSION_REFRESH"",
  ""tc_deviceProduct"": ""TEIREN_AUDIT"",
  ""tc_deviceVendor"": ""TEIREN"",
  ""tc_msg"": ""세션 재발급 성공"",
  ""tc_request"": ""/api/account/refresh"",
  ""tc_requestClientApplication"": ""Mozilla/5.0 (Macintosh; Intel Mac OS X 10_15_7) AppleWebKit/537.36 (KHTML, like Gecko) Chrome/152.0.0.0 Safari/537.36"",
  ""tc_src"": ""10.20.10.21"",
  ""tc_suser"": ""ops01@lab.internal"",
  ""teiren_timestamp"": ""2026-10-15T04:09:25.459Z"",
  ""tenancy"": ""c0ffee12a1b24d6e9f0a1234567890ab""
}",2026-09-27 02:16:30.968
"{
  ""doc_id"": ""01dfe1c6-b303-3519-659a-022a026f8de7"",
  ""system"": ""teiren_cloud"",
  ""t_event_id"": ""RESOURCE-S302"",
  ""t_user_id"": ""317f64abaa2282480082cb73a793fe857ccb3c4b3e1f0e5df2afb748e05ae9dd"",
  ""tag_name"": ""teiren_audit"",
  ""tc_act"": ""INTEGRATION_STATUS_UPDATE"",
  ""tc_deviceProduct"": ""TEIREN_AUDIT"",
  ""tc_deviceVendor"": ""TEIREN"",
  ""tc_msg"": ""연동 상태 수정 성공"",
  ""tc_request"": ""/api/resource/collect"",
  ""tc_requestClientApplication"": ""Mozilla/5.0 (Macintosh; Intel Mac OS X 10_15_7) AppleWebKit/537.36 (KHTML, like Gecko) Chrome/152.0.0.0 Safari/537.36"",
  ""tc_src"": ""10.20.10.21"",
  ""tc_suser"": ""ops01@lab.internal"",
  ""teiren_timestamp"": ""2026-10-15T04:10:15.459Z"",
  ""tenancy"": ""c0ffee12a1b24d6e9f0a1234567890ab""
}",2026-09-27 02:16:30.968
"{
  ""doc_id"": ""019688b4-4720-c46e-3e0a-de56bf87a000"",
  ""system"": ""teiren_cloud"",
  ""t_event_id"": ""ACCOUNT-S509"",
  ""t_user_id"": ""98fdf34aeba0149327f7715ae84d8f2c464efdcafdf00d4dccc8fbaed8748ee1"",
  ""tag_name"": ""teiren_audit"",
  ""tc_act"": ""IAM_LOGIN_NEW_DEVICE"",
  ""tc_deviceProduct"": ""TEIREN_AUDIT"",
  ""tc_deviceVendor"": ""TEIREN"",
  ""tc_msg"": ""IAM 계정 새 기기 로그인 성공"",
  ""tc_request"": ""/api/account/login_sub_account"",
  ""tc_requestClientApplication"": ""Mozilla/5.0 (Macintosh; Intel Mac OS X 10_15_7) AppleWebKit/537.36 (KHTML, like Gecko) Chrome/152.0.0.0 Safari/537.36"",
  ""tc_src"": ""198.51.100.77"",
  ""tc_suser"": ""analyst01@lab.internal"",
  ""teiren_timestamp"": ""2026-10-15T05:07:03.880Z"",
  ""tenancy"": ""c0ffee12a1b24d6e9f0a1234567890ab""
}",2026-09-27 02:16:30.968
"{
  ""doc_id"": ""01be090a-0d6f-1555-e4d8-91d1fc45b3a7"",
  ""system"": ""teiren_cloud"",
  ""t_event_id"": ""ACCOUNT-G001"",
  ""t_user_id"": ""98fdf34aeba0149327f7715ae84d8f2c464efdcafdf00d4dccc8fbaed8748ee1"",
  ""tag_name"": ""teiren_audit"",
  ""tc_act"": ""GENERAL_BAD_REQUEST"",
  ""tc_deviceProduct"": ""TEIREN_AUDIT"",
  ""tc_deviceVendor"": ""TEIREN"",
  ""tc_msg"": ""잘못된 요청입니다."",
  ""tc_request"": ""/api/internal/debug/exec"",
  ""tc_requestClientApplication"": ""Mozilla/5.0 (Macintosh; Intel Mac OS X 10_15_7) AppleWebKit/537.36 (KHTML, like Gecko) Chrome/152.0.0.0 Safari/537.36"",
  ""tc_src"": ""198.51.100.77"",
  ""tc_suser"": ""analyst01@lab.internal"",
  ""teiren_timestamp"": ""2026-10-15T05:07:11.960Z"",
  ""tenancy"": ""c0ffee12a1b24d6e9f0a1234567890ab""
}",2026-09-27 02:16:30.968
"{
  ""doc_id"": ""0137fdd0-ad3d-c6a2-46b0-b3ae4579341e"",
  ""system"": ""teiren_cloud"",
  ""t_event_id"": ""ACCOUNT-G001"",
  ""t_user_id"": ""98fdf34aeba0149327f7715ae84d8f2c464efdcafdf00d4dccc8fbaed8748ee1"",
  ""tag_name"": ""teiren_audit"",
  ""tc_act"": ""GENERAL_BAD_REQUEST"",
  ""tc_deviceProduct"": ""TEIREN_AUDIT"",
  ""tc_deviceVendor"": ""TEIREN"",
  ""tc_msg"": ""잘못된 요청입니다."",
  ""tc_request"": ""/api/internal/debug/exec"",
  ""tc_requestClientApplication"": ""Mozilla/5.0 (Macintosh; Intel Mac OS X 10_15_7) AppleWebKit/537.36 (KHTML, like Gecko) Chrome/152.0.0.0 Safari/537.36"",
  ""tc_src"": ""198.51.100.77"",
  ""tc_suser"": ""analyst01@lab.internal"",
  ""teiren_timestamp"": ""2026-10-15T05:07:22.960Z"",
  ""tenancy"": ""c0ffee12a1b24d6e9f0a1234567890ab""
}",2026-09-27 02:16:30.968
"{
  ""doc_id"": ""01b10a77-03ed-7e9c-d4fb-8c98ae7fd87e"",
  ""system"": ""teiren_cloud"",
  ""t_event_id"": ""ACCOUNT-G001"",
  ""t_user_id"": ""98fdf34aeba0149327f7715ae84d8f2c464efdcafdf00d4dccc8fbaed8748ee1"",
  ""tag_name"": ""teiren_audit"",
  ""tc_act"": ""GENERAL_BAD_REQUEST"",
  ""tc_deviceProduct"": ""TEIREN_AUDIT"",
  ""tc_deviceVendor"": ""TEIREN"",
  ""tc_msg"": ""잘못된 요청입니다."",
  ""tc_request"": ""/api/internal/debug/exec"",
  ""tc_requestClientApplication"": ""Mozilla/5.0 (Macintosh; Intel Mac OS X 10_15_7) AppleWebKit/537.36 (KHTML, like Gecko) Chrome/152.0.0.0 Safari/537.36"",
  ""tc_src"": ""198.51.100.77"",
  ""tc_suser"": ""analyst01@lab.internal"",
  ""teiren_timestamp"": ""2026-10-15T05:07:33.960Z"",
  ""tenancy"": ""c0ffee12a1b24d6e9f0a1234567890ab""
}",2026-09-27 02:16:30.968
"{
  ""doc_id"": ""011d8813-7537-1e18-af36-7a030caa6b36"",
  ""system"": ""teiren_cloud"",
  ""t_event_id"": ""ACCOUNT-G001"",
  ""t_user_id"": ""98fdf34aeba0149327f7715ae84d8f2c464efdcafdf00d4dccc8fbaed8748ee1"",
  ""tag_name"": ""teiren_audit"",
  ""tc_act"": ""GENERAL_BAD_REQUEST"",
  ""tc_deviceProduct"": ""TEIREN_AUDIT"",
  ""tc_deviceVendor"": ""TEIREN"",
  ""tc_msg"": ""잘못된 요청입니다."",
  ""tc_request"": ""/api/internal/debug/exec"",
  ""tc_requestClientApplication"": ""Mozilla/5.0 (Macintosh; Intel Mac OS X 10_15_7) AppleWebKit/537.36 (KHTML, like Gecko) Chrome/152.0.0.0 Safari/537.36"",
  ""tc_src"": ""198.51.100.77"",
  ""tc_suser"": ""analyst01@lab.internal"",
  ""teiren_timestamp"": ""2026-10-15T05:07:37.960Z"",
  ""tenancy"": ""c0ffee12a1b24d6e9f0a1234567890ab""
}",2026-09-27 02:16:30.968
"{
  ""doc_id"": ""01efed8e-417b-f314-beee-a7edac4fec87"",
  ""system"": ""teiren_cloud"",
  ""t_event_id"": ""ACCOUNT-G001"",
  ""t_user_id"": ""98fdf34aeba0149327f7715ae84d8f2c464efdcafdf00d4dccc8fbaed8748ee1"",
  ""tag_name"": ""teiren_audit"",
  ""tc_act"": ""GENERAL_BAD_REQUEST"",
  ""tc_deviceProduct"": ""TEIREN_AUDIT"",
  ""tc_deviceVendor"": ""TEIREN"",
  ""tc_msg"": ""잘못된 요청입니다."",
  ""tc_request"": ""/api/internal/debug/exec"",
  ""tc_requestClientApplication"": ""Mozilla/5.0 (Macintosh; Intel Mac OS X 10_15_7) AppleWebKit/537.36 (KHTML, like Gecko) Chrome/152.0.0.0 Safari/537.36"",
  ""tc_src"": ""198.51.100.77"",
  ""tc_suser"": ""analyst01@lab.internal"",
  ""teiren_timestamp"": ""2026-10-15T05:07:41.960Z"",
  ""tenancy"": ""c0ffee12a1b24d6e9f0a1234567890ab""
}",2026-09-27 02:16:30.968
"{
  ""doc_id"": ""01fefbf8-b85b-2806-2ad0-b4290a639842"",
  ""system"": ""teiren_cloud"",
  ""t_event_id"": ""ACCOUNT-G001"",
  ""t_user_id"": ""98fdf34aeba0149327f7715ae84d8f2c464efdcafdf00d4dccc8fbaed8748ee1"",
  ""tag_name"": ""teiren_audit"",
  ""tc_act"": ""GENERAL_BAD_REQUEST"",
  ""tc_deviceProduct"": ""TEIREN_AUDIT"",
  ""tc_deviceVendor"": ""TEIREN"",
  ""tc_msg"": ""잘못된 요청입니다."",
  ""tc_request"": ""/api/internal/debug/exec"",
  ""tc_requestClientApplication"": ""Mozilla/5.0 (Macintosh; Intel Mac OS X 10_15_7) AppleWebKit/537.36 (KHTML, like Gecko) Chrome/152.0.0.0 Safari/537.36"",
  ""tc_src"": ""198.51.100.77"",
  ""tc_suser"": ""analyst01@lab.internal"",
  ""teiren_timestamp"": ""2026-10-15T05:07:49.960Z"",
  ""tenancy"": ""c0ffee12a1b24d6e9f0a1234567890ab""
}",2026-09-27 02:16:30.968
"{
  ""doc_id"": ""01656ac7-32d1-84c8-4bfb-811885b7fc8b"",
  ""system"": ""teiren_cloud"",
  ""t_event_id"": ""ACCOUNT-G001"",
  ""t_user_id"": ""98fdf34aeba0149327f7715ae84d8f2c464efdcafdf00d4dccc8fbaed8748ee1"",
  ""tag_name"": ""teiren_audit"",
  ""tc_act"": ""GENERAL_BAD_REQUEST"",
  ""tc_deviceProduct"": ""TEIREN_AUDIT"",
  ""tc_deviceVendor"": ""TEIREN"",
  ""tc_msg"": ""잘못된 요청입니다."",
  ""tc_request"": ""/api/internal/debug/exec"",
  ""tc_requestClientApplication"": ""Mozilla/5.0 (Macintosh; Intel Mac OS X 10_15_7) AppleWebKit/537.36 (KHTML, like Gecko) Chrome/152.0.0.0 Safari/537.36"",
  ""tc_src"": ""198.51.100.77"",
  ""tc_suser"": ""analyst01@lab.internal"",
  ""teiren_timestamp"": ""2026-10-15T05:07:58.960Z"",
  ""tenancy"": ""c0ffee12a1b24d6e9f0a1234567890ab""
}",2026-09-27 02:16:30.968
"{
  ""doc_id"": ""01ce04ed-8826-d00b-5b92-10abba668a53"",
  ""system"": ""teiren_cloud"",
  ""t_event_id"": ""ACCOUNT-G001"",
  ""t_user_id"": ""98fdf34aeba0149327f7715ae84d8f2c464efdcafdf00d4dccc8fbaed8748ee1"",
  ""tag_name"": ""teiren_audit"",
  ""tc_act"": ""GENERAL_BAD_REQUEST"",
  ""tc_deviceProduct"": ""TEIREN_AUDIT"",
  ""tc_deviceVendor"": ""TEIREN"",
  ""tc_msg"": ""잘못된 요청입니다."",
  ""tc_request"": ""/api/internal/debug/exec"",
  ""tc_requestClientApplication"": ""Mozilla/5.0 (Macintosh; Intel Mac OS X 10_15_7) AppleWebKit/537.36 (KHTML, like Gecko) Chrome/152.0.0.0 Safari/537.36"",
  ""tc_src"": ""198.51.100.77"",
  ""tc_suser"": ""analyst01@lab.internal"",
  ""teiren_timestamp"": ""2026-10-15T05:08:05.960Z"",
  ""tenancy"": ""c0ffee12a1b24d6e9f0a1234567890ab""
}",2026-09-27 02:16:30.968
"{
  ""doc_id"": ""01864e4f-879d-73be-494d-e3ccbe74cf68"",
  ""system"": ""teiren_cloud"",
  ""t_event_id"": ""THREAT-S201"",
  ""t_user_id"": ""98fdf34aeba0149327f7715ae84d8f2c464efdcafdf00d4dccc8fbaed8748ee1"",
  ""tag_name"": ""teiren_audit"",
  ""tc_act"": ""DEBUG_EXEC"",
  ""tc_deviceProduct"": ""TEIREN_AUDIT"",
  ""tc_deviceVendor"": ""TEIREN"",
  ""tc_msg"": ""내부 디버그 실행 성공"",
  ""tc_request"": ""/api/internal/debug/exec"",
  ""tc_requestClientApplication"": ""Mozilla/5.0 (Macintosh; Intel Mac OS X 10_15_7) AppleWebKit/537.36 (KHTML, like Gecko) Chrome/152.0.0.0 Safari/537.36"",
  ""tc_src"": ""198.51.100.77"",
  ""tc_suser"": ""analyst01@lab.internal"",
  ""teiren_timestamp"": ""2026-10-15T05:08:14.960Z"",
  ""tenancy"": ""c0ffee12a1b24d6e9f0a1234567890ab""
}",2026-09-27 02:16:30.968
"{
  ""doc_id"": ""015698e5-d02e-001a-48e4-f5da999507f5"",
  ""system"": ""teiren_cloud"",
  ""t_event_id"": ""ACCOUNT-S505"",
  ""t_user_id"": ""98fdf34aeba0149327f7715ae84d8f2c464efdcafdf00d4dccc8fbaed8748ee1"",
  ""tag_name"": ""teiren_audit"",
  ""tc_act"": ""IAM_LOGIN_SUCCESS"",
  ""tc_deviceProduct"": ""TEIREN_AUDIT"",
  ""tc_deviceVendor"": ""TEIREN"",
  ""tc_msg"": ""IAM 계정 로그인 성공"",
  ""tc_request"": ""/api/account/login_sub_account"",
  ""tc_requestClientApplication"": ""Mozilla/5.0 (Macintosh; Intel Mac OS X 10_15_7) AppleWebKit/537.36 (KHTML, like Gecko) Chrome/152.0.0.0 Safari/537.36"",
  ""tc_src"": ""10.20.10.51"",
  ""tc_suser"": ""analyst01@lab.internal"",
  ""teiren_timestamp"": ""2026-10-15T07:07:16.748Z"",
  ""tenancy"": ""c0ffee12a1b24d6e9f0a1234567890ab""
}",2026-09-27 02:16:30.968
"{
  ""doc_id"": ""013178bc-e3b2-7ab6-2a3f-e06094a6747e"",
  ""system"": ""teiren_cloud"",
  ""t_event_id"": ""ACCOUNT-S801"",
  ""t_user_id"": ""98fdf34aeba0149327f7715ae84d8f2c464efdcafdf00d4dccc8fbaed8748ee1"",
  ""tag_name"": ""teiren_audit"",
  ""tc_act"": ""SESSION_REFRESH"",
  ""tc_deviceProduct"": ""TEIREN_AUDIT"",
  ""tc_deviceVendor"": ""TEIREN"",
  ""tc_msg"": ""세션 재발급 성공"",
  ""tc_request"": ""/api/account/refresh"",
  ""tc_requestClientApplication"": ""Mozilla/5.0 (Macintosh; Intel Mac OS X 10_15_7) AppleWebKit/537.36 (KHTML, like Gecko) Chrome/152.0.0.0 Safari/537.36"",
  ""tc_src"": ""10.20.10.51"",
  ""tc_suser"": ""analyst01@lab.internal"",
  ""teiren_timestamp"": ""2026-10-15T07:07:54.748Z"",
  ""tenancy"": ""c0ffee12a1b24d6e9f0a1234567890ab""
}",2026-09-27 02:16:30.968
"{
  ""doc_id"": ""0155c4c7-5412-459c-485b-0de5f9b16276"",
  ""system"": ""teiren_cloud"",
  ""t_event_id"": ""LOG-S301"",
  ""t_user_id"": ""98fdf34aeba0149327f7715ae84d8f2c464efdcafdf00d4dccc8fbaed8748ee1"",
  ""tag_name"": ""teiren_audit"",
  ""tc_act"": ""LOG_COLUMN_VIEW_UPDATE"",
  ""tc_deviceProduct"": ""TEIREN_AUDIT"",
  ""tc_deviceVendor"": ""TEIREN"",
  ""tc_msg"": ""로그 컬럼 보기 수정 성공"",
  ""tc_request"": ""/api/logs/column"",
  ""tc_requestClientApplication"": ""Mozilla/5.0 (Macintosh; Intel Mac OS X 10_15_7) AppleWebKit/537.36 (KHTML, like Gecko) Chrome/152.0.0.0 Safari/537.36"",
  ""tc_src"": ""10.20.10.51"",
  ""tc_suser"": ""analyst01@lab.internal"",
  ""teiren_timestamp"": ""2026-10-15T07:08:44.748Z"",
  ""tenancy"": ""c0ffee12a1b24d6e9f0a1234567890ab""
}",2026-09-27 02:16:30.968
"{
  ""doc_id"": ""01c0ac59-314e-0fdd-b17b-380e93c12591"",
  ""system"": ""teiren_cloud"",
  ""t_event_id"": ""ACCOUNT-S505"",
  ""t_user_id"": ""56a0f04a707318bc9f9edb47119ad8f4d863143a8a26e0cf4f692d612eb9817a"",
  ""tag_name"": ""teiren_audit"",
  ""tc_act"": ""IAM_LOGIN_SUCCESS"",
  ""tc_deviceProduct"": ""TEIREN_AUDIT"",
  ""tc_deviceVendor"": ""TEIREN"",
  ""tc_msg"": ""IAM 계정 로그인 성공"",
  ""tc_request"": ""/api/account/login_sub_account"",
  ""tc_requestClientApplication"": ""Mozilla/5.0 (Macintosh; Intel Mac OS X 10_15_7) AppleWebKit/537.36 (KHTML, like Gecko) Chrome/152.0.0.0 Safari/537.36"",
  ""tc_src"": ""10.20.10.12"",
  ""tc_suser"": ""dev02@lab.internal"",
  ""teiren_timestamp"": ""2026-10-15T07:48:49.146Z"",
  ""tenancy"": ""c0ffee12a1b24d6e9f0a1234567890ab""
}",2026-09-27 02:16:30.968
"{
  ""doc_id"": ""01d7f1fb-c48f-5c58-5eba-b1833c4955d2"",
  ""system"": ""teiren_cloud"",
  ""t_event_id"": ""ACCOUNT-S801"",
  ""t_user_id"": ""56a0f04a707318bc9f9edb47119ad8f4d863143a8a26e0cf4f692d612eb9817a"",
  ""tag_name"": ""teiren_audit"",
  ""tc_act"": ""SESSION_REFRESH"",
  ""tc_deviceProduct"": ""TEIREN_AUDIT"",
  ""tc_deviceVendor"": ""TEIREN"",
  ""tc_msg"": ""세션 재발급 성공"",
  ""tc_request"": ""/api/account/refresh"",
  ""tc_requestClientApplication"": ""Mozilla/5.0 (Macintosh; Intel Mac OS X 10_15_7) AppleWebKit/537.36 (KHTML, like Gecko) Chrome/152.0.0.0 Safari/537.36"",
  ""tc_src"": ""10.20.10.12"",
  ""tc_suser"": ""dev02@lab.internal"",
  ""teiren_timestamp"": ""2026-10-15T07:49:27.146Z"",
  ""tenancy"": ""c0ffee12a1b24d6e9f0a1234567890ab""
}",2026-09-27 02:16:30.968
"{
  ""doc_id"": ""016819bc-11bf-a586-90e3-85ad3bea73e0"",
  ""system"": ""teiren_cloud"",
  ""t_event_id"": ""DASHBOARD-S301"",
  ""t_user_id"": ""56a0f04a707318bc9f9edb47119ad8f4d863143a8a26e0cf4f692d612eb9817a"",
  ""tag_name"": ""teiren_audit"",
  ""tc_act"": ""DASHBOARD_LAYOUT_VIEW_UPDATE"",
  ""tc_deviceProduct"": ""TEIREN_AUDIT"",
  ""tc_deviceVendor"": ""TEIREN"",
  ""tc_msg"": ""대시보드 레이아웃 수정 성공"",
  ""tc_request"": ""/api/dashboard_info/layout"",
  ""tc_requestClientApplication"": ""Mozilla/5.0 (Macintosh; Intel Mac OS X 10_15_7) AppleWebKit/537.36 (KHTML, like Gecko) Chrome/152.0.0.0 Safari/537.36"",
  ""tc_src"": ""10.20.10.12"",
  ""tc_suser"": ""dev02@lab.internal"",
  ""teiren_timestamp"": ""2026-10-15T07:50:17.146Z"",
  ""tenancy"": ""c0ffee12a1b24d6e9f0a1234567890ab""
}",2026-09-27 02:16:30.968
"{
  ""doc_id"": ""01042647-c629-5d89-7688-76b91bcc3b8a"",
  ""system"": ""teiren_cloud"",
  ""t_event_id"": ""ACCOUNT-S505"",
  ""t_user_id"": ""56a0f04a707318bc9f9edb47119ad8f4d863143a8a26e0cf4f692d612eb9817a"",
  ""tag_name"": ""teiren_audit"",
  ""tc_act"": ""IAM_LOGIN_SUCCESS"",
  ""tc_deviceProduct"": ""TEIREN_AUDIT"",
  ""tc_deviceVendor"": ""TEIREN"",
  ""tc_msg"": ""IAM 계정 로그인 성공"",
  ""tc_request"": ""/api/account/login_sub_account"",
  ""tc_requestClientApplication"": ""Mozilla/5.0 (Macintosh; Intel Mac OS X 10_15_7) AppleWebKit/537.36 (KHTML, like Gecko) Chrome/152.0.0.0 Safari/537.36"",
  ""tc_src"": ""10.20.10.12"",
  ""tc_suser"": ""dev02@lab.internal"",
  ""teiren_timestamp"": ""2026-10-15T08:20:13.417Z"",
  ""tenancy"": ""c0ffee12a1b24d6e9f0a1234567890ab""
}",2026-09-27 02:16:30.968
"{
  ""doc_id"": ""01f849df-754b-5968-622c-892a913e47ed"",
  ""system"": ""teiren_cloud"",
  ""t_event_id"": ""ACCOUNT-S801"",
  ""t_user_id"": ""56a0f04a707318bc9f9edb47119ad8f4d863143a8a26e0cf4f692d612eb9817a"",
  ""tag_name"": ""teiren_audit"",
  ""tc_act"": ""SESSION_REFRESH"",
  ""tc_deviceProduct"": ""TEIREN_AUDIT"",
  ""tc_deviceVendor"": ""TEIREN"",
  ""tc_msg"": ""세션 재발급 성공"",
  ""tc_request"": ""/api/account/refresh"",
  ""tc_requestClientApplication"": ""Mozilla/5.0 (Macintosh; Intel Mac OS X 10_15_7) AppleWebKit/537.36 (KHTML, like Gecko) Chrome/152.0.0.0 Safari/537.36"",
  ""tc_src"": ""10.20.10.12"",
  ""tc_suser"": ""dev02@lab.internal"",
  ""teiren_timestamp"": ""2026-10-15T08:20:51.417Z"",
  ""tenancy"": ""c0ffee12a1b24d6e9f0a1234567890ab""
}",2026-09-27 02:16:30.968
"{
  ""doc_id"": ""017721ae-bdf6-745f-b95b-0bc11e17891a"",
  ""system"": ""teiren_cloud"",
  ""t_event_id"": ""DASHBOARD-S301"",
  ""t_user_id"": ""56a0f04a707318bc9f9edb47119ad8f4d863143a8a26e0cf4f692d612eb9817a"",
  ""tag_name"": ""teiren_audit"",
  ""tc_act"": ""DASHBOARD_LAYOUT_VIEW_UPDATE"",
  ""tc_deviceProduct"": ""TEIREN_AUDIT"",
  ""tc_deviceVendor"": ""TEIREN"",
  ""tc_msg"": ""대시보드 레이아웃 수정 성공"",
  ""tc_request"": ""/api/dashboard_info/layout"",
  ""tc_requestClientApplication"": ""Mozilla/5.0 (Macintosh; Intel Mac OS X 10_15_7) AppleWebKit/537.36 (KHTML, like Gecko) Chrome/152.0.0.0 Safari/537.36"",
  ""tc_src"": ""10.20.10.12"",
  ""tc_suser"": ""dev02@lab.internal"",
  ""teiren_timestamp"": ""2026-10-15T08:21:41.417Z"",
  ""tenancy"": ""c0ffee12a1b24d6e9f0a1234567890ab""
}",2026-09-27 02:16:30.968
"{
  ""doc_id"": ""01f77e39-e8d0-109b-9c78-794621eff768"",
  ""system"": ""teiren_cloud"",
  ""t_event_id"": ""ACCOUNT-S505"",
  ""t_user_id"": ""fb850da41982d343a8e8587be9997a2a3b7997720fd50bd9bb01e5ff8930cc79"",
  ""tag_name"": ""teiren_audit"",
  ""tc_act"": ""IAM_LOGIN_SUCCESS"",
  ""tc_deviceProduct"": ""TEIREN_AUDIT"",
  ""tc_deviceVendor"": ""TEIREN"",
  ""tc_msg"": ""IAM 계정 로그인 성공"",
  ""tc_request"": ""/api/account/login_sub_account"",
  ""tc_requestClientApplication"": ""Mozilla/5.0 (Macintosh; Intel Mac OS X 10_15_7) AppleWebKit/537.36 (KHTML, like Gecko) Chrome/152.0.0.0 Safari/537.36"",
  ""tc_src"": ""10.20.10.81"",
  ""tc_suser"": ""web01@lab.internal"",
  ""teiren_timestamp"": ""2026-10-15T09:19:52.891Z"",
  ""tenancy"": ""c0ffee12a1b24d6e9f0a1234567890ab""
}",2026-09-27 02:16:30.968
"{
  ""doc_id"": ""01490845-f9fb-28d8-5720-f3cbc568a052"",
  ""system"": ""teiren_cloud"",
  ""t_event_id"": ""ACCOUNT-S801"",
  ""t_user_id"": ""fb850da41982d343a8e8587be9997a2a3b7997720fd50bd9bb01e5ff8930cc79"",
  ""tag_name"": ""teiren_audit"",
  ""tc_act"": ""SESSION_REFRESH"",
  ""tc_deviceProduct"": ""TEIREN_AUDIT"",
  ""tc_deviceVendor"": ""TEIREN"",
  ""tc_msg"": ""세션 재발급 성공"",
  ""tc_request"": ""/api/account/refresh"",
  ""tc_requestClientApplication"": ""Mozilla/5.0 (Macintosh; Intel Mac OS X 10_15_7) AppleWebKit/537.36 (KHTML, like Gecko) Chrome/152.0.0.0 Safari/537.36"",
  ""tc_src"": ""10.20.10.81"",
  ""tc_suser"": ""web01@lab.internal"",
  ""teiren_timestamp"": ""2026-10-15T09:20:30.891Z"",
  ""tenancy"": ""c0ffee12a1b24d6e9f0a1234567890ab""
}",2026-09-27 02:16:30.968
"{
  ""doc_id"": ""01313784-ff31-e6e4-b99a-f2bcf3ca31a6"",
  ""system"": ""teiren_cloud"",
  ""t_event_id"": ""DASHBOARD-S301"",
  ""t_user_id"": ""fb850da41982d343a8e8587be9997a2a3b7997720fd50bd9bb01e5ff8930cc79"",
  ""tag_name"": ""teiren_audit"",
  ""tc_act"": ""DASHBOARD_LAYOUT_VIEW_UPDATE"",
  ""tc_deviceProduct"": ""TEIREN_AUDIT"",
  ""tc_deviceVendor"": ""TEIREN"",
  ""tc_msg"": ""대시보드 레이아웃 수정 성공"",
  ""tc_request"": ""/api/dashboard_info/layout"",
  ""tc_requestClientApplication"": ""Mozilla/5.0 (Macintosh; Intel Mac OS X 10_15_7) AppleWebKit/537.36 (KHTML, like Gecko) Chrome/152.0.0.0 Safari/537.36"",
  ""tc_src"": ""10.20.10.81"",
  ""tc_suser"": ""web01@lab.internal"",
  ""teiren_timestamp"": ""2026-10-15T09:21:20.891Z"",
  ""tenancy"": ""c0ffee12a1b24d6e9f0a1234567890ab""
}",2026-09-27 02:16:30.968
"{
  ""doc_id"": ""01f3208e-234d-b957-4437-b706a4cc3df7"",
  ""system"": ""teiren_cloud"",
  ""t_event_id"": ""ACCOUNT-S501"",
  ""t_user_id"": ""3fddc8f2cea3f9ec4c966cc6b114d23338e20b90ef0b0c2e2373049ff18193d9"",
  ""tag_name"": ""teiren_audit"",
  ""tc_act"": ""ROOT_LOGIN_NO_MFA"",
  ""tc_deviceProduct"": ""TEIREN_AUDIT"",
  ""tc_deviceVendor"": ""TEIREN"",
  ""tc_msg"": ""Root 계정 로그인 성공"",
  ""tc_request"": ""/api/account/login_root"",
  ""tc_requestClientApplication"": ""Mozilla/5.0 (Macintosh; Intel Mac OS X 10_15_7) AppleWebKit/537.36 (KHTML, like Gecko) Chrome/152.0.0.0 Safari/537.36"",
  ""tc_src"": ""10.20.10.71"",
  ""tc_suser"": ""admin01@lab.internal"",
  ""teiren_timestamp"": ""2026-10-16T00:41:04.633Z"",
  ""tenancy"": ""c0ffee12a1b24d6e9f0a1234567890ab""
}",2026-09-27 02:16:30.968
"{
  ""doc_id"": ""01a6a76b-0031-38e4-f9b9-959cf0381b1c"",
  ""system"": ""teiren_cloud"",
  ""t_event_id"": ""ACCOUNT-S801"",
  ""t_user_id"": ""3fddc8f2cea3f9ec4c966cc6b114d23338e20b90ef0b0c2e2373049ff18193d9"",
  ""tag_name"": ""teiren_audit"",
  ""tc_act"": ""SESSION_REFRESH"",
  ""tc_deviceProduct"": ""TEIREN_AUDIT"",
  ""tc_deviceVendor"": ""TEIREN"",
  ""tc_msg"": ""세션 재발급 성공"",
  ""tc_request"": ""/api/account/refresh"",
  ""tc_requestClientApplication"": ""Mozilla/5.0 (Macintosh; Intel Mac OS X 10_15_7) AppleWebKit/537.36 (KHTML, like Gecko) Chrome/152.0.0.0 Safari/537.36"",
  ""tc_src"": ""10.20.10.71"",
  ""tc_suser"": ""admin01@lab.internal"",
  ""teiren_timestamp"": ""2026-10-16T00:41:42.633Z"",
  ""tenancy"": ""c0ffee12a1b24d6e9f0a1234567890ab""
}",2026-09-27 02:16:30.968
"{
  ""doc_id"": ""01922a3d-cfd3-9eb6-3c1b-c140679a7ccc"",
  ""system"": ""teiren_cloud"",
  ""t_event_id"": ""DASHBOARD-S301"",
  ""t_user_id"": ""3fddc8f2cea3f9ec4c966cc6b114d23338e20b90ef0b0c2e2373049ff18193d9"",
  ""tag_name"": ""teiren_audit"",
  ""tc_act"": ""DASHBOARD_LAYOUT_VIEW_UPDATE"",
  ""tc_deviceProduct"": ""TEIREN_AUDIT"",
  ""tc_deviceVendor"": ""TEIREN"",
  ""tc_msg"": ""대시보드 레이아웃 수정 성공"",
  ""tc_request"": ""/api/dashboard_info/layout"",
  ""tc_requestClientApplication"": ""Mozilla/5.0 (Macintosh; Intel Mac OS X 10_15_7) AppleWebKit/537.36 (KHTML, like Gecko) Chrome/152.0.0.0 Safari/537.36"",
  ""tc_src"": ""10.20.10.71"",
  ""tc_suser"": ""admin01@lab.internal"",
  ""teiren_timestamp"": ""2026-10-16T00:42:32.633Z"",
  ""tenancy"": ""c0ffee12a1b24d6e9f0a1234567890ab""
}",2026-09-27 02:16:30.968
"{
  ""doc_id"": ""01ba23b7-49a2-1a34-e443-9bec883b98c7"",
  ""system"": ""teiren_cloud"",
  ""t_event_id"": ""ACCOUNT-S505"",
  ""t_user_id"": ""317f64abaa2282480082cb73a793fe857ccb3c4b3e1f0e5df2afb748e05ae9dd"",
  ""tag_name"": ""teiren_audit"",
  ""tc_act"": ""IAM_LOGIN_SUCCESS"",
  ""tc_deviceProduct"": ""TEIREN_AUDIT"",
  ""tc_deviceVendor"": ""TEIREN"",
  ""tc_msg"": ""IAM 계정 로그인 성공"",
  ""tc_request"": ""/api/account/login_sub_account"",
  ""tc_requestClientApplication"": ""Mozilla/5.0 (Macintosh; Intel Mac OS X 10_15_7) AppleWebKit/537.36 (KHTML, like Gecko) Chrome/152.0.0.0 Safari/537.36"",
  ""tc_src"": ""10.20.10.21"",
  ""tc_suser"": ""ops01@lab.internal"",
  ""teiren_timestamp"": ""2026-10-16T01:50:13.576Z"",
  ""tenancy"": ""c0ffee12a1b24d6e9f0a1234567890ab""
}",2026-09-27 02:16:30.968
"{
  ""doc_id"": ""01bd747f-6ca3-9aad-8706-d2823594d614"",
  ""system"": ""teiren_cloud"",
  ""t_event_id"": ""ACCOUNT-S801"",
  ""t_user_id"": ""317f64abaa2282480082cb73a793fe857ccb3c4b3e1f0e5df2afb748e05ae9dd"",
  ""tag_name"": ""teiren_audit"",
  ""tc_act"": ""SESSION_REFRESH"",
  ""tc_deviceProduct"": ""TEIREN_AUDIT"",
  ""tc_deviceVendor"": ""TEIREN"",
  ""tc_msg"": ""세션 재발급 성공"",
  ""tc_request"": ""/api/account/refresh"",
  ""tc_requestClientApplication"": ""Mozilla/5.0 (Macintosh; Intel Mac OS X 10_15_7) AppleWebKit/537.36 (KHTML, like Gecko) Chrome/152.0.0.0 Safari/537.36"",
  ""tc_src"": ""10.20.10.21"",
  ""tc_suser"": ""ops01@lab.internal"",
  ""teiren_timestamp"": ""2026-10-16T01:50:51.576Z"",
  ""tenancy"": ""c0ffee12a1b24d6e9f0a1234567890ab""
}",2026-09-27 02:16:30.968
"{
  ""doc_id"": ""01b95323-5dce-6b2c-1fbb-506566fa8e32"",
  ""system"": ""teiren_cloud"",
  ""t_event_id"": ""RESOURCE-S302"",
  ""t_user_id"": ""317f64abaa2282480082cb73a793fe857ccb3c4b3e1f0e5df2afb748e05ae9dd"",
  ""tag_name"": ""teiren_audit"",
  ""tc_act"": ""INTEGRATION_STATUS_UPDATE"",
  ""tc_deviceProduct"": ""TEIREN_AUDIT"",
  ""tc_deviceVendor"": ""TEIREN"",
  ""tc_msg"": ""연동 상태 수정 성공"",
  ""tc_request"": ""/api/resource/collect"",
  ""tc_requestClientApplication"": ""Mozilla/5.0 (Macintosh; Intel Mac OS X 10_15_7) AppleWebKit/537.36 (KHTML, like Gecko) Chrome/152.0.0.0 Safari/537.36"",
  ""tc_src"": ""10.20.10.21"",
  ""tc_suser"": ""ops01@lab.internal"",
  ""teiren_timestamp"": ""2026-10-16T01:51:41.576Z"",
  ""tenancy"": ""c0ffee12a1b24d6e9f0a1234567890ab""
}",2026-09-27 02:16:30.968
"{
  ""doc_id"": ""01974287-da90-7dd0-f490-4f77fc16b115"",
  ""system"": ""teiren_cloud"",
  ""t_event_id"": ""ACCOUNT-S505"",
  ""t_user_id"": ""317f64abaa2282480082cb73a793fe857ccb3c4b3e1f0e5df2afb748e05ae9dd"",
  ""tag_name"": ""teiren_audit"",
  ""tc_act"": ""IAM_LOGIN_SUCCESS"",
  ""tc_deviceProduct"": ""TEIREN_AUDIT"",
  ""tc_deviceVendor"": ""TEIREN"",
  ""tc_msg"": ""IAM 계정 로그인 성공"",
  ""tc_request"": ""/api/account/login_sub_account"",
  ""tc_requestClientApplication"": ""Mozilla/5.0 (Macintosh; Intel Mac OS X 10_15_7) AppleWebKit/537.36 (KHTML, like Gecko) Chrome/152.0.0.0 Safari/537.36"",
  ""tc_src"": ""10.20.10.21"",
  ""tc_suser"": ""ops01@lab.internal"",
  ""teiren_timestamp"": ""2026-10-16T02:08:23.086Z"",
  ""tenancy"": ""c0ffee12a1b24d6e9f0a1234567890ab""
}",2026-09-27 02:16:30.968
"{
  ""doc_id"": ""0106a3e2-0180-db78-60b8-6c3147de47d4"",
  ""system"": ""teiren_cloud"",
  ""t_event_id"": ""ACCOUNT-S801"",
  ""t_user_id"": ""317f64abaa2282480082cb73a793fe857ccb3c4b3e1f0e5df2afb748e05ae9dd"",
  ""tag_name"": ""teiren_audit"",
  ""tc_act"": ""SESSION_REFRESH"",
  ""tc_deviceProduct"": ""TEIREN_AUDIT"",
  ""tc_deviceVendor"": ""TEIREN"",
  ""tc_msg"": ""세션 재발급 성공"",
  ""tc_request"": ""/api/account/refresh"",
  ""tc_requestClientApplication"": ""Mozilla/5.0 (Macintosh; Intel Mac OS X 10_15_7) AppleWebKit/537.36 (KHTML, like Gecko) Chrome/152.0.0.0 Safari/537.36"",
  ""tc_src"": ""10.20.10.21"",
  ""tc_suser"": ""ops01@lab.internal"",
  ""teiren_timestamp"": ""2026-10-16T02:09:01.086Z"",
  ""tenancy"": ""c0ffee12a1b24d6e9f0a1234567890ab""
}",2026-09-27 02:16:30.968
"{
  ""doc_id"": ""01fdb139-6502-73b1-81ec-a365a73430cf"",
  ""system"": ""teiren_cloud"",
  ""t_event_id"": ""RESOURCE-S302"",
  ""t_user_id"": ""317f64abaa2282480082cb73a793fe857ccb3c4b3e1f0e5df2afb748e05ae9dd"",
  ""tag_name"": ""teiren_audit"",
  ""tc_act"": ""INTEGRATION_STATUS_UPDATE"",
  ""tc_deviceProduct"": ""TEIREN_AUDIT"",
  ""tc_deviceVendor"": ""TEIREN"",
  ""tc_msg"": ""연동 상태 수정 성공"",
  ""tc_request"": ""/api/resource/collect"",
  ""tc_requestClientApplication"": ""Mozilla/5.0 (Macintosh; Intel Mac OS X 10_15_7) AppleWebKit/537.36 (KHTML, like Gecko) Chrome/152.0.0.0 Safari/537.36"",
  ""tc_src"": ""10.20.10.21"",
  ""tc_suser"": ""ops01@lab.internal"",
  ""teiren_timestamp"": ""2026-10-16T02:09:51.086Z"",
  ""tenancy"": ""c0ffee12a1b24d6e9f0a1234567890ab""
}",2026-09-27 02:16:30.968
"{
  ""doc_id"": ""01bf3c3d-6581-89b9-b38a-f24fb8583ba3"",
  ""system"": ""teiren_cloud"",
  ""t_event_id"": ""ACCOUNT-S505"",
  ""t_user_id"": ""317f64abaa2282480082cb73a793fe857ccb3c4b3e1f0e5df2afb748e05ae9dd"",
  ""tag_name"": ""teiren_audit"",
  ""tc_act"": ""IAM_LOGIN_SUCCESS"",
  ""tc_deviceProduct"": ""TEIREN_AUDIT"",
  ""tc_deviceVendor"": ""TEIREN"",
  ""tc_msg"": ""IAM 계정 로그인 성공"",
  ""tc_request"": ""/api/account/login_sub_account"",
  ""tc_requestClientApplication"": ""Mozilla/5.0 (Macintosh; Intel Mac OS X 10_15_7) AppleWebKit/537.36 (KHTML, like Gecko) Chrome/152.0.0.0 Safari/537.36"",
  ""tc_src"": ""10.20.10.21"",
  ""tc_suser"": ""ops01@lab.internal"",
  ""teiren_timestamp"": ""2026-10-16T02:20:37.826Z"",
  ""tenancy"": ""c0ffee12a1b24d6e9f0a1234567890ab""
}",2026-09-27 02:16:30.968
"{
  ""doc_id"": ""018ac2ff-0814-1886-6aca-54037c5166e2"",
  ""system"": ""teiren_cloud"",
  ""t_event_id"": ""ACCOUNT-S801"",
  ""t_user_id"": ""317f64abaa2282480082cb73a793fe857ccb3c4b3e1f0e5df2afb748e05ae9dd"",
  ""tag_name"": ""teiren_audit"",
  ""tc_act"": ""SESSION_REFRESH"",
  ""tc_deviceProduct"": ""TEIREN_AUDIT"",
  ""tc_deviceVendor"": ""TEIREN"",
  ""tc_msg"": ""세션 재발급 성공"",
  ""tc_request"": ""/api/account/refresh"",
  ""tc_requestClientApplication"": ""Mozilla/5.0 (Macintosh; Intel Mac OS X 10_15_7) AppleWebKit/537.36 (KHTML, like Gecko) Chrome/152.0.0.0 Safari/537.36"",
  ""tc_src"": ""10.20.10.21"",
  ""tc_suser"": ""ops01@lab.internal"",
  ""teiren_timestamp"": ""2026-10-16T02:21:15.826Z"",
  ""tenancy"": ""c0ffee12a1b24d6e9f0a1234567890ab""
}",2026-09-27 02:16:30.968
"{
  ""doc_id"": ""012bd59e-a842-f0cd-b5fc-e8662fe35d1d"",
  ""system"": ""teiren_cloud"",
  ""t_event_id"": ""RESOURCE-S302"",
  ""t_user_id"": ""317f64abaa2282480082cb73a793fe857ccb3c4b3e1f0e5df2afb748e05ae9dd"",
  ""tag_name"": ""teiren_audit"",
  ""tc_act"": ""INTEGRATION_STATUS_UPDATE"",
  ""tc_deviceProduct"": ""TEIREN_AUDIT"",
  ""tc_deviceVendor"": ""TEIREN"",
  ""tc_msg"": ""연동 상태 수정 성공"",
  ""tc_request"": ""/api/resource/collect"",
  ""tc_requestClientApplication"": ""Mozilla/5.0 (Macintosh; Intel Mac OS X 10_15_7) AppleWebKit/537.36 (KHTML, like Gecko) Chrome/152.0.0.0 Safari/537.36"",
  ""tc_src"": ""10.20.10.21"",
  ""tc_suser"": ""ops01@lab.internal"",
  ""teiren_timestamp"": ""2026-10-16T02:22:05.826Z"",
  ""tenancy"": ""c0ffee12a1b24d6e9f0a1234567890ab""
}",2026-09-27 02:16:30.968
"{
  ""doc_id"": ""01de0070-cbbe-7809-6775-94d981f3f772"",
  ""system"": ""teiren_cloud"",
  ""t_event_id"": ""ACCOUNT-S505"",
  ""t_user_id"": ""fb850da41982d343a8e8587be9997a2a3b7997720fd50bd9bb01e5ff8930cc79"",
  ""tag_name"": ""teiren_audit"",
  ""tc_act"": ""IAM_LOGIN_SUCCESS"",
  ""tc_deviceProduct"": ""TEIREN_AUDIT"",
  ""tc_deviceVendor"": ""TEIREN"",
  ""tc_msg"": ""IAM 계정 로그인 성공"",
  ""tc_request"": ""/api/account/login_sub_account"",
  ""tc_requestClientApplication"": ""Mozilla/5.0 (Macintosh; Intel Mac OS X 10_15_7) AppleWebKit/537.36 (KHTML, like Gecko) Chrome/152.0.0.0 Safari/537.36"",
  ""tc_src"": ""10.20.10.81"",
  ""tc_suser"": ""web01@lab.internal"",
  ""teiren_timestamp"": ""2026-10-16T05:44:30.681Z"",
  ""tenancy"": ""c0ffee12a1b24d6e9f0a1234567890ab""
}",2026-09-27 02:16:30.968
"{
  ""doc_id"": ""017914d5-21b1-302b-8c65-60b9b0f4e893"",
  ""system"": ""teiren_cloud"",
  ""t_event_id"": ""ACCOUNT-S801"",
  ""t_user_id"": ""fb850da41982d343a8e8587be9997a2a3b7997720fd50bd9bb01e5ff8930cc79"",
  ""tag_name"": ""teiren_audit"",
  ""tc_act"": ""SESSION_REFRESH"",
  ""tc_deviceProduct"": ""TEIREN_AUDIT"",
  ""tc_deviceVendor"": ""TEIREN"",
  ""tc_msg"": ""세션 재발급 성공"",
  ""tc_request"": ""/api/account/refresh"",
  ""tc_requestClientApplication"": ""Mozilla/5.0 (Macintosh; Intel Mac OS X 10_15_7) AppleWebKit/537.36 (KHTML, like Gecko) Chrome/152.0.0.0 Safari/537.36"",
  ""tc_src"": ""10.20.10.81"",
  ""tc_suser"": ""web01@lab.internal"",
  ""teiren_timestamp"": ""2026-10-16T05:45:08.681Z"",
  ""tenancy"": ""c0ffee12a1b24d6e9f0a1234567890ab""
}",2026-09-27 02:16:30.968
"{
  ""doc_id"": ""017558c7-3516-24fe-695b-abc3c7efbf7e"",
  ""system"": ""teiren_cloud"",
  ""t_event_id"": ""DASHBOARD-S301"",
  ""t_user_id"": ""fb850da41982d343a8e8587be9997a2a3b7997720fd50bd9bb01e5ff8930cc79"",
  ""tag_name"": ""teiren_audit"",
  ""tc_act"": ""DASHBOARD_LAYOUT_VIEW_UPDATE"",
  ""tc_deviceProduct"": ""TEIREN_AUDIT"",
  ""tc_deviceVendor"": ""TEIREN"",
  ""tc_msg"": ""대시보드 레이아웃 수정 성공"",
  ""tc_request"": ""/api/dashboard_info/layout"",
  ""tc_requestClientApplication"": ""Mozilla/5.0 (Macintosh; Intel Mac OS X 10_15_7) AppleWebKit/537.36 (KHTML, like Gecko) Chrome/152.0.0.0 Safari/537.36"",
  ""tc_src"": ""10.20.10.81"",
  ""tc_suser"": ""web01@lab.internal"",
  ""teiren_timestamp"": ""2026-10-16T05:45:58.681Z"",
  ""tenancy"": ""c0ffee12a1b24d6e9f0a1234567890ab""
}",2026-09-27 02:16:30.968
"{
  ""doc_id"": ""010660e8-db06-6b88-a674-ef40e932b25b"",
  ""system"": ""teiren_cloud"",
  ""t_event_id"": ""ACCOUNT-S505"",
  ""t_user_id"": ""cf8ee8443091707b132a3d3be976b80f68a97126916762537a335e5a0bd02a4b"",
  ""tag_name"": ""teiren_audit"",
  ""tc_act"": ""IAM_LOGIN_SUCCESS"",
  ""tc_deviceProduct"": ""TEIREN_AUDIT"",
  ""tc_deviceVendor"": ""TEIREN"",
  ""tc_msg"": ""IAM 계정 로그인 성공"",
  ""tc_request"": ""/api/account/login_sub_account"",
  ""tc_requestClientApplication"": ""Mozilla/5.0 (Macintosh; Intel Mac OS X 10_15_7) AppleWebKit/537.36 (KHTML, like Gecko) Chrome/152.0.0.0 Safari/537.36"",
  ""tc_src"": ""10.20.10.22"",
  ""tc_suser"": ""ops02@lab.internal"",
  ""teiren_timestamp"": ""2026-10-16T06:09:57.214Z"",
  ""tenancy"": ""c0ffee12a1b24d6e9f0a1234567890ab""
}",2026-09-27 02:16:30.968
"{
  ""doc_id"": ""012ef471-f47f-45e4-4ec2-1a39a46d3d48"",
  ""system"": ""teiren_cloud"",
  ""t_event_id"": ""ACCOUNT-S801"",
  ""t_user_id"": ""cf8ee8443091707b132a3d3be976b80f68a97126916762537a335e5a0bd02a4b"",
  ""tag_name"": ""teiren_audit"",
  ""tc_act"": ""SESSION_REFRESH"",
  ""tc_deviceProduct"": ""TEIREN_AUDIT"",
  ""tc_deviceVendor"": ""TEIREN"",
  ""tc_msg"": ""세션 재발급 성공"",
  ""tc_request"": ""/api/account/refresh"",
  ""tc_requestClientApplication"": ""Mozilla/5.0 (Macintosh; Intel Mac OS X 10_15_7) AppleWebKit/537.36 (KHTML, like Gecko) Chrome/152.0.0.0 Safari/537.36"",
  ""tc_src"": ""10.20.10.22"",
  ""tc_suser"": ""ops02@lab.internal"",
  ""teiren_timestamp"": ""2026-10-16T06:10:35.214Z"",
  ""tenancy"": ""c0ffee12a1b24d6e9f0a1234567890ab""
}",2026-09-27 02:16:30.968
"{
  ""doc_id"": ""01e8c082-d9cb-d8b9-d17d-e01ef78bea4e"",
  ""system"": ""teiren_cloud"",
  ""t_event_id"": ""RESOURCE-S302"",
  ""t_user_id"": ""cf8ee8443091707b132a3d3be976b80f68a97126916762537a335e5a0bd02a4b"",
  ""tag_name"": ""teiren_audit"",
  ""tc_act"": ""INTEGRATION_STATUS_UPDATE"",
  ""tc_deviceProduct"": ""TEIREN_AUDIT"",
  ""tc_deviceVendor"": ""TEIREN"",
  ""tc_msg"": ""연동 상태 수정 성공"",
  ""tc_request"": ""/api/resource/collect"",
  ""tc_requestClientApplication"": ""Mozilla/5.0 (Macintosh; Intel Mac OS X 10_15_7) AppleWebKit/537.36 (KHTML, like Gecko) Chrome/152.0.0.0 Safari/537.36"",
  ""tc_src"": ""10.20.10.22"",
  ""tc_suser"": ""ops02@lab.internal"",
  ""teiren_timestamp"": ""2026-10-16T06:11:25.214Z"",
  ""tenancy"": ""c0ffee12a1b24d6e9f0a1234567890ab""
}",2026-09-27 02:16:30.968
"{
  ""doc_id"": ""01b2ef75-afca-ac70-c050-0fcea8103b75"",
  ""system"": ""teiren_cloud"",
  ""t_event_id"": ""ACCOUNT-S505"",
  ""t_user_id"": ""e4afab0fb14e16dc0d365415df887786ddc2a78cfa31e91ecd965540042f03ad"",
  ""tag_name"": ""teiren_audit"",
  ""tc_act"": ""IAM_LOGIN_SUCCESS"",
  ""tc_deviceProduct"": ""TEIREN_AUDIT"",
  ""tc_deviceVendor"": ""TEIREN"",
  ""tc_msg"": ""IAM 계정 로그인 성공"",
  ""tc_request"": ""/api/account/login_sub_account"",
  ""tc_requestClientApplication"": ""Mozilla/5.0 (Macintosh; Intel Mac OS X 10_15_7) AppleWebKit/537.36 (KHTML, like Gecko) Chrome/152.0.0.0 Safari/537.36"",
  ""tc_src"": ""10.20.10.61"",
  ""tc_suser"": ""intern01@lab.internal"",
  ""teiren_timestamp"": ""2026-10-16T06:14:31.654Z"",
  ""tenancy"": ""c0ffee12a1b24d6e9f0a1234567890ab""
}",2026-09-27 02:16:30.968
"{
  ""doc_id"": ""014bb5c5-2138-0fdf-463b-ec77eace2ebe"",
  ""system"": ""teiren_cloud"",
  ""t_event_id"": ""ACCOUNT-S801"",
  ""t_user_id"": ""e4afab0fb14e16dc0d365415df887786ddc2a78cfa31e91ecd965540042f03ad"",
  ""tag_name"": ""teiren_audit"",
  ""tc_act"": ""SESSION_REFRESH"",
  ""tc_deviceProduct"": ""TEIREN_AUDIT"",
  ""tc_deviceVendor"": ""TEIREN"",
  ""tc_msg"": ""세션 재발급 성공"",
  ""tc_request"": ""/api/account/refresh"",
  ""tc_requestClientApplication"": ""Mozilla/5.0 (Macintosh; Intel Mac OS X 10_15_7) AppleWebKit/537.36 (KHTML, like Gecko) Chrome/152.0.0.0 Safari/537.36"",
  ""tc_src"": ""10.20.10.61"",
  ""tc_suser"": ""intern01@lab.internal"",
  ""teiren_timestamp"": ""2026-10-16T06:15:09.654Z"",
  ""tenancy"": ""c0ffee12a1b24d6e9f0a1234567890ab""
}",2026-09-27 02:16:30.968
"{
  ""doc_id"": ""01afd17e-26bd-a814-294e-9abb5480185e"",
  ""system"": ""teiren_cloud"",
  ""t_event_id"": ""LOG-S301"",
  ""t_user_id"": ""e4afab0fb14e16dc0d365415df887786ddc2a78cfa31e91ecd965540042f03ad"",
  ""tag_name"": ""teiren_audit"",
  ""tc_act"": ""LOG_COLUMN_VIEW_UPDATE"",
  ""tc_deviceProduct"": ""TEIREN_AUDIT"",
  ""tc_deviceVendor"": ""TEIREN"",
  ""tc_msg"": ""로그 컬럼 보기 수정 성공"",
  ""tc_request"": ""/api/logs/column"",
  ""tc_requestClientApplication"": ""Mozilla/5.0 (Macintosh; Intel Mac OS X 10_15_7) AppleWebKit/537.36 (KHTML, like Gecko) Chrome/152.0.0.0 Safari/537.36"",
  ""tc_src"": ""10.20.10.61"",
  ""tc_suser"": ""intern01@lab.internal"",
  ""teiren_timestamp"": ""2026-10-16T06:15:59.654Z"",
  ""tenancy"": ""c0ffee12a1b24d6e9f0a1234567890ab""
}",2026-09-27 02:16:30.968
"{
  ""doc_id"": ""01c96e4b-291e-34c4-a284-927db76732da"",
  ""system"": ""teiren_cloud"",
  ""t_event_id"": ""ACCOUNT-S505"",
  ""t_user_id"": ""e4afab0fb14e16dc0d365415df887786ddc2a78cfa31e91ecd965540042f03ad"",
  ""tag_name"": ""teiren_audit"",
  ""tc_act"": ""IAM_LOGIN_SUCCESS"",
  ""tc_deviceProduct"": ""TEIREN_AUDIT"",
  ""tc_deviceVendor"": ""TEIREN"",
  ""tc_msg"": ""IAM 계정 로그인 성공"",
  ""tc_request"": ""/api/account/login_sub_account"",
  ""tc_requestClientApplication"": ""Mozilla/5.0 (Macintosh; Intel Mac OS X 10_15_7) AppleWebKit/537.36 (KHTML, like Gecko) Chrome/152.0.0.0 Safari/537.36"",
  ""tc_src"": ""10.20.10.61"",
  ""tc_suser"": ""intern01@lab.internal"",
  ""teiren_timestamp"": ""2026-10-16T06:18:25.340Z"",
  ""tenancy"": ""c0ffee12a1b24d6e9f0a1234567890ab""
}",2026-09-27 02:16:30.968
"{
  ""doc_id"": ""01e5b14e-ea5e-96eb-3307-28eaeca3a241"",
  ""system"": ""teiren_cloud"",
  ""t_event_id"": ""THREAT-S401"",
  ""t_user_id"": ""e4afab0fb14e16dc0d365415df887786ddc2a78cfa31e91ecd965540042f03ad"",
  ""tag_name"": ""teiren_audit"",
  ""tc_act"": ""RULE_DELETE"",
  ""tc_deviceProduct"": ""TEIREN_AUDIT"",
  ""tc_deviceVendor"": ""TEIREN"",
  ""tc_msg"": ""탐지 규칙 삭제 성공"",
  ""tc_request"": ""/api/threat/rule/exfil-watch"",
  ""tc_requestClientApplication"": ""Mozilla/5.0 (Macintosh; Intel Mac OS X 10_15_7) AppleWebKit/537.36 (KHTML, like Gecko) Chrome/152.0.0.0 Safari/537.36"",
  ""tc_src"": ""10.20.10.61"",
  ""tc_suser"": ""intern01@lab.internal"",
  ""teiren_timestamp"": ""2026-10-16T06:19:43.430Z"",
  ""tenancy"": ""c0ffee12a1b24d6e9f0a1234567890ab""
}",2026-09-27 02:16:30.968
"{
  ""doc_id"": ""014bd799-b5c6-f758-dcae-b3843be70619"",
  ""system"": ""teiren_cloud"",
  ""t_event_id"": ""THREAT-S401"",
  ""t_user_id"": ""e4afab0fb14e16dc0d365415df887786ddc2a78cfa31e91ecd965540042f03ad"",
  ""tag_name"": ""teiren_audit"",
  ""tc_act"": ""RULE_DELETE"",
  ""tc_deviceProduct"": ""TEIREN_AUDIT"",
  ""tc_deviceVendor"": ""TEIREN"",
  ""tc_msg"": ""탐지 규칙 삭제 성공"",
  ""tc_request"": ""/api/threat/rule/night-ssh"",
  ""tc_requestClientApplication"": ""Mozilla/5.0 (Macintosh; Intel Mac OS X 10_15_7) AppleWebKit/537.36 (KHTML, like Gecko) Chrome/152.0.0.0 Safari/537.36"",
  ""tc_src"": ""10.20.10.61"",
  ""tc_suser"": ""intern01@lab.internal"",
  ""teiren_timestamp"": ""2026-10-16T06:20:15.430Z"",
  ""tenancy"": ""c0ffee12a1b24d6e9f0a1234567890ab""
}",2026-09-27 02:16:30.968
"{
  ""doc_id"": ""01317f43-1941-668b-1db8-659287b98be1"",
  ""system"": ""teiren_cloud"",
  ""t_event_id"": ""ACCOUNT-S305"",
  ""t_user_id"": ""e4afab0fb14e16dc0d365415df887786ddc2a78cfa31e91ecd965540042f03ad"",
  ""tag_name"": ""teiren_audit"",
  ""tc_act"": ""IAM_POLICY_DETACH"",
  ""tc_deviceProduct"": ""TEIREN_AUDIT"",
  ""tc_deviceVendor"": ""TEIREN"",
  ""tc_msg"": ""계정 정책 해제 성공"",
  ""tc_request"": ""/api/account/sub_account/intern01/policy"",
  ""tc_requestClientApplication"": ""Mozilla/5.0 (Macintosh; Intel Mac OS X 10_15_7) AppleWebKit/537.36 (KHTML, like Gecko) Chrome/152.0.0.0 Safari/537.36"",
  ""tc_src"": ""10.20.10.61"",
  ""tc_suser"": ""intern01@lab.internal"",
  ""teiren_timestamp"": ""2026-10-16T06:20:47.430Z"",
  ""tenancy"": ""c0ffee12a1b24d6e9f0a1234567890ab""
}",2026-09-27 02:16:30.968
"{
  ""doc_id"": ""01aa3905-0dd6-5c27-5fe1-8bf5be9d1d5d"",
  ""system"": ""teiren_cloud"",
  ""t_event_id"": ""ACCOUNT-S403"",
  ""t_user_id"": ""e4afab0fb14e16dc0d365415df887786ddc2a78cfa31e91ecd965540042f03ad"",
  ""tag_name"": ""teiren_audit"",
  ""tc_act"": ""IAM_USER_DELETE"",
  ""tc_deviceProduct"": ""TEIREN_AUDIT"",
  ""tc_deviceVendor"": ""TEIREN"",
  ""tc_msg"": ""Sub Account 삭제 성공"",
  ""tc_request"": ""/api/account/sub_account/web01/detail"",
  ""tc_requestClientApplication"": ""Mozilla/5.0 (Macintosh; Intel Mac OS X 10_15_7) AppleWebKit/537.36 (KHTML, like Gecko) Chrome/152.0.0.0 Safari/537.36"",
  ""tc_src"": ""10.20.10.61"",
  ""tc_suser"": ""intern01@lab.internal"",
  ""teiren_timestamp"": ""2026-10-16T06:21:06.430Z"",
  ""tenancy"": ""c0ffee12a1b24d6e9f0a1234567890ab""
}",2026-09-27 02:16:30.968
"{
  ""doc_id"": ""01920416-0c50-6374-7c73-ca3e22da3a25"",
  ""system"": ""teiren_cloud"",
  ""t_event_id"": ""ACCOUNT-S505"",
  ""t_user_id"": ""56a0f04a707318bc9f9edb47119ad8f4d863143a8a26e0cf4f692d612eb9817a"",
  ""tag_name"": ""teiren_audit"",
  ""tc_act"": ""IAM_LOGIN_SUCCESS"",
  ""tc_deviceProduct"": ""TEIREN_AUDIT"",
  ""tc_deviceVendor"": ""TEIREN"",
  ""tc_msg"": ""IAM 계정 로그인 성공"",
  ""tc_request"": ""/api/account/login_sub_account"",
  ""tc_requestClientApplication"": ""Mozilla/5.0 (Macintosh; Intel Mac OS X 10_15_7) AppleWebKit/537.36 (KHTML, like Gecko) Chrome/152.0.0.0 Safari/537.36"",
  ""tc_src"": ""10.20.10.12"",
  ""tc_suser"": ""dev02@lab.internal"",
  ""teiren_timestamp"": ""2026-10-16T06:25:31.809Z"",
  ""tenancy"": ""c0ffee12a1b24d6e9f0a1234567890ab""
}",2026-09-27 02:16:30.968
"{
  ""doc_id"": ""010ec2e1-5531-3fca-7d8f-9fe7545c5eee"",
  ""system"": ""teiren_cloud"",
  ""t_event_id"": ""ACCOUNT-S801"",
  ""t_user_id"": ""56a0f04a707318bc9f9edb47119ad8f4d863143a8a26e0cf4f692d612eb9817a"",
  ""tag_name"": ""teiren_audit"",
  ""tc_act"": ""SESSION_REFRESH"",
  ""tc_deviceProduct"": ""TEIREN_AUDIT"",
  ""tc_deviceVendor"": ""TEIREN"",
  ""tc_msg"": ""세션 재발급 성공"",
  ""tc_request"": ""/api/account/refresh"",
  ""tc_requestClientApplication"": ""Mozilla/5.0 (Macintosh; Intel Mac OS X 10_15_7) AppleWebKit/537.36 (KHTML, like Gecko) Chrome/152.0.0.0 Safari/537.36"",
  ""tc_src"": ""10.20.10.12"",
  ""tc_suser"": ""dev02@lab.internal"",
  ""teiren_timestamp"": ""2026-10-16T06:26:09.809Z"",
  ""tenancy"": ""c0ffee12a1b24d6e9f0a1234567890ab""
}",2026-09-27 02:16:30.968
"{
  ""doc_id"": ""019c6f28-b047-c1d2-219f-0c976ccc60f9"",
  ""system"": ""teiren_cloud"",
  ""t_event_id"": ""DASHBOARD-S301"",
  ""t_user_id"": ""56a0f04a707318bc9f9edb47119ad8f4d863143a8a26e0cf4f692d612eb9817a"",
  ""tag_name"": ""teiren_audit"",
  ""tc_act"": ""DASHBOARD_LAYOUT_VIEW_UPDATE"",
  ""tc_deviceProduct"": ""TEIREN_AUDIT"",
  ""tc_deviceVendor"": ""TEIREN"",
  ""tc_msg"": ""대시보드 레이아웃 수정 성공"",
  ""tc_request"": ""/api/dashboard_info/layout"",
  ""tc_requestClientApplication"": ""Mozilla/5.0 (Macintosh; Intel Mac OS X 10_15_7) AppleWebKit/537.36 (KHTML, like Gecko) Chrome/152.0.0.0 Safari/537.36"",
  ""tc_src"": ""10.20.10.12"",
  ""tc_suser"": ""dev02@lab.internal"",
  ""teiren_timestamp"": ""2026-10-16T06:26:59.809Z"",
  ""tenancy"": ""c0ffee12a1b24d6e9f0a1234567890ab""
}",2026-09-27 02:16:30.968
"{
  ""doc_id"": ""0136c75b-0f40-33f0-c531-0bbbe82f71d4"",
  ""system"": ""teiren_cloud"",
  ""t_event_id"": ""ACCOUNT-S505"",
  ""t_user_id"": ""fe29336cd66e0e20c63728e9d736af8b3edf0f2d0a41f4cf932709c11c50d4a4"",
  ""tag_name"": ""teiren_audit"",
  ""tc_act"": ""IAM_LOGIN_SUCCESS"",
  ""tc_deviceProduct"": ""TEIREN_AUDIT"",
  ""tc_deviceVendor"": ""TEIREN"",
  ""tc_msg"": ""IAM 계정 로그인 성공"",
  ""tc_request"": ""/api/account/login_sub_account"",
  ""tc_requestClientApplication"": ""Mozilla/5.0 (Macintosh; Intel Mac OS X 10_15_7) AppleWebKit/537.36 (KHTML, like Gecko) Chrome/152.0.0.0 Safari/537.36"",
  ""tc_src"": ""10.20.10.11"",
  ""tc_suser"": ""dev01@lab.internal"",
  ""teiren_timestamp"": ""2026-10-16T06:28:58.239Z"",
  ""tenancy"": ""c0ffee12a1b24d6e9f0a1234567890ab""
}",2026-09-27 02:16:30.968
"{
  ""doc_id"": ""01874e9e-d478-8dbe-36ac-7267595a6acf"",
  ""system"": ""teiren_cloud"",
  ""t_event_id"": ""ACCOUNT-S801"",
  ""t_user_id"": ""fe29336cd66e0e20c63728e9d736af8b3edf0f2d0a41f4cf932709c11c50d4a4"",
  ""tag_name"": ""teiren_audit"",
  ""tc_act"": ""SESSION_REFRESH"",
  ""tc_deviceProduct"": ""TEIREN_AUDIT"",
  ""tc_deviceVendor"": ""TEIREN"",
  ""tc_msg"": ""세션 재발급 성공"",
  ""tc_request"": ""/api/account/refresh"",
  ""tc_requestClientApplication"": ""Mozilla/5.0 (Macintosh; Intel Mac OS X 10_15_7) AppleWebKit/537.36 (KHTML, like Gecko) Chrome/152.0.0.0 Safari/537.36"",
  ""tc_src"": ""10.20.10.11"",
  ""tc_suser"": ""dev01@lab.internal"",
  ""teiren_timestamp"": ""2026-10-16T06:29:36.239Z"",
  ""tenancy"": ""c0ffee12a1b24d6e9f0a1234567890ab""
}",2026-09-27 02:16:30.968
"{
  ""doc_id"": ""01e64fd6-6dbf-28d0-9ad4-923ca71768b2"",
  ""system"": ""teiren_cloud"",
  ""t_event_id"": ""DASHBOARD-S301"",
  ""t_user_id"": ""fe29336cd66e0e20c63728e9d736af8b3edf0f2d0a41f4cf932709c11c50d4a4"",
  ""tag_name"": ""teiren_audit"",
  ""tc_act"": ""DASHBOARD_LAYOUT_VIEW_UPDATE"",
  ""tc_deviceProduct"": ""TEIREN_AUDIT"",
  ""tc_deviceVendor"": ""TEIREN"",
  ""tc_msg"": ""대시보드 레이아웃 수정 성공"",
  ""tc_request"": ""/api/dashboard_info/layout"",
  ""tc_requestClientApplication"": ""Mozilla/5.0 (Macintosh; Intel Mac OS X 10_15_7) AppleWebKit/537.36 (KHTML, like Gecko) Chrome/152.0.0.0 Safari/537.36"",
  ""tc_src"": ""10.20.10.11"",
  ""tc_suser"": ""dev01@lab.internal"",
  ""teiren_timestamp"": ""2026-10-16T06:30:26.239Z"",
  ""tenancy"": ""c0ffee12a1b24d6e9f0a1234567890ab""
}",2026-09-27 02:16:30.968
"{
  ""doc_id"": ""01103e2d-ec93-29d2-b20b-95d9eef3520a"",
  ""system"": ""teiren_cloud"",
  ""t_event_id"": ""ACCOUNT-S505"",
  ""t_user_id"": ""56a0f04a707318bc9f9edb47119ad8f4d863143a8a26e0cf4f692d612eb9817a"",
  ""tag_name"": ""teiren_audit"",
  ""tc_act"": ""IAM_LOGIN_SUCCESS"",
  ""tc_deviceProduct"": ""TEIREN_AUDIT"",
  ""tc_deviceVendor"": ""TEIREN"",
  ""tc_msg"": ""IAM 계정 로그인 성공"",
  ""tc_request"": ""/api/account/login_sub_account"",
  ""tc_requestClientApplication"": ""Mozilla/5.0 (Macintosh; Intel Mac OS X 10_15_7) AppleWebKit/537.36 (KHTML, like Gecko) Chrome/152.0.0.0 Safari/537.36"",
  ""tc_src"": ""10.20.10.12"",
  ""tc_suser"": ""dev02@lab.internal"",
  ""teiren_timestamp"": ""2026-10-16T07:07:17.320Z"",
  ""tenancy"": ""c0ffee12a1b24d6e9f0a1234567890ab""
}",2026-09-27 02:16:30.968
"{
  ""doc_id"": ""01b0254b-3c8d-f91b-241b-0bff8874305d"",
  ""system"": ""teiren_cloud"",
  ""t_event_id"": ""ACCOUNT-S801"",
  ""t_user_id"": ""56a0f04a707318bc9f9edb47119ad8f4d863143a8a26e0cf4f692d612eb9817a"",
  ""tag_name"": ""teiren_audit"",
  ""tc_act"": ""SESSION_REFRESH"",
  ""tc_deviceProduct"": ""TEIREN_AUDIT"",
  ""tc_deviceVendor"": ""TEIREN"",
  ""tc_msg"": ""세션 재발급 성공"",
  ""tc_request"": ""/api/account/refresh"",
  ""tc_requestClientApplication"": ""Mozilla/5.0 (Macintosh; Intel Mac OS X 10_15_7) AppleWebKit/537.36 (KHTML, like Gecko) Chrome/152.0.0.0 Safari/537.36"",
  ""tc_src"": ""10.20.10.12"",
  ""tc_suser"": ""dev02@lab.internal"",
  ""teiren_timestamp"": ""2026-10-16T07:07:55.320Z"",
  ""tenancy"": ""c0ffee12a1b24d6e9f0a1234567890ab""
}",2026-09-27 02:16:30.968
"{
  ""doc_id"": ""01968187-d3ad-e233-6ce2-03cb7cc15423"",
  ""system"": ""teiren_cloud"",
  ""t_event_id"": ""DASHBOARD-S301"",
  ""t_user_id"": ""56a0f04a707318bc9f9edb47119ad8f4d863143a8a26e0cf4f692d612eb9817a"",
  ""tag_name"": ""teiren_audit"",
  ""tc_act"": ""DASHBOARD_LAYOUT_VIEW_UPDATE"",
  ""tc_deviceProduct"": ""TEIREN_AUDIT"",
  ""tc_deviceVendor"": ""TEIREN"",
  ""tc_msg"": ""대시보드 레이아웃 수정 성공"",
  ""tc_request"": ""/api/dashboard_info/layout"",
  ""tc_requestClientApplication"": ""Mozilla/5.0 (Macintosh; Intel Mac OS X 10_15_7) AppleWebKit/537.36 (KHTML, like Gecko) Chrome/152.0.0.0 Safari/537.36"",
  ""tc_src"": ""10.20.10.12"",
  ""tc_suser"": ""dev02@lab.internal"",
  ""teiren_timestamp"": ""2026-10-16T07:08:45.320Z"",
  ""tenancy"": ""c0ffee12a1b24d6e9f0a1234567890ab""
}",2026-09-27 02:16:30.968
"{
  ""doc_id"": ""01898293-1c94-5e2b-dbcd-eec1471a43ba"",
  ""system"": ""teiren_cloud"",
  ""t_event_id"": ""ACCOUNT-S505"",
  ""t_user_id"": ""98fdf34aeba0149327f7715ae84d8f2c464efdcafdf00d4dccc8fbaed8748ee1"",
  ""tag_name"": ""teiren_audit"",
  ""tc_act"": ""IAM_LOGIN_SUCCESS"",
  ""tc_deviceProduct"": ""TEIREN_AUDIT"",
  ""tc_deviceVendor"": ""TEIREN"",
  ""tc_msg"": ""IAM 계정 로그인 성공"",
  ""tc_request"": ""/api/account/login_sub_account"",
  ""tc_requestClientApplication"": ""Mozilla/5.0 (Macintosh; Intel Mac OS X 10_15_7) AppleWebKit/537.36 (KHTML, like Gecko) Chrome/152.0.0.0 Safari/537.36"",
  ""tc_src"": ""10.20.10.51"",
  ""tc_suser"": ""analyst01@lab.internal"",
  ""teiren_timestamp"": ""2026-10-16T07:22:47.588Z"",
  ""tenancy"": ""c0ffee12a1b24d6e9f0a1234567890ab""
}",2026-09-27 02:16:30.968
"{
  ""doc_id"": ""01f3278b-5761-1ad5-9336-0ba631cd9a01"",
  ""system"": ""teiren_cloud"",
  ""t_event_id"": ""ACCOUNT-S801"",
  ""t_user_id"": ""98fdf34aeba0149327f7715ae84d8f2c464efdcafdf00d4dccc8fbaed8748ee1"",
  ""tag_name"": ""teiren_audit"",
  ""tc_act"": ""SESSION_REFRESH"",
  ""tc_deviceProduct"": ""TEIREN_AUDIT"",
  ""tc_deviceVendor"": ""TEIREN"",
  ""tc_msg"": ""세션 재발급 성공"",
  ""tc_request"": ""/api/account/refresh"",
  ""tc_requestClientApplication"": ""Mozilla/5.0 (Macintosh; Intel Mac OS X 10_15_7) AppleWebKit/537.36 (KHTML, like Gecko) Chrome/152.0.0.0 Safari/537.36"",
  ""tc_src"": ""10.20.10.51"",
  ""tc_suser"": ""analyst01@lab.internal"",
  ""teiren_timestamp"": ""2026-10-16T07:23:25.588Z"",
  ""tenancy"": ""c0ffee12a1b24d6e9f0a1234567890ab""
}",2026-09-27 02:16:30.968
"{
  ""doc_id"": ""01153c9e-644d-2f4e-1ab8-8b0a534bd155"",
  ""system"": ""teiren_cloud"",
  ""t_event_id"": ""LOG-S301"",
  ""t_user_id"": ""98fdf34aeba0149327f7715ae84d8f2c464efdcafdf00d4dccc8fbaed8748ee1"",
  ""tag_name"": ""teiren_audit"",
  ""tc_act"": ""LOG_COLUMN_VIEW_UPDATE"",
  ""tc_deviceProduct"": ""TEIREN_AUDIT"",
  ""tc_deviceVendor"": ""TEIREN"",
  ""tc_msg"": ""로그 컬럼 보기 수정 성공"",
  ""tc_request"": ""/api/logs/column"",
  ""tc_requestClientApplication"": ""Mozilla/5.0 (Macintosh; Intel Mac OS X 10_15_7) AppleWebKit/537.36 (KHTML, like Gecko) Chrome/152.0.0.0 Safari/537.36"",
  ""tc_src"": ""10.20.10.51"",
  ""tc_suser"": ""analyst01@lab.internal"",
  ""teiren_timestamp"": ""2026-10-16T07:24:15.588Z"",
  ""tenancy"": ""c0ffee12a1b24d6e9f0a1234567890ab""
}",2026-09-27 02:16:30.968
